task_id,senior_status,issue_code,current_state,action,final_acceptance
retrieval-practice-generator__01,待核验,RUBRIC_RECOGNITION,revised_pending_acceptance,澄清多数回忆与少量有理由的辨认题，不再自相矛盾。,pending
retrieval-practice-generator__03,不通过,STAGE_LABEL,corrected_offline_checked,修正明确的本科/研究生、预科/本科、小学/中学标签错误。,pending
socratic-questioning-sequence-generator__02,待核验,OPEN_ENDED_TARGET,revised_pending_acceptance,允许有依据的不同结论，不预设负面情绪必然必要。,pending
socratic-questioning-sequence-generator__03,不通过,STAGE_LABEL,corrected_offline_checked,修正明确的本科/研究生、预科/本科、小学/中学标签错误。,pending
motivation-diagnostic-task-redesign__01,待核验,WEIGHT_POLICY,revised_pending_calibration,v3 明确保留评分项权重；扩展题采用新定义的等权检查项；旧分数不转换为新口径。,pending
motivation-diagnostic-task-redesign__02,待核验,WEIGHT_POLICY,revised_pending_calibration,v3 明确保留评分项权重；扩展题采用新定义的等权检查项；旧分数不转换为新口径。,pending
motivation-diagnostic-task-redesign__03,待核验,WEIGHT_POLICY,revised_pending_calibration,v3 明确保留评分项权重；扩展题采用新定义的等权检查项；旧分数不转换为新口径。,pending
self-efficacy-builder-sequence__01,待核验,WEIGHT_POLICY,revised_pending_calibration,v3 明确保留评分项权重；扩展题采用新定义的等权检查项；旧分数不转换为新口径。,pending
self-efficacy-builder-sequence__02,待核验,WEIGHT_POLICY,revised_pending_calibration,v3 明确保留评分项权重；扩展题采用新定义的等权检查项；旧分数不转换为新口径。,pending
self-efficacy-builder-sequence__03,待核验,WEIGHT_POLICY,revised_pending_calibration,v3 明确保留评分项权重；扩展题采用新定义的等权检查项；旧分数不转换为新口径。,pending
backwards-design-unit-planner__03,不通过,STAGE_LABEL,corrected_offline_checked,修正明确的本科/研究生、预科/本科、小学/中学标签错误。,pending
lesson-builder__01,不通过,STAGE_LABEL,corrected_offline_checked,修正明确的本科/研究生、预科/本科、小学/中学标签错误。,pending
lesson-builder__02,不通过,STAGE_LABEL,corrected_offline_checked,修正明确的本科/研究生、预科/本科、小学/中学标签错误。,pending
lesson-builder__02,不通过,VERIFY_SCOPE,revised_pending_acceptance,不确定事实须说明，允许等价措辞及省略非必要统计。,pending
lesson-builder__03,待核验,WEIGHT_POLICY,revised_pending_calibration,v3 明确保留评分项权重；扩展题采用新定义的等权检查项；旧分数不转换为新口径。,pending
adaptive-hint-sequence-designer__03,不通过,STAGE_LABEL,corrected_offline_checked,修正明确的本科/研究生、预科/本科、小学/中学标签错误。,pending
self-explanation-prompt-designer__03,不通过,PHYSICS_WORKED_EXAMPLE,corrected_numeric_checked,补方向与几何条件，磁通 0.008 Wb；电动势和电流大小仍为 0.12 V、0.06 A。,pending
emergent-project-design-scaffold__01,待核验,WEIGHT_POLICY,revised_pending_calibration,v3 明确保留评分项权重；扩展题采用新定义的等权检查项；旧分数不转换为新口径。,pending
emergent-project-design-scaffold__02,待核验,WEIGHT_POLICY,revised_pending_calibration,v3 明确保留评分项权重；扩展题采用新定义的等权检查项；旧分数不转换为新口径。,pending
emergent-project-design-scaffold__03,待核验,WEIGHT_POLICY,revised_pending_calibration,v3 明确保留评分项权重；扩展题采用新定义的等权检查项；旧分数不转换为新口径。,pending
spaced-practice-scheduler__03,不通过,STAGE_LABEL,corrected_offline_checked,修正明确的本科/研究生、预科/本科、小学/中学标签错误。,pending
lesson-builder__cn01_01,待核验,WEIGHT_POLICY,revised_pending_calibration,v3 明确保留评分项权重；扩展题采用新定义的等权检查项；旧分数不转换为新口径。,pending
lesson-builder__cn01_01,待核验,CN263_SEMANTIC_SOURCE_PENDING,partially_verified,中文问题已定位到本地原文件并核对文本；英文为明确修订版，独立双语语义验收及上游版本/授权仍待确认。,pending
lesson-builder__cn01_02,待核验,WEIGHT_POLICY,revised_pending_calibration,v3 明确保留评分项权重；扩展题采用新定义的等权检查项；旧分数不转换为新口径。,pending
lesson-builder__cn01_02,待核验,CN263_SEMANTIC_SOURCE_PENDING,partially_verified,中文问题已定位到本地原文件并核对文本；英文为明确修订版，独立双语语义验收及上游版本/授权仍待确认。,pending
lesson-builder__cn01_03,待核验,WEIGHT_POLICY,revised_pending_calibration,v3 明确保留评分项权重；扩展题采用新定义的等权检查项；旧分数不转换为新口径。,pending
lesson-builder__cn01_03,待核验,CN263_SEMANTIC_SOURCE_PENDING,partially_verified,中文问题已定位到本地原文件并核对文本；英文为明确修订版，独立双语语义验收及上游版本/授权仍待确认。,pending
lesson-builder__cn01_04,不通过,WEIGHT_POLICY,revised_pending_calibration,v3 明确保留评分项权重；扩展题采用新定义的等权检查项；旧分数不转换为新口径。,pending
lesson-builder__cn01_04,不通过,STAGE_LABEL,corrected_offline_checked,修正明确的本科/研究生、预科/本科、小学/中学标签错误。,pending
lesson-builder__cn01_04,不通过,CN263_SEMANTIC_SOURCE_PENDING,partially_verified,中文问题已定位到本地原文件并核对文本；英文为明确修订版，独立双语语义验收及上游版本/授权仍待确认。,pending
lesson-builder__cn01_05,待核验,WEIGHT_POLICY,revised_pending_calibration,v3 明确保留评分项权重；扩展题采用新定义的等权检查项；旧分数不转换为新口径。,pending
lesson-builder__cn01_05,待核验,CN263_SEMANTIC_SOURCE_PENDING,partially_verified,中文问题已定位到本地原文件并核对文本；英文为明确修订版，独立双语语义验收及上游版本/授权仍待确认。,pending
lesson-builder__cn01_06,待核验,WEIGHT_POLICY,revised_pending_calibration,v3 明确保留评分项权重；扩展题采用新定义的等权检查项；旧分数不转换为新口径。,pending
lesson-builder__cn01_06,待核验,CN263_SEMANTIC_SOURCE_PENDING,partially_verified,中文问题已定位到本地原文件并核对文本；英文为明确修订版，独立双语语义验收及上游版本/授权仍待确认。,pending
lesson-builder__cn01_07,待核验,WEIGHT_POLICY,revised_pending_calibration,v3 明确保留评分项权重；扩展题采用新定义的等权检查项；旧分数不转换为新口径。,pending
lesson-builder__cn01_07,待核验,CN263_SEMANTIC_SOURCE_PENDING,partially_verified,中文问题已定位到本地原文件并核对文本；英文为明确修订版，独立双语语义验收及上游版本/授权仍待确认。,pending
lesson-builder__cn01_08,待核验,WEIGHT_POLICY,revised_pending_calibration,v3 明确保留评分项权重；扩展题采用新定义的等权检查项；旧分数不转换为新口径。,pending
lesson-builder__cn01_08,待核验,CN263_SEMANTIC_SOURCE_PENDING,partially_verified,中文问题已定位到本地原文件并核对文本；英文为明确修订版，独立双语语义验收及上游版本/授权仍待确认。,pending
lesson-builder__cn01_09,待核验,WEIGHT_POLICY,revised_pending_calibration,v3 明确保留评分项权重；扩展题采用新定义的等权检查项；旧分数不转换为新口径。,pending
lesson-builder__cn01_09,待核验,CN263_SEMANTIC_SOURCE_PENDING,partially_verified,中文问题已定位到本地原文件并核对文本；英文为明确修订版，独立双语语义验收及上游版本/授权仍待确认。,pending
lesson-builder__cn01_10,不通过,WEIGHT_POLICY,revised_pending_calibration,v3 明确保留评分项权重；扩展题采用新定义的等权检查项；旧分数不转换为新口径。,pending
lesson-builder__cn01_10,不通过,STAGE_LABEL,corrected_offline_checked,修正明确的本科/研究生、预科/本科、小学/中学标签错误。,pending
lesson-builder__cn01_10,不通过,CN263_SEMANTIC_SOURCE_PENDING,partially_verified,中文问题已定位到本地原文件并核对文本；英文为明确修订版，独立双语语义验收及上游版本/授权仍待确认。,pending
lesson-builder__cn02_01,待核验,WEIGHT_POLICY,revised_pending_calibration,v3 明确保留评分项权重；扩展题采用新定义的等权检查项；旧分数不转换为新口径。,pending
lesson-builder__cn02_01,待核验,CN263_SEMANTIC_SOURCE_PENDING,partially_verified,中文问题已定位到本地原文件并核对文本；英文为明确修订版，独立双语语义验收及上游版本/授权仍待确认。,pending
lesson-builder__cn02_02,待核验,WEIGHT_POLICY,revised_pending_calibration,v3 明确保留评分项权重；扩展题采用新定义的等权检查项；旧分数不转换为新口径。,pending
lesson-builder__cn02_02,待核验,CN263_SEMANTIC_SOURCE_PENDING,partially_verified,中文问题已定位到本地原文件并核对文本；英文为明确修订版，独立双语语义验收及上游版本/授权仍待确认。,pending
lesson-builder__cn02_03,待核验,WEIGHT_POLICY,revised_pending_calibration,v3 明确保留评分项权重；扩展题采用新定义的等权检查项；旧分数不转换为新口径。,pending
lesson-builder__cn02_03,待核验,CN263_SEMANTIC_SOURCE_PENDING,partially_verified,中文问题已定位到本地原文件并核对文本；英文为明确修订版，独立双语语义验收及上游版本/授权仍待确认。,pending
lesson-builder__cn02_04,待核验,WEIGHT_POLICY,revised_pending_calibration,v3 明确保留评分项权重；扩展题采用新定义的等权检查项；旧分数不转换为新口径。,pending
lesson-builder__cn02_04,待核验,CN263_SEMANTIC_SOURCE_PENDING,partially_verified,中文问题已定位到本地原文件并核对文本；英文为明确修订版，独立双语语义验收及上游版本/授权仍待确认。,pending
lesson-builder__cn02_05,待核验,WEIGHT_POLICY,revised_pending_calibration,v3 明确保留评分项权重；扩展题采用新定义的等权检查项；旧分数不转换为新口径。,pending
lesson-builder__cn02_05,待核验,CN263_SEMANTIC_SOURCE_PENDING,partially_verified,中文问题已定位到本地原文件并核对文本；英文为明确修订版，独立双语语义验收及上游版本/授权仍待确认。,pending
lesson-builder__cn02_06,待核验,WEIGHT_POLICY,revised_pending_calibration,v3 明确保留评分项权重；扩展题采用新定义的等权检查项；旧分数不转换为新口径。,pending
lesson-builder__cn02_06,待核验,CN263_SEMANTIC_SOURCE_PENDING,partially_verified,中文问题已定位到本地原文件并核对文本；英文为明确修订版，独立双语语义验收及上游版本/授权仍待确认。,pending
lesson-builder__cn02_07,待核验,WEIGHT_POLICY,revised_pending_calibration,v3 明确保留评分项权重；扩展题采用新定义的等权检查项；旧分数不转换为新口径。,pending
lesson-builder__cn02_07,待核验,CN263_SEMANTIC_SOURCE_PENDING,partially_verified,中文问题已定位到本地原文件并核对文本；英文为明确修订版，独立双语语义验收及上游版本/授权仍待确认。,pending
lesson-builder__cn02_08,待核验,WEIGHT_POLICY,revised_pending_calibration,v3 明确保留评分项权重；扩展题采用新定义的等权检查项；旧分数不转换为新口径。,pending
lesson-builder__cn02_08,待核验,CN263_SEMANTIC_SOURCE_PENDING,partially_verified,中文问题已定位到本地原文件并核对文本；英文为明确修订版，独立双语语义验收及上游版本/授权仍待确认。,pending
lesson-builder__cn02_09,待核验,WEIGHT_POLICY,revised_pending_calibration,v3 明确保留评分项权重；扩展题采用新定义的等权检查项；旧分数不转换为新口径。,pending
lesson-builder__cn02_09,待核验,CN263_SEMANTIC_SOURCE_PENDING,partially_verified,中文问题已定位到本地原文件并核对文本；英文为明确修订版，独立双语语义验收及上游版本/授权仍待确认。,pending
lesson-builder__cn02_10,待核验,WEIGHT_POLICY,revised_pending_calibration,v3 明确保留评分项权重；扩展题采用新定义的等权检查项；旧分数不转换为新口径。,pending
lesson-builder__cn02_10,待核验,CN263_SEMANTIC_SOURCE_PENDING,partially_verified,中文问题已定位到本地原文件并核对文本；英文为明确修订版，独立双语语义验收及上游版本/授权仍待确认。,pending
lesson-builder__cn05_01,待核验,WEIGHT_POLICY,revised_pending_calibration,v3 明确保留评分项权重；扩展题采用新定义的等权检查项；旧分数不转换为新口径。,pending
lesson-builder__cn05_01,待核验,CN263_SEMANTIC_SOURCE_PENDING,partially_verified,中文问题已定位到本地原文件并核对文本；英文为明确修订版，独立双语语义验收及上游版本/授权仍待确认。,pending
lesson-builder__cn05_02,待核验,WEIGHT_POLICY,revised_pending_calibration,v3 明确保留评分项权重；扩展题采用新定义的等权检查项；旧分数不转换为新口径。,pending
lesson-builder__cn05_02,待核验,CN263_SEMANTIC_SOURCE_PENDING,partially_verified,中文问题已定位到本地原文件并核对文本；英文为明确修订版，独立双语语义验收及上游版本/授权仍待确认。,pending
lesson-builder__cn05_03,待核验,WEIGHT_POLICY,revised_pending_calibration,v3 明确保留评分项权重；扩展题采用新定义的等权检查项；旧分数不转换为新口径。,pending
lesson-builder__cn05_03,待核验,CN263_SEMANTIC_SOURCE_PENDING,partially_verified,中文问题已定位到本地原文件并核对文本；英文为明确修订版，独立双语语义验收及上游版本/授权仍待确认。,pending
lesson-builder__cn05_04,待核验,WEIGHT_POLICY,revised_pending_calibration,v3 明确保留评分项权重；扩展题采用新定义的等权检查项；旧分数不转换为新口径。,pending
lesson-builder__cn05_04,待核验,CN263_SEMANTIC_SOURCE_PENDING,partially_verified,中文问题已定位到本地原文件并核对文本；英文为明确修订版，独立双语语义验收及上游版本/授权仍待确认。,pending
lesson-builder__cn05_05,待核验,WEIGHT_POLICY,revised_pending_calibration,v3 明确保留评分项权重；扩展题采用新定义的等权检查项；旧分数不转换为新口径。,pending
lesson-builder__cn05_05,待核验,CN263_SEMANTIC_SOURCE_PENDING,partially_verified,中文问题已定位到本地原文件并核对文本；英文为明确修订版，独立双语语义验收及上游版本/授权仍待确认。,pending
lesson-builder__cn05_06,待核验,WEIGHT_POLICY,revised_pending_calibration,v3 明确保留评分项权重；扩展题采用新定义的等权检查项；旧分数不转换为新口径。,pending
lesson-builder__cn05_06,待核验,CN263_SEMANTIC_SOURCE_PENDING,partially_verified,中文问题已定位到本地原文件并核对文本；英文为明确修订版，独立双语语义验收及上游版本/授权仍待确认。,pending
lesson-builder__cn05_07,待核验,WEIGHT_POLICY,revised_pending_calibration,v3 明确保留评分项权重；扩展题采用新定义的等权检查项；旧分数不转换为新口径。,pending
lesson-builder__cn05_07,待核验,CN263_SEMANTIC_SOURCE_PENDING,partially_verified,中文问题已定位到本地原文件并核对文本；英文为明确修订版，独立双语语义验收及上游版本/授权仍待确认。,pending
lesson-builder__cn05_08,待核验,WEIGHT_POLICY,revised_pending_calibration,v3 明确保留评分项权重；扩展题采用新定义的等权检查项；旧分数不转换为新口径。,pending
lesson-builder__cn05_08,待核验,CN263_SEMANTIC_SOURCE_PENDING,partially_verified,中文问题已定位到本地原文件并核对文本；英文为明确修订版，独立双语语义验收及上游版本/授权仍待确认。,pending
lesson-builder__cn05_09,待核验,WEIGHT_POLICY,revised_pending_calibration,v3 明确保留评分项权重；扩展题采用新定义的等权检查项；旧分数不转换为新口径。,pending
lesson-builder__cn05_09,待核验,CN263_SEMANTIC_SOURCE_PENDING,partially_verified,中文问题已定位到本地原文件并核对文本；英文为明确修订版，独立双语语义验收及上游版本/授权仍待确认。,pending
lesson-builder__cn05_10,待核验,WEIGHT_POLICY,revised_pending_calibration,v3 明确保留评分项权重；扩展题采用新定义的等权检查项；旧分数不转换为新口径。,pending
lesson-builder__cn05_10,待核验,CN263_SEMANTIC_SOURCE_PENDING,partially_verified,中文问题已定位到本地原文件并核对文本；英文为明确修订版，独立双语语义验收及上游版本/授权仍待确认。,pending
differentiation-adapter__cn07_01,待核验,WEIGHT_POLICY,revised_pending_calibration,v3 明确保留评分项权重；扩展题采用新定义的等权检查项；旧分数不转换为新口径。,pending
differentiation-adapter__cn07_01,待核验,CN263_SEMANTIC_SOURCE_PENDING,partially_verified,中文问题已定位到本地原文件并核对文本；英文为明确修订版，独立双语语义验收及上游版本/授权仍待确认。,pending
differentiation-adapter__cn07_02,待核验,WEIGHT_POLICY,revised_pending_calibration,v3 明确保留评分项权重；扩展题采用新定义的等权检查项；旧分数不转换为新口径。,pending
differentiation-adapter__cn07_02,待核验,CN263_SEMANTIC_SOURCE_PENDING,partially_verified,中文问题已定位到本地原文件并核对文本；英文为明确修订版，独立双语语义验收及上游版本/授权仍待确认。,pending
differentiation-adapter__cn07_03,待核验,WEIGHT_POLICY,revised_pending_calibration,v3 明确保留评分项权重；扩展题采用新定义的等权检查项；旧分数不转换为新口径。,pending
differentiation-adapter__cn07_03,待核验,CN263_SEMANTIC_SOURCE_PENDING,partially_verified,中文问题已定位到本地原文件并核对文本；英文为明确修订版，独立双语语义验收及上游版本/授权仍待确认。,pending
differentiation-adapter__cn07_04,待核验,WEIGHT_POLICY,revised_pending_calibration,v3 明确保留评分项权重；扩展题采用新定义的等权检查项；旧分数不转换为新口径。,pending
differentiation-adapter__cn07_04,待核验,CN263_SEMANTIC_SOURCE_PENDING,partially_verified,中文问题已定位到本地原文件并核对文本；英文为明确修订版，独立双语语义验收及上游版本/授权仍待确认。,pending
differentiation-adapter__cn07_05,待核验,WEIGHT_POLICY,revised_pending_calibration,v3 明确保留评分项权重；扩展题采用新定义的等权检查项；旧分数不转换为新口径。,pending
differentiation-adapter__cn07_05,待核验,CN263_SEMANTIC_SOURCE_PENDING,partially_verified,中文问题已定位到本地原文件并核对文本；英文为明确修订版，独立双语语义验收及上游版本/授权仍待确认。,pending
differentiation-adapter__cn07_06,待核验,WEIGHT_POLICY,revised_pending_calibration,v3 明确保留评分项权重；扩展题采用新定义的等权检查项；旧分数不转换为新口径。,pending
differentiation-adapter__cn07_06,待核验,CN263_SEMANTIC_SOURCE_PENDING,partially_verified,中文问题已定位到本地原文件并核对文本；英文为明确修订版，独立双语语义验收及上游版本/授权仍待确认。,pending
differentiation-adapter__cn07_07,待核验,WEIGHT_POLICY,revised_pending_calibration,v3 明确保留评分项权重；扩展题采用新定义的等权检查项；旧分数不转换为新口径。,pending
differentiation-adapter__cn07_07,待核验,CN263_SEMANTIC_SOURCE_PENDING,partially_verified,中文问题已定位到本地原文件并核对文本；英文为明确修订版，独立双语语义验收及上游版本/授权仍待确认。,pending
differentiation-adapter__cn07_08,待核验,WEIGHT_POLICY,revised_pending_calibration,v3 明确保留评分项权重；扩展题采用新定义的等权检查项；旧分数不转换为新口径。,pending
differentiation-adapter__cn07_08,待核验,CN263_SEMANTIC_SOURCE_PENDING,partially_verified,中文问题已定位到本地原文件并核对文本；英文为明确修订版，独立双语语义验收及上游版本/授权仍待确认。,pending
differentiation-adapter__cn07_09,待核验,WEIGHT_POLICY,revised_pending_calibration,v3 明确保留评分项权重；扩展题采用新定义的等权检查项；旧分数不转换为新口径。,pending
differentiation-adapter__cn07_09,待核验,CN263_SEMANTIC_SOURCE_PENDING,partially_verified,中文问题已定位到本地原文件并核对文本；英文为明确修订版，独立双语语义验收及上游版本/授权仍待确认。,pending
differentiation-adapter__cn07_10,待核验,WEIGHT_POLICY,revised_pending_calibration,v3 明确保留评分项权重；扩展题采用新定义的等权检查项；旧分数不转换为新口径。,pending
differentiation-adapter__cn07_10,待核验,MISSING_REVIEW_OBJECT,reframed_conditionally,题面明确未附完整方案；要求指出所缺信息和条件性审查，不允许认证未知方案。,pending
differentiation-adapter__cn07_10,待核验,CN263_SEMANTIC_SOURCE_PENDING,partially_verified,中文问题已定位到本地原文件并核对文本；英文为明确修订版，独立双语语义验收及上游版本/授权仍待确认。,pending
lesson-builder__cn18_01,待核验,WEIGHT_POLICY,revised_pending_calibration,v3 明确保留评分项权重；扩展题采用新定义的等权检查项；旧分数不转换为新口径。,pending
lesson-builder__cn18_01,待核验,CN263_SEMANTIC_SOURCE_PENDING,partially_verified,中文问题已定位到本地原文件并核对文本；英文为明确修订版，独立双语语义验收及上游版本/授权仍待确认。,pending
lesson-builder__cn18_02,待核验,WEIGHT_POLICY,revised_pending_calibration,v3 明确保留评分项权重；扩展题采用新定义的等权检查项；旧分数不转换为新口径。,pending
lesson-builder__cn18_02,待核验,CN263_SEMANTIC_SOURCE_PENDING,partially_verified,中文问题已定位到本地原文件并核对文本；英文为明确修订版，独立双语语义验收及上游版本/授权仍待确认。,pending
lesson-builder__cn18_03,待核验,WEIGHT_POLICY,revised_pending_calibration,v3 明确保留评分项权重；扩展题采用新定义的等权检查项；旧分数不转换为新口径。,pending
lesson-builder__cn18_03,待核验,CN263_SEMANTIC_SOURCE_PENDING,partially_verified,中文问题已定位到本地原文件并核对文本；英文为明确修订版，独立双语语义验收及上游版本/授权仍待确认。,pending
lesson-builder__cn18_04,待核验,WEIGHT_POLICY,revised_pending_calibration,v3 明确保留评分项权重；扩展题采用新定义的等权检查项；旧分数不转换为新口径。,pending
lesson-builder__cn18_04,待核验,CN263_SEMANTIC_SOURCE_PENDING,partially_verified,中文问题已定位到本地原文件并核对文本；英文为明确修订版，独立双语语义验收及上游版本/授权仍待确认。,pending
lesson-builder__cn18_05,待核验,WEIGHT_POLICY,revised_pending_calibration,v3 明确保留评分项权重；扩展题采用新定义的等权检查项；旧分数不转换为新口径。,pending
lesson-builder__cn18_05,待核验,CN263_SEMANTIC_SOURCE_PENDING,partially_verified,中文问题已定位到本地原文件并核对文本；英文为明确修订版，独立双语语义验收及上游版本/授权仍待确认。,pending
lesson-builder__cn18_06,待核验,WEIGHT_POLICY,revised_pending_calibration,v3 明确保留评分项权重；扩展题采用新定义的等权检查项；旧分数不转换为新口径。,pending
lesson-builder__cn18_06,待核验,CN263_SEMANTIC_SOURCE_PENDING,partially_verified,中文问题已定位到本地原文件并核对文本；英文为明确修订版，独立双语语义验收及上游版本/授权仍待确认。,pending
lesson-builder__cn18_07,待核验,WEIGHT_POLICY,revised_pending_calibration,v3 明确保留评分项权重；扩展题采用新定义的等权检查项；旧分数不转换为新口径。,pending
lesson-builder__cn18_07,待核验,CN263_SEMANTIC_SOURCE_PENDING,partially_verified,中文问题已定位到本地原文件并核对文本；英文为明确修订版，独立双语语义验收及上游版本/授权仍待确认。,pending
lesson-builder__cn18_08,待核验,WEIGHT_POLICY,revised_pending_calibration,v3 明确保留评分项权重；扩展题采用新定义的等权检查项；旧分数不转换为新口径。,pending
lesson-builder__cn18_08,待核验,CN263_SEMANTIC_SOURCE_PENDING,partially_verified,中文问题已定位到本地原文件并核对文本；英文为明确修订版，独立双语语义验收及上游版本/授权仍待确认。,pending
lesson-builder__cn18_09,待核验,WEIGHT_POLICY,revised_pending_calibration,v3 明确保留评分项权重；扩展题采用新定义的等权检查项；旧分数不转换为新口径。,pending
lesson-builder__cn18_09,待核验,CN263_SEMANTIC_SOURCE_PENDING,partially_verified,中文问题已定位到本地原文件并核对文本；英文为明确修订版，独立双语语义验收及上游版本/授权仍待确认。,pending
lesson-builder__cn18_10,不通过,WEIGHT_POLICY,revised_pending_calibration,v3 明确保留评分项权重；扩展题采用新定义的等权检查项；旧分数不转换为新口径。,pending
lesson-builder__cn18_10,不通过,MISSING_REVIEW_OBJECT,reframed_conditionally,题面明确未附完整方案；要求指出所缺信息和条件性审查，不允许认证未知方案。,pending
lesson-builder__cn18_10,不通过,CN263_SEMANTIC_SOURCE_PENDING,partially_verified,中文问题已定位到本地原文件并核对文本；英文为明确修订版，独立双语语义验收及上游版本/授权仍待确认。,pending
lesson-builder__cn21_01,待核验,WEIGHT_POLICY,revised_pending_calibration,v3 明确保留评分项权重；扩展题采用新定义的等权检查项；旧分数不转换为新口径。,pending
lesson-builder__cn21_01,待核验,OUTCOME_OBSERVABILITY,revised_pending_acceptance,改为检查方案是否有可行机制和验证办法，不要求证明未观察的长期效果。,pending
lesson-builder__cn21_01,待核验,CN263_SEMANTIC_SOURCE_PENDING,partially_verified,中文问题已定位到本地原文件并核对文本；英文为明确修订版，独立双语语义验收及上游版本/授权仍待确认。,pending
lesson-builder__cn21_02,待核验,WEIGHT_POLICY,revised_pending_calibration,v3 明确保留评分项权重；扩展题采用新定义的等权检查项；旧分数不转换为新口径。,pending
lesson-builder__cn21_02,待核验,OUTCOME_OBSERVABILITY,revised_pending_acceptance,改为检查方案是否有可行机制和验证办法，不要求证明未观察的长期效果。,pending
lesson-builder__cn21_02,待核验,CN263_SEMANTIC_SOURCE_PENDING,partially_verified,中文问题已定位到本地原文件并核对文本；英文为明确修订版，独立双语语义验收及上游版本/授权仍待确认。,pending
lesson-builder__cn21_03,待核验,WEIGHT_POLICY,revised_pending_calibration,v3 明确保留评分项权重；扩展题采用新定义的等权检查项；旧分数不转换为新口径。,pending
lesson-builder__cn21_03,待核验,OUTCOME_OBSERVABILITY,revised_pending_acceptance,改为检查方案是否有可行机制和验证办法，不要求证明未观察的长期效果。,pending
lesson-builder__cn21_03,待核验,CN263_SEMANTIC_SOURCE_PENDING,partially_verified,中文问题已定位到本地原文件并核对文本；英文为明确修订版，独立双语语义验收及上游版本/授权仍待确认。,pending
lesson-builder__cn21_04,待核验,WEIGHT_POLICY,revised_pending_calibration,v3 明确保留评分项权重；扩展题采用新定义的等权检查项；旧分数不转换为新口径。,pending
lesson-builder__cn21_04,待核验,OUTCOME_OBSERVABILITY,revised_pending_acceptance,改为检查方案是否有可行机制和验证办法，不要求证明未观察的长期效果。,pending
lesson-builder__cn21_04,待核验,CN263_SEMANTIC_SOURCE_PENDING,partially_verified,中文问题已定位到本地原文件并核对文本；英文为明确修订版，独立双语语义验收及上游版本/授权仍待确认。,pending
lesson-builder__cn21_05,待核验,WEIGHT_POLICY,revised_pending_calibration,v3 明确保留评分项权重；扩展题采用新定义的等权检查项；旧分数不转换为新口径。,pending
lesson-builder__cn21_05,待核验,OUTCOME_OBSERVABILITY,revised_pending_acceptance,改为检查方案是否有可行机制和验证办法，不要求证明未观察的长期效果。,pending
lesson-builder__cn21_05,待核验,CN263_SEMANTIC_SOURCE_PENDING,partially_verified,中文问题已定位到本地原文件并核对文本；英文为明确修订版，独立双语语义验收及上游版本/授权仍待确认。,pending
lesson-builder__cn21_06,待核验,WEIGHT_POLICY,revised_pending_calibration,v3 明确保留评分项权重；扩展题采用新定义的等权检查项；旧分数不转换为新口径。,pending
lesson-builder__cn21_06,待核验,OUTCOME_OBSERVABILITY,revised_pending_acceptance,改为检查方案是否有可行机制和验证办法，不要求证明未观察的长期效果。,pending
lesson-builder__cn21_06,待核验,CN263_SEMANTIC_SOURCE_PENDING,partially_verified,中文问题已定位到本地原文件并核对文本；英文为明确修订版，独立双语语义验收及上游版本/授权仍待确认。,pending
lesson-builder__cn21_07,待核验,WEIGHT_POLICY,revised_pending_calibration,v3 明确保留评分项权重；扩展题采用新定义的等权检查项；旧分数不转换为新口径。,pending
lesson-builder__cn21_07,待核验,OUTCOME_OBSERVABILITY,revised_pending_acceptance,改为检查方案是否有可行机制和验证办法，不要求证明未观察的长期效果。,pending
lesson-builder__cn21_07,待核验,CN263_SEMANTIC_SOURCE_PENDING,partially_verified,中文问题已定位到本地原文件并核对文本；英文为明确修订版，独立双语语义验收及上游版本/授权仍待确认。,pending
lesson-builder__cn21_08,待核验,WEIGHT_POLICY,revised_pending_calibration,v3 明确保留评分项权重；扩展题采用新定义的等权检查项；旧分数不转换为新口径。,pending
lesson-builder__cn21_08,待核验,OUTCOME_OBSERVABILITY,revised_pending_acceptance,改为检查方案是否有可行机制和验证办法，不要求证明未观察的长期效果。,pending
lesson-builder__cn21_08,待核验,CN263_SEMANTIC_SOURCE_PENDING,partially_verified,中文问题已定位到本地原文件并核对文本；英文为明确修订版，独立双语语义验收及上游版本/授权仍待确认。,pending
lesson-builder__cn21_09,待核验,WEIGHT_POLICY,revised_pending_calibration,v3 明确保留评分项权重；扩展题采用新定义的等权检查项；旧分数不转换为新口径。,pending
lesson-builder__cn21_09,待核验,OUTCOME_OBSERVABILITY,revised_pending_acceptance,改为检查方案是否有可行机制和验证办法，不要求证明未观察的长期效果。,pending
lesson-builder__cn21_09,待核验,CN263_SEMANTIC_SOURCE_PENDING,partially_verified,中文问题已定位到本地原文件并核对文本；英文为明确修订版，独立双语语义验收及上游版本/授权仍待确认。,pending
lesson-builder__cn21_10,不通过,WEIGHT_POLICY,revised_pending_calibration,v3 明确保留评分项权重；扩展题采用新定义的等权检查项；旧分数不转换为新口径。,pending
lesson-builder__cn21_10,不通过,MISSING_REVIEW_OBJECT,reframed_conditionally,题面明确未附完整方案；要求指出所缺信息和条件性审查，不允许认证未知方案。,pending
lesson-builder__cn21_10,不通过,OUTCOME_OBSERVABILITY,revised_pending_acceptance,改为检查方案是否有可行机制和验证办法，不要求证明未观察的长期效果。,pending
lesson-builder__cn21_10,不通过,CN263_SEMANTIC_SOURCE_PENDING,partially_verified,中文问题已定位到本地原文件并核对文本；英文为明确修订版，独立双语语义验收及上游版本/授权仍待确认。,pending
lesson-builder__cn22_01,待核验,WEIGHT_POLICY,revised_pending_calibration,v3 明确保留评分项权重；扩展题采用新定义的等权检查项；旧分数不转换为新口径。,pending
lesson-builder__cn22_01,待核验,CN263_SEMANTIC_SOURCE_PENDING,partially_verified,中文问题已定位到本地原文件并核对文本；英文为明确修订版，独立双语语义验收及上游版本/授权仍待确认。,pending
lesson-builder__cn22_02,待核验,WEIGHT_POLICY,revised_pending_calibration,v3 明确保留评分项权重；扩展题采用新定义的等权检查项；旧分数不转换为新口径。,pending
lesson-builder__cn22_02,待核验,CN263_SEMANTIC_SOURCE_PENDING,partially_verified,中文问题已定位到本地原文件并核对文本；英文为明确修订版，独立双语语义验收及上游版本/授权仍待确认。,pending
lesson-builder__cn22_03,待核验,WEIGHT_POLICY,revised_pending_calibration,v3 明确保留评分项权重；扩展题采用新定义的等权检查项；旧分数不转换为新口径。,pending
lesson-builder__cn22_03,待核验,CN263_SEMANTIC_SOURCE_PENDING,partially_verified,中文问题已定位到本地原文件并核对文本；英文为明确修订版，独立双语语义验收及上游版本/授权仍待确认。,pending
lesson-builder__cn22_04,待核验,WEIGHT_POLICY,revised_pending_calibration,v3 明确保留评分项权重；扩展题采用新定义的等权检查项；旧分数不转换为新口径。,pending
lesson-builder__cn22_04,待核验,CN263_SEMANTIC_SOURCE_PENDING,partially_verified,中文问题已定位到本地原文件并核对文本；英文为明确修订版，独立双语语义验收及上游版本/授权仍待确认。,pending
lesson-builder__cn22_05,待核验,WEIGHT_POLICY,revised_pending_calibration,v3 明确保留评分项权重；扩展题采用新定义的等权检查项；旧分数不转换为新口径。,pending
lesson-builder__cn22_05,待核验,CN263_SEMANTIC_SOURCE_PENDING,partially_verified,中文问题已定位到本地原文件并核对文本；英文为明确修订版，独立双语语义验收及上游版本/授权仍待确认。,pending
lesson-builder__cn22_06,待核验,WEIGHT_POLICY,revised_pending_calibration,v3 明确保留评分项权重；扩展题采用新定义的等权检查项；旧分数不转换为新口径。,pending
lesson-builder__cn22_06,待核验,CN263_SEMANTIC_SOURCE_PENDING,partially_verified,中文问题已定位到本地原文件并核对文本；英文为明确修订版，独立双语语义验收及上游版本/授权仍待确认。,pending
lesson-builder__cn22_07,待核验,WEIGHT_POLICY,revised_pending_calibration,v3 明确保留评分项权重；扩展题采用新定义的等权检查项；旧分数不转换为新口径。,pending
lesson-builder__cn22_07,待核验,CN263_SEMANTIC_SOURCE_PENDING,partially_verified,中文问题已定位到本地原文件并核对文本；英文为明确修订版，独立双语语义验收及上游版本/授权仍待确认。,pending
lesson-builder__cn22_08,待核验,WEIGHT_POLICY,revised_pending_calibration,v3 明确保留评分项权重；扩展题采用新定义的等权检查项；旧分数不转换为新口径。,pending
lesson-builder__cn22_08,待核验,CN263_SEMANTIC_SOURCE_PENDING,partially_verified,中文问题已定位到本地原文件并核对文本；英文为明确修订版，独立双语语义验收及上游版本/授权仍待确认。,pending
lesson-builder__cn22_09,待核验,WEIGHT_POLICY,revised_pending_calibration,v3 明确保留评分项权重；扩展题采用新定义的等权检查项；旧分数不转换为新口径。,pending
lesson-builder__cn22_09,待核验,CN263_SEMANTIC_SOURCE_PENDING,partially_verified,中文问题已定位到本地原文件并核对文本；英文为明确修订版，独立双语语义验收及上游版本/授权仍待确认。,pending
retrieval-practice-generator__cn23_01,不通过,WEIGHT_POLICY,revised_pending_calibration,v3 明确保留评分项权重；扩展题采用新定义的等权检查项；旧分数不转换为新口径。,pending
retrieval-practice-generator__cn23_01,不通过,GROUP_REFERENCE_SCOPE,revised_pending_acceptance,按单题重写背景、参考要点和评分检查。,pending
retrieval-practice-generator__cn23_01,不通过,CN263_SEMANTIC_SOURCE_PENDING,partially_verified,中文问题已定位到本地原文件并核对文本；英文为明确修订版，独立双语语义验收及上游版本/授权仍待确认。,pending
retrieval-practice-generator__cn23_02,不通过,WEIGHT_POLICY,revised_pending_calibration,v3 明确保留评分项权重；扩展题采用新定义的等权检查项；旧分数不转换为新口径。,pending
retrieval-practice-generator__cn23_02,不通过,GROUP_REFERENCE_SCOPE,revised_pending_acceptance,按单题重写背景、参考要点和评分检查。,pending
retrieval-practice-generator__cn23_02,不通过,CN263_SEMANTIC_SOURCE_PENDING,partially_verified,中文问题已定位到本地原文件并核对文本；英文为明确修订版，独立双语语义验收及上游版本/授权仍待确认。,pending
retrieval-practice-generator__cn23_03,不通过,WEIGHT_POLICY,revised_pending_calibration,v3 明确保留评分项权重；扩展题采用新定义的等权检查项；旧分数不转换为新口径。,pending
retrieval-practice-generator__cn23_03,不通过,GROUP_REFERENCE_SCOPE,revised_pending_acceptance,按单题重写背景、参考要点和评分检查。,pending
retrieval-practice-generator__cn23_03,不通过,CN263_SEMANTIC_SOURCE_PENDING,partially_verified,中文问题已定位到本地原文件并核对文本；英文为明确修订版，独立双语语义验收及上游版本/授权仍待确认。,pending
retrieval-practice-generator__cn23_04,不通过,WEIGHT_POLICY,revised_pending_calibration,v3 明确保留评分项权重；扩展题采用新定义的等权检查项；旧分数不转换为新口径。,pending
retrieval-practice-generator__cn23_04,不通过,GROUP_REFERENCE_SCOPE,revised_pending_acceptance,按单题重写背景、参考要点和评分检查。,pending
retrieval-practice-generator__cn23_04,不通过,CN263_SEMANTIC_SOURCE_PENDING,partially_verified,中文问题已定位到本地原文件并核对文本；英文为明确修订版，独立双语语义验收及上游版本/授权仍待确认。,pending
retrieval-practice-generator__cn23_05,不通过,WEIGHT_POLICY,revised_pending_calibration,v3 明确保留评分项权重；扩展题采用新定义的等权检查项；旧分数不转换为新口径。,pending
retrieval-practice-generator__cn23_05,不通过,GROUP_REFERENCE_SCOPE,revised_pending_acceptance,按单题重写背景、参考要点和评分检查。,pending
retrieval-practice-generator__cn23_05,不通过,CN263_SEMANTIC_SOURCE_PENDING,partially_verified,中文问题已定位到本地原文件并核对文本；英文为明确修订版，独立双语语义验收及上游版本/授权仍待确认。,pending
retrieval-practice-generator__cn23_06,不通过,WEIGHT_POLICY,revised_pending_calibration,v3 明确保留评分项权重；扩展题采用新定义的等权检查项；旧分数不转换为新口径。,pending
retrieval-practice-generator__cn23_06,不通过,GROUP_REFERENCE_SCOPE,revised_pending_acceptance,按单题重写背景、参考要点和评分检查。,pending
retrieval-practice-generator__cn23_06,不通过,CN263_SEMANTIC_SOURCE_PENDING,partially_verified,中文问题已定位到本地原文件并核对文本；英文为明确修订版，独立双语语义验收及上游版本/授权仍待确认。,pending
retrieval-practice-generator__cn23_07,不通过,WEIGHT_POLICY,revised_pending_calibration,v3 明确保留评分项权重；扩展题采用新定义的等权检查项；旧分数不转换为新口径。,pending
retrieval-practice-generator__cn23_07,不通过,GROUP_REFERENCE_SCOPE,revised_pending_acceptance,按单题重写背景、参考要点和评分检查。,pending
retrieval-practice-generator__cn23_07,不通过,CN263_SEMANTIC_SOURCE_PENDING,partially_verified,中文问题已定位到本地原文件并核对文本；英文为明确修订版，独立双语语义验收及上游版本/授权仍待确认。,pending
retrieval-practice-generator__cn23_08,不通过,WEIGHT_POLICY,revised_pending_calibration,v3 明确保留评分项权重；扩展题采用新定义的等权检查项；旧分数不转换为新口径。,pending
retrieval-practice-generator__cn23_08,不通过,GROUP_REFERENCE_SCOPE,revised_pending_acceptance,按单题重写背景、参考要点和评分检查。,pending
retrieval-practice-generator__cn23_08,不通过,CN263_SEMANTIC_SOURCE_PENDING,partially_verified,中文问题已定位到本地原文件并核对文本；英文为明确修订版，独立双语语义验收及上游版本/授权仍待确认。,pending
lesson-builder__cn24_01,不通过,TOPIC_MISMATCH,revised_pending_acceptance,已按当前问题主题重写，等价正确方法允许。,pending
lesson-builder__cn24_01,不通过,CN263_SEMANTIC_SOURCE_PENDING,partially_verified,中文问题已定位到本地原文件并核对文本；英文为明确修订版，独立双语语义验收及上游版本/授权仍待确认。,pending
lesson-builder__cn24_02,不通过,TOPIC_MISMATCH,revised_pending_acceptance,已按当前问题主题重写，等价正确方法允许。,pending
lesson-builder__cn24_02,不通过,CN263_SEMANTIC_SOURCE_PENDING,partially_verified,中文问题已定位到本地原文件并核对文本；英文为明确修订版，独立双语语义验收及上游版本/授权仍待确认。,pending
lesson-builder__cn24_03,不通过,TOPIC_MISMATCH,revised_pending_acceptance,已按当前问题主题重写，等价正确方法允许。,pending
lesson-builder__cn24_03,不通过,CN263_SEMANTIC_SOURCE_PENDING,partially_verified,中文问题已定位到本地原文件并核对文本；英文为明确修订版，独立双语语义验收及上游版本/授权仍待确认。,pending
lesson-builder__cn24_04,不通过,TOPIC_MISMATCH,revised_pending_acceptance,已按当前问题主题重写，等价正确方法允许。,pending
lesson-builder__cn24_04,不通过,CN263_SEMANTIC_SOURCE_PENDING,partially_verified,中文问题已定位到本地原文件并核对文本；英文为明确修订版，独立双语语义验收及上游版本/授权仍待确认。,pending
lesson-builder__cn24_05,不通过,TOPIC_MISMATCH,revised_pending_acceptance,已按当前问题主题重写，等价正确方法允许。,pending
lesson-builder__cn24_05,不通过,CN263_SEMANTIC_SOURCE_PENDING,partially_verified,中文问题已定位到本地原文件并核对文本；英文为明确修订版，独立双语语义验收及上游版本/授权仍待确认。,pending
lesson-builder__cn24_06,不通过,TOPIC_MISMATCH,revised_pending_acceptance,已按当前问题主题重写，等价正确方法允许。,pending
lesson-builder__cn24_06,不通过,CN263_SEMANTIC_SOURCE_PENDING,partially_verified,中文问题已定位到本地原文件并核对文本；英文为明确修订版，独立双语语义验收及上游版本/授权仍待确认。,pending
lesson-builder__cn24_07,不通过,TOPIC_MISMATCH,revised_pending_acceptance,已按当前问题主题重写，等价正确方法允许。,pending
lesson-builder__cn24_07,不通过,CN263_SEMANTIC_SOURCE_PENDING,partially_verified,中文问题已定位到本地原文件并核对文本；英文为明确修订版，独立双语语义验收及上游版本/授权仍待确认。,pending
lesson-builder__cn24_08,待核验,MIDSEGMENT_SCOPE,clarified_not_proven_original_error,承认原答案与中位线存在关联，修订为更聚焦题目，不算作明确跨主题错配。,pending
lesson-builder__cn24_08,待核验,CN263_SEMANTIC_SOURCE_PENDING,partially_verified,中文问题已定位到本地原文件并核对文本；英文为明确修订版，独立双语语义验收及上游版本/授权仍待确认。,pending
lesson-builder__cn24_09,不通过,TOPIC_MISMATCH,revised_pending_acceptance,已按当前问题主题重写，等价正确方法允许。,pending
lesson-builder__cn24_09,不通过,CN263_SEMANTIC_SOURCE_PENDING,partially_verified,中文问题已定位到本地原文件并核对文本；英文为明确修订版，独立双语语义验收及上游版本/授权仍待确认。,pending
lesson-builder__cn25_01,不通过,TOPIC_MISMATCH,revised_pending_acceptance,已按当前问题主题重写，等价正确方法允许。,pending
lesson-builder__cn25_01,不通过,CN263_SEMANTIC_SOURCE_PENDING,partially_verified,中文问题已定位到本地原文件并核对文本；英文为明确修订版，独立双语语义验收及上游版本/授权仍待确认。,pending
lesson-builder__cn26_01,待核验,WEIGHT_POLICY,revised_pending_calibration,v3 明确保留评分项权重；扩展题采用新定义的等权检查项；旧分数不转换为新口径。,pending
lesson-builder__cn26_01,待核验,CN263_SEMANTIC_SOURCE_PENDING,partially_verified,中文问题已定位到本地原文件并核对文本；英文为明确修订版，独立双语语义验收及上游版本/授权仍待确认。,pending
lesson-builder__cn26_02,待核验,WEIGHT_POLICY,revised_pending_calibration,v3 明确保留评分项权重；扩展题采用新定义的等权检查项；旧分数不转换为新口径。,pending
lesson-builder__cn26_02,待核验,CN263_SEMANTIC_SOURCE_PENDING,partially_verified,中文问题已定位到本地原文件并核对文本；英文为明确修订版，独立双语语义验收及上游版本/授权仍待确认。,pending
lesson-builder__cn26_03,待核验,WEIGHT_POLICY,revised_pending_calibration,v3 明确保留评分项权重；扩展题采用新定义的等权检查项；旧分数不转换为新口径。,pending
lesson-builder__cn26_03,待核验,CN263_SEMANTIC_SOURCE_PENDING,partially_verified,中文问题已定位到本地原文件并核对文本；英文为明确修订版，独立双语语义验收及上游版本/授权仍待确认。,pending
lesson-builder__cn26_04,待核验,WEIGHT_POLICY,revised_pending_calibration,v3 明确保留评分项权重；扩展题采用新定义的等权检查项；旧分数不转换为新口径。,pending
lesson-builder__cn26_04,待核验,CN263_SEMANTIC_SOURCE_PENDING,partially_verified,中文问题已定位到本地原文件并核对文本；英文为明确修订版，独立双语语义验收及上游版本/授权仍待确认。,pending
lesson-builder__cn26_05,待核验,WEIGHT_POLICY,revised_pending_calibration,v3 明确保留评分项权重；扩展题采用新定义的等权检查项；旧分数不转换为新口径。,pending
lesson-builder__cn26_05,待核验,CN263_SEMANTIC_SOURCE_PENDING,partially_verified,中文问题已定位到本地原文件并核对文本；英文为明确修订版，独立双语语义验收及上游版本/授权仍待确认。,pending
lesson-builder__cn26_06,待核验,WEIGHT_POLICY,revised_pending_calibration,v3 明确保留评分项权重；扩展题采用新定义的等权检查项；旧分数不转换为新口径。,pending
lesson-builder__cn26_06,待核验,CN263_SEMANTIC_SOURCE_PENDING,partially_verified,中文问题已定位到本地原文件并核对文本；英文为明确修订版，独立双语语义验收及上游版本/授权仍待确认。,pending
lesson-builder__cn26_07,待核验,WEIGHT_POLICY,revised_pending_calibration,v3 明确保留评分项权重；扩展题采用新定义的等权检查项；旧分数不转换为新口径。,pending
lesson-builder__cn26_07,待核验,CN263_SEMANTIC_SOURCE_PENDING,partially_verified,中文问题已定位到本地原文件并核对文本；英文为明确修订版，独立双语语义验收及上游版本/授权仍待确认。,pending
lesson-builder__cn26_08,待核验,WEIGHT_POLICY,revised_pending_calibration,v3 明确保留评分项权重；扩展题采用新定义的等权检查项；旧分数不转换为新口径。,pending
lesson-builder__cn26_08,待核验,CN263_SEMANTIC_SOURCE_PENDING,partially_verified,中文问题已定位到本地原文件并核对文本；英文为明确修订版，独立双语语义验收及上游版本/授权仍待确认。,pending
lesson-builder__cn26_09,待核验,WEIGHT_POLICY,revised_pending_calibration,v3 明确保留评分项权重；扩展题采用新定义的等权检查项；旧分数不转换为新口径。,pending
lesson-builder__cn26_09,待核验,CN263_SEMANTIC_SOURCE_PENDING,partially_verified,中文问题已定位到本地原文件并核对文本；英文为明确修订版，独立双语语义验收及上游版本/授权仍待确认。,pending
lesson-builder__cn27_01,待核验,WEIGHT_POLICY,revised_pending_calibration,v3 明确保留评分项权重；扩展题采用新定义的等权检查项；旧分数不转换为新口径。,pending
lesson-builder__cn27_01,待核验,CN263_SEMANTIC_SOURCE_PENDING,partially_verified,中文问题已定位到本地原文件并核对文本；英文为明确修订版，独立双语语义验收及上游版本/授权仍待确认。,pending
lesson-builder__cn27_02,待核验,WEIGHT_POLICY,revised_pending_calibration,v3 明确保留评分项权重；扩展题采用新定义的等权检查项；旧分数不转换为新口径。,pending
lesson-builder__cn27_02,待核验,CN263_SEMANTIC_SOURCE_PENDING,partially_verified,中文问题已定位到本地原文件并核对文本；英文为明确修订版，独立双语语义验收及上游版本/授权仍待确认。,pending
lesson-builder__cn27_03,待核验,WEIGHT_POLICY,revised_pending_calibration,v3 明确保留评分项权重；扩展题采用新定义的等权检查项；旧分数不转换为新口径。,pending
lesson-builder__cn27_03,待核验,CN263_SEMANTIC_SOURCE_PENDING,partially_verified,中文问题已定位到本地原文件并核对文本；英文为明确修订版，独立双语语义验收及上游版本/授权仍待确认。,pending
lesson-builder__cn27_04,待核验,WEIGHT_POLICY,revised_pending_calibration,v3 明确保留评分项权重；扩展题采用新定义的等权检查项；旧分数不转换为新口径。,pending
lesson-builder__cn27_04,待核验,CN263_SEMANTIC_SOURCE_PENDING,partially_verified,中文问题已定位到本地原文件并核对文本；英文为明确修订版，独立双语语义验收及上游版本/授权仍待确认。,pending
lesson-builder__cn27_05,待核验,WEIGHT_POLICY,revised_pending_calibration,v3 明确保留评分项权重；扩展题采用新定义的等权检查项；旧分数不转换为新口径。,pending
lesson-builder__cn27_05,待核验,CN263_SEMANTIC_SOURCE_PENDING,partially_verified,中文问题已定位到本地原文件并核对文本；英文为明确修订版，独立双语语义验收及上游版本/授权仍待确认。,pending
lesson-builder__cn27_06,待核验,WEIGHT_POLICY,revised_pending_calibration,v3 明确保留评分项权重；扩展题采用新定义的等权检查项；旧分数不转换为新口径。,pending
lesson-builder__cn27_06,待核验,CN263_SEMANTIC_SOURCE_PENDING,partially_verified,中文问题已定位到本地原文件并核对文本；英文为明确修订版，独立双语语义验收及上游版本/授权仍待确认。,pending
lesson-builder__cn27_07,待核验,WEIGHT_POLICY,revised_pending_calibration,v3 明确保留评分项权重；扩展题采用新定义的等权检查项；旧分数不转换为新口径。,pending
lesson-builder__cn27_07,待核验,CN263_SEMANTIC_SOURCE_PENDING,partially_verified,中文问题已定位到本地原文件并核对文本；英文为明确修订版，独立双语语义验收及上游版本/授权仍待确认。,pending
lesson-builder__cn27_08,待核验,WEIGHT_POLICY,revised_pending_calibration,v3 明确保留评分项权重；扩展题采用新定义的等权检查项；旧分数不转换为新口径。,pending
lesson-builder__cn27_08,待核验,CN263_SEMANTIC_SOURCE_PENDING,partially_verified,中文问题已定位到本地原文件并核对文本；英文为明确修订版，独立双语语义验收及上游版本/授权仍待确认。,pending
lesson-builder__cn28_01,不通过,GROUP_REFERENCE_SCOPE,revised_pending_acceptance,按单题重写背景、参考要点和评分检查。,pending
lesson-builder__cn28_01,不通过,CN263_SEMANTIC_SOURCE_PENDING,partially_verified,中文问题已定位到本地原文件并核对文本；英文为明确修订版，独立双语语义验收及上游版本/授权仍待确认。,pending
lesson-builder__cn28_02,不通过,GROUP_REFERENCE_SCOPE,revised_pending_acceptance,按单题重写背景、参考要点和评分检查。,pending
lesson-builder__cn28_02,不通过,CN263_SEMANTIC_SOURCE_PENDING,partially_verified,中文问题已定位到本地原文件并核对文本；英文为明确修订版，独立双语语义验收及上游版本/授权仍待确认。,pending
lesson-builder__cn28_03,不通过,GROUP_REFERENCE_SCOPE,revised_pending_acceptance,按单题重写背景、参考要点和评分检查。,pending
lesson-builder__cn28_03,不通过,CN263_SEMANTIC_SOURCE_PENDING,partially_verified,中文问题已定位到本地原文件并核对文本；英文为明确修订版，独立双语语义验收及上游版本/授权仍待确认。,pending
lesson-builder__cn28_04,不通过,GROUP_REFERENCE_SCOPE,revised_pending_acceptance,按单题重写背景、参考要点和评分检查。,pending
lesson-builder__cn28_04,不通过,CN263_SEMANTIC_SOURCE_PENDING,partially_verified,中文问题已定位到本地原文件并核对文本；英文为明确修订版，独立双语语义验收及上游版本/授权仍待确认。,pending
hinge-question-designer__cn29_01,不通过,GROUP_REFERENCE_SCOPE,revised_pending_acceptance,按单题重写背景、参考要点和评分检查。,pending
hinge-question-designer__cn29_01,不通过,SKILL_ROUTE,quarantined,九道错因诊断题保留教学咨询意图，不再作为已验证的 hinge Skill 金标。,pending
hinge-question-designer__cn29_01,不通过,ANONYMIZATION,runtime_context_revised,已替换包含姓名的共用背景；原文溯源附件仍含来源信息，不作为匿名发布材料。,pending
hinge-question-designer__cn29_01,不通过,CN263_SEMANTIC_SOURCE_PENDING,partially_verified,中文问题已定位到本地原文件并核对文本；英文为明确修订版，独立双语语义验收及上游版本/授权仍待确认。,pending
hinge-question-designer__cn29_02,不通过,GROUP_REFERENCE_SCOPE,revised_pending_acceptance,按单题重写背景、参考要点和评分检查。,pending
hinge-question-designer__cn29_02,不通过,SKILL_ROUTE,quarantined,九道错因诊断题保留教学咨询意图，不再作为已验证的 hinge Skill 金标。,pending
hinge-question-designer__cn29_02,不通过,ANONYMIZATION,runtime_context_revised,已替换包含姓名的共用背景；原文溯源附件仍含来源信息，不作为匿名发布材料。,pending
hinge-question-designer__cn29_02,不通过,CN263_SEMANTIC_SOURCE_PENDING,partially_verified,中文问题已定位到本地原文件并核对文本；英文为明确修订版，独立双语语义验收及上游版本/授权仍待确认。,pending
hinge-question-designer__cn29_03,不通过,GROUP_REFERENCE_SCOPE,revised_pending_acceptance,按单题重写背景、参考要点和评分检查。,pending
hinge-question-designer__cn29_03,不通过,SKILL_ROUTE,quarantined,九道错因诊断题保留教学咨询意图，不再作为已验证的 hinge Skill 金标。,pending
hinge-question-designer__cn29_03,不通过,ANONYMIZATION,runtime_context_revised,已替换包含姓名的共用背景；原文溯源附件仍含来源信息，不作为匿名发布材料。,pending
hinge-question-designer__cn29_03,不通过,CN263_SEMANTIC_SOURCE_PENDING,partially_verified,中文问题已定位到本地原文件并核对文本；英文为明确修订版，独立双语语义验收及上游版本/授权仍待确认。,pending
hinge-question-designer__cn29_04,不通过,GROUP_REFERENCE_SCOPE,revised_pending_acceptance,按单题重写背景、参考要点和评分检查。,pending
hinge-question-designer__cn29_04,不通过,SKILL_ROUTE,quarantined,九道错因诊断题保留教学咨询意图，不再作为已验证的 hinge Skill 金标。,pending
hinge-question-designer__cn29_04,不通过,ANONYMIZATION,runtime_context_revised,已替换包含姓名的共用背景；原文溯源附件仍含来源信息，不作为匿名发布材料。,pending
hinge-question-designer__cn29_04,不通过,CN263_SEMANTIC_SOURCE_PENDING,partially_verified,中文问题已定位到本地原文件并核对文本；英文为明确修订版，独立双语语义验收及上游版本/授权仍待确认。,pending
hinge-question-designer__cn29_05,不通过,GROUP_REFERENCE_SCOPE,revised_pending_acceptance,按单题重写背景、参考要点和评分检查。,pending
hinge-question-designer__cn29_05,不通过,SKILL_ROUTE,quarantined,九道错因诊断题保留教学咨询意图，不再作为已验证的 hinge Skill 金标。,pending
hinge-question-designer__cn29_05,不通过,ANONYMIZATION,runtime_context_revised,已替换包含姓名的共用背景；原文溯源附件仍含来源信息，不作为匿名发布材料。,pending
hinge-question-designer__cn29_05,不通过,CN263_SEMANTIC_SOURCE_PENDING,partially_verified,中文问题已定位到本地原文件并核对文本；英文为明确修订版，独立双语语义验收及上游版本/授权仍待确认。,pending
hinge-question-designer__cn29_06,不通过,GROUP_REFERENCE_SCOPE,revised_pending_acceptance,按单题重写背景、参考要点和评分检查。,pending
hinge-question-designer__cn29_06,不通过,SKILL_ROUTE,quarantined,九道错因诊断题保留教学咨询意图，不再作为已验证的 hinge Skill 金标。,pending
hinge-question-designer__cn29_06,不通过,ANONYMIZATION,runtime_context_revised,已替换包含姓名的共用背景；原文溯源附件仍含来源信息，不作为匿名发布材料。,pending
hinge-question-designer__cn29_06,不通过,CN263_SEMANTIC_SOURCE_PENDING,partially_verified,中文问题已定位到本地原文件并核对文本；英文为明确修订版，独立双语语义验收及上游版本/授权仍待确认。,pending
hinge-question-designer__cn29_07,不通过,GROUP_REFERENCE_SCOPE,revised_pending_acceptance,按单题重写背景、参考要点和评分检查。,pending
hinge-question-designer__cn29_07,不通过,SKILL_ROUTE,quarantined,九道错因诊断题保留教学咨询意图，不再作为已验证的 hinge Skill 金标。,pending
hinge-question-designer__cn29_07,不通过,ANONYMIZATION,runtime_context_revised,已替换包含姓名的共用背景；原文溯源附件仍含来源信息，不作为匿名发布材料。,pending
hinge-question-designer__cn29_07,不通过,CN263_SEMANTIC_SOURCE_PENDING,partially_verified,中文问题已定位到本地原文件并核对文本；英文为明确修订版，独立双语语义验收及上游版本/授权仍待确认。,pending
hinge-question-designer__cn29_08,不通过,GROUP_REFERENCE_SCOPE,revised_pending_acceptance,按单题重写背景、参考要点和评分检查。,pending
hinge-question-designer__cn29_08,不通过,SKILL_ROUTE,quarantined,九道错因诊断题保留教学咨询意图，不再作为已验证的 hinge Skill 金标。,pending
hinge-question-designer__cn29_08,不通过,ANONYMIZATION,runtime_context_revised,已替换包含姓名的共用背景；原文溯源附件仍含来源信息，不作为匿名发布材料。,pending
hinge-question-designer__cn29_08,不通过,CN263_SEMANTIC_SOURCE_PENDING,partially_verified,中文问题已定位到本地原文件并核对文本；英文为明确修订版，独立双语语义验收及上游版本/授权仍待确认。,pending
hinge-question-designer__cn29_09,不通过,GROUP_REFERENCE_SCOPE,revised_pending_acceptance,按单题重写背景、参考要点和评分检查。,pending
hinge-question-designer__cn29_09,不通过,SKILL_ROUTE,quarantined,九道错因诊断题保留教学咨询意图，不再作为已验证的 hinge Skill 金标。,pending
hinge-question-designer__cn29_09,不通过,ANONYMIZATION,runtime_context_revised,已替换包含姓名的共用背景；原文溯源附件仍含来源信息，不作为匿名发布材料。,pending
hinge-question-designer__cn29_09,不通过,CN263_SEMANTIC_SOURCE_PENDING,partially_verified,中文问题已定位到本地原文件并核对文本；英文为明确修订版，独立双语语义验收及上游版本/授权仍待确认。,pending
lesson-builder__cn30_01,待核验,CN263_SEMANTIC_SOURCE_PENDING,partially_verified,中文问题已定位到本地原文件并核对文本；英文为明确修订版，独立双语语义验收及上游版本/授权仍待确认。,pending
lesson-builder__cn30_02,待核验,CN263_SEMANTIC_SOURCE_PENDING,partially_verified,中文问题已定位到本地原文件并核对文本；英文为明确修订版，独立双语语义验收及上游版本/授权仍待确认。,pending
lesson-builder__cn30_03,待核验,CN263_SEMANTIC_SOURCE_PENDING,partially_verified,中文问题已定位到本地原文件并核对文本；英文为明确修订版，独立双语语义验收及上游版本/授权仍待确认。,pending
lesson-builder__cn30_04,待核验,CN263_SEMANTIC_SOURCE_PENDING,partially_verified,中文问题已定位到本地原文件并核对文本；英文为明确修订版，独立双语语义验收及上游版本/授权仍待确认。,pending
lesson-builder__cn30_05,待核验,CN263_SEMANTIC_SOURCE_PENDING,partially_verified,中文问题已定位到本地原文件并核对文本；英文为明确修订版，独立双语语义验收及上游版本/授权仍待确认。,pending
lesson-builder__cn30_06,待核验,CN263_SEMANTIC_SOURCE_PENDING,partially_verified,中文问题已定位到本地原文件并核对文本；英文为明确修订版，独立双语语义验收及上游版本/授权仍待确认。,pending
lesson-builder__cn31_01,待核验,WEIGHT_POLICY,revised_pending_calibration,v3 明确保留评分项权重；扩展题采用新定义的等权检查项；旧分数不转换为新口径。,pending
lesson-builder__cn31_01,待核验,CN263_SEMANTIC_SOURCE_PENDING,partially_verified,中文问题已定位到本地原文件并核对文本；英文为明确修订版，独立双语语义验收及上游版本/授权仍待确认。,pending
lesson-builder__cn31_02,待核验,WEIGHT_POLICY,revised_pending_calibration,v3 明确保留评分项权重；扩展题采用新定义的等权检查项；旧分数不转换为新口径。,pending
lesson-builder__cn31_02,待核验,CN263_SEMANTIC_SOURCE_PENDING,partially_verified,中文问题已定位到本地原文件并核对文本；英文为明确修订版，独立双语语义验收及上游版本/授权仍待确认。,pending
lesson-builder__cn31_03,待核验,WEIGHT_POLICY,revised_pending_calibration,v3 明确保留评分项权重；扩展题采用新定义的等权检查项；旧分数不转换为新口径。,pending
lesson-builder__cn31_03,待核验,CN263_SEMANTIC_SOURCE_PENDING,partially_verified,中文问题已定位到本地原文件并核对文本；英文为明确修订版，独立双语语义验收及上游版本/授权仍待确认。,pending
lesson-builder__cn31_04,待核验,WEIGHT_POLICY,revised_pending_calibration,v3 明确保留评分项权重；扩展题采用新定义的等权检查项；旧分数不转换为新口径。,pending
lesson-builder__cn31_04,待核验,CN263_SEMANTIC_SOURCE_PENDING,partially_verified,中文问题已定位到本地原文件并核对文本；英文为明确修订版，独立双语语义验收及上游版本/授权仍待确认。,pending
lesson-builder__cn31_05,待核验,WEIGHT_POLICY,revised_pending_calibration,v3 明确保留评分项权重；扩展题采用新定义的等权检查项；旧分数不转换为新口径。,pending
lesson-builder__cn31_05,待核验,CN263_SEMANTIC_SOURCE_PENDING,partially_verified,中文问题已定位到本地原文件并核对文本；英文为明确修订版，独立双语语义验收及上游版本/授权仍待确认。,pending
lesson-builder__cn31_06,待核验,WEIGHT_POLICY,revised_pending_calibration,v3 明确保留评分项权重；扩展题采用新定义的等权检查项；旧分数不转换为新口径。,pending
lesson-builder__cn31_06,待核验,CN263_SEMANTIC_SOURCE_PENDING,partially_verified,中文问题已定位到本地原文件并核对文本；英文为明确修订版，独立双语语义验收及上游版本/授权仍待确认。,pending
lesson-builder__cn31_07,待核验,WEIGHT_POLICY,revised_pending_calibration,v3 明确保留评分项权重；扩展题采用新定义的等权检查项；旧分数不转换为新口径。,pending
lesson-builder__cn31_07,待核验,CN263_SEMANTIC_SOURCE_PENDING,partially_verified,中文问题已定位到本地原文件并核对文本；英文为明确修订版，独立双语语义验收及上游版本/授权仍待确认。,pending
lesson-builder__cn31_08,待核验,WEIGHT_POLICY,revised_pending_calibration,v3 明确保留评分项权重；扩展题采用新定义的等权检查项；旧分数不转换为新口径。,pending
lesson-builder__cn31_08,待核验,CN263_SEMANTIC_SOURCE_PENDING,partially_verified,中文问题已定位到本地原文件并核对文本；英文为明确修订版，独立双语语义验收及上游版本/授权仍待确认。,pending
self-efficacy-builder-sequence__cn35_01,待核验,WEIGHT_POLICY,revised_pending_calibration,v3 明确保留评分项权重；扩展题采用新定义的等权检查项；旧分数不转换为新口径。,pending
self-efficacy-builder-sequence__cn35_01,待核验,CN263_SEMANTIC_SOURCE_PENDING,partially_verified,中文问题已定位到本地原文件并核对文本；英文为明确修订版，独立双语语义验收及上游版本/授权仍待确认。,pending
self-efficacy-builder-sequence__cn35_02,待核验,WEIGHT_POLICY,revised_pending_calibration,v3 明确保留评分项权重；扩展题采用新定义的等权检查项；旧分数不转换为新口径。,pending
self-efficacy-builder-sequence__cn35_02,待核验,CN263_SEMANTIC_SOURCE_PENDING,partially_verified,中文问题已定位到本地原文件并核对文本；英文为明确修订版，独立双语语义验收及上游版本/授权仍待确认。,pending
self-efficacy-builder-sequence__cn35_03,待核验,WEIGHT_POLICY,revised_pending_calibration,v3 明确保留评分项权重；扩展题采用新定义的等权检查项；旧分数不转换为新口径。,pending
self-efficacy-builder-sequence__cn35_03,待核验,CN263_SEMANTIC_SOURCE_PENDING,partially_verified,中文问题已定位到本地原文件并核对文本；英文为明确修订版，独立双语语义验收及上游版本/授权仍待确认。,pending
self-efficacy-builder-sequence__cn35_04,待核验,WEIGHT_POLICY,revised_pending_calibration,v3 明确保留评分项权重；扩展题采用新定义的等权检查项；旧分数不转换为新口径。,pending
self-efficacy-builder-sequence__cn35_04,待核验,CN263_SEMANTIC_SOURCE_PENDING,partially_verified,中文问题已定位到本地原文件并核对文本；英文为明确修订版，独立双语语义验收及上游版本/授权仍待确认。,pending
self-efficacy-builder-sequence__cn35_05,待核验,WEIGHT_POLICY,revised_pending_calibration,v3 明确保留评分项权重；扩展题采用新定义的等权检查项；旧分数不转换为新口径。,pending
self-efficacy-builder-sequence__cn35_05,待核验,CN263_SEMANTIC_SOURCE_PENDING,partially_verified,中文问题已定位到本地原文件并核对文本；英文为明确修订版，独立双语语义验收及上游版本/授权仍待确认。,pending
self-efficacy-builder-sequence__cn35_06,待核验,WEIGHT_POLICY,revised_pending_calibration,v3 明确保留评分项权重；扩展题采用新定义的等权检查项；旧分数不转换为新口径。,pending
self-efficacy-builder-sequence__cn35_06,待核验,CN263_SEMANTIC_SOURCE_PENDING,partially_verified,中文问题已定位到本地原文件并核对文本；英文为明确修订版，独立双语语义验收及上游版本/授权仍待确认。,pending
project-brief-designer__cn43_01,待核验,WEIGHT_POLICY,revised_pending_calibration,v3 明确保留评分项权重；扩展题采用新定义的等权检查项；旧分数不转换为新口径。,pending
project-brief-designer__cn43_01,待核验,CN263_SEMANTIC_SOURCE_PENDING,partially_verified,中文问题已定位到本地原文件并核对文本；英文为明确修订版，独立双语语义验收及上游版本/授权仍待确认。,pending
project-brief-designer__cn43_02,待核验,WEIGHT_POLICY,revised_pending_calibration,v3 明确保留评分项权重；扩展题采用新定义的等权检查项；旧分数不转换为新口径。,pending
project-brief-designer__cn43_02,待核验,CN263_SEMANTIC_SOURCE_PENDING,partially_verified,中文问题已定位到本地原文件并核对文本；英文为明确修订版，独立双语语义验收及上游版本/授权仍待确认。,pending
project-brief-designer__cn43_03,待核验,WEIGHT_POLICY,revised_pending_calibration,v3 明确保留评分项权重；扩展题采用新定义的等权检查项；旧分数不转换为新口径。,pending
project-brief-designer__cn43_03,待核验,CN263_SEMANTIC_SOURCE_PENDING,partially_verified,中文问题已定位到本地原文件并核对文本；英文为明确修订版，独立双语语义验收及上游版本/授权仍待确认。,pending
project-brief-designer__cn43_04,待核验,WEIGHT_POLICY,revised_pending_calibration,v3 明确保留评分项权重；扩展题采用新定义的等权检查项；旧分数不转换为新口径。,pending
project-brief-designer__cn43_04,待核验,CN263_SEMANTIC_SOURCE_PENDING,partially_verified,中文问题已定位到本地原文件并核对文本；英文为明确修订版，独立双语语义验收及上游版本/授权仍待确认。,pending
project-brief-designer__cn43_05,待核验,WEIGHT_POLICY,revised_pending_calibration,v3 明确保留评分项权重；扩展题采用新定义的等权检查项；旧分数不转换为新口径。,pending
project-brief-designer__cn43_05,待核验,CN263_SEMANTIC_SOURCE_PENDING,partially_verified,中文问题已定位到本地原文件并核对文本；英文为明确修订版，独立双语语义验收及上游版本/授权仍待确认。,pending
project-brief-designer__cn43_06,待核验,WEIGHT_POLICY,revised_pending_calibration,v3 明确保留评分项权重；扩展题采用新定义的等权检查项；旧分数不转换为新口径。,pending
project-brief-designer__cn43_06,待核验,CN263_SEMANTIC_SOURCE_PENDING,partially_verified,中文问题已定位到本地原文件并核对文本；英文为明确修订版，独立双语语义验收及上游版本/授权仍待确认。,pending
lesson-builder__cn50_01,待核验,WEIGHT_POLICY,revised_pending_calibration,v3 明确保留评分项权重；扩展题采用新定义的等权检查项；旧分数不转换为新口径。,pending
lesson-builder__cn50_01,待核验,ANONYMIZATION,runtime_context_revised,已替换包含姓名的共用背景；原文溯源附件仍含来源信息，不作为匿名发布材料。,pending
lesson-builder__cn50_01,待核验,CN263_SEMANTIC_SOURCE_PENDING,partially_verified,中文问题已定位到本地原文件并核对文本；英文为明确修订版，独立双语语义验收及上游版本/授权仍待确认。,pending
lesson-builder__cn50_02,待核验,WEIGHT_POLICY,revised_pending_calibration,v3 明确保留评分项权重；扩展题采用新定义的等权检查项；旧分数不转换为新口径。,pending
lesson-builder__cn50_02,待核验,ANONYMIZATION,runtime_context_revised,已替换包含姓名的共用背景；原文溯源附件仍含来源信息，不作为匿名发布材料。,pending
lesson-builder__cn50_02,待核验,CN263_SEMANTIC_SOURCE_PENDING,partially_verified,中文问题已定位到本地原文件并核对文本；英文为明确修订版，独立双语语义验收及上游版本/授权仍待确认。,pending
lesson-builder__cn50_03,待核验,WEIGHT_POLICY,revised_pending_calibration,v3 明确保留评分项权重；扩展题采用新定义的等权检查项；旧分数不转换为新口径。,pending
lesson-builder__cn50_03,待核验,ANONYMIZATION,runtime_context_revised,已替换包含姓名的共用背景；原文溯源附件仍含来源信息，不作为匿名发布材料。,pending
lesson-builder__cn50_03,待核验,CN263_SEMANTIC_SOURCE_PENDING,partially_verified,中文问题已定位到本地原文件并核对文本；英文为明确修订版，独立双语语义验收及上游版本/授权仍待确认。,pending
lesson-builder__cn50_04,待核验,WEIGHT_POLICY,revised_pending_calibration,v3 明确保留评分项权重；扩展题采用新定义的等权检查项；旧分数不转换为新口径。,pending
lesson-builder__cn50_04,待核验,ANONYMIZATION,runtime_context_revised,已替换包含姓名的共用背景；原文溯源附件仍含来源信息，不作为匿名发布材料。,pending
lesson-builder__cn50_04,待核验,CN263_SEMANTIC_SOURCE_PENDING,partially_verified,中文问题已定位到本地原文件并核对文本；英文为明确修订版，独立双语语义验收及上游版本/授权仍待确认。,pending
lesson-builder__cn50_05,待核验,WEIGHT_POLICY,revised_pending_calibration,v3 明确保留评分项权重；扩展题采用新定义的等权检查项；旧分数不转换为新口径。,pending
lesson-builder__cn50_05,待核验,ANONYMIZATION,runtime_context_revised,已替换包含姓名的共用背景；原文溯源附件仍含来源信息，不作为匿名发布材料。,pending
lesson-builder__cn50_05,待核验,CN263_SEMANTIC_SOURCE_PENDING,partially_verified,中文问题已定位到本地原文件并核对文本；英文为明确修订版，独立双语语义验收及上游版本/授权仍待确认。,pending
lesson-builder__cn50_06,待核验,WEIGHT_POLICY,revised_pending_calibration,v3 明确保留评分项权重；扩展题采用新定义的等权检查项；旧分数不转换为新口径。,pending
lesson-builder__cn50_06,待核验,ANONYMIZATION,runtime_context_revised,已替换包含姓名的共用背景；原文溯源附件仍含来源信息，不作为匿名发布材料。,pending
lesson-builder__cn50_06,待核验,CN263_SEMANTIC_SOURCE_PENDING,partially_verified,中文问题已定位到本地原文件并核对文本；英文为明确修订版，独立双语语义验收及上游版本/授权仍待确认。,pending
lesson-builder__cn50_07,待核验,WEIGHT_POLICY,revised_pending_calibration,v3 明确保留评分项权重；扩展题采用新定义的等权检查项；旧分数不转换为新口径。,pending
lesson-builder__cn50_07,待核验,ANONYMIZATION,runtime_context_revised,已替换包含姓名的共用背景；原文溯源附件仍含来源信息，不作为匿名发布材料。,pending
lesson-builder__cn50_07,待核验,CN263_SEMANTIC_SOURCE_PENDING,partially_verified,中文问题已定位到本地原文件并核对文本；英文为明确修订版，独立双语语义验收及上游版本/授权仍待确认。,pending
lesson-builder__cn50_08,待核验,WEIGHT_POLICY,revised_pending_calibration,v3 明确保留评分项权重；扩展题采用新定义的等权检查项；旧分数不转换为新口径。,pending
lesson-builder__cn50_08,待核验,ANONYMIZATION,runtime_context_revised,已替换包含姓名的共用背景；原文溯源附件仍含来源信息，不作为匿名发布材料。,pending
lesson-builder__cn50_08,待核验,CN263_SEMANTIC_SOURCE_PENDING,partially_verified,中文问题已定位到本地原文件并核对文本；英文为明确修订版，独立双语语义验收及上游版本/授权仍待确认。,pending
lesson-builder__cn50_09,待核验,WEIGHT_POLICY,revised_pending_calibration,v3 明确保留评分项权重；扩展题采用新定义的等权检查项；旧分数不转换为新口径。,pending
lesson-builder__cn50_09,待核验,ANONYMIZATION,runtime_context_revised,已替换包含姓名的共用背景；原文溯源附件仍含来源信息，不作为匿名发布材料。,pending
lesson-builder__cn50_09,待核验,CN263_SEMANTIC_SOURCE_PENDING,partially_verified,中文问题已定位到本地原文件并核对文本；英文为明确修订版，独立双语语义验收及上游版本/授权仍待确认。,pending
lesson-builder__cn50_10,待核验,WEIGHT_POLICY,revised_pending_calibration,v3 明确保留评分项权重；扩展题采用新定义的等权检查项；旧分数不转换为新口径。,pending
lesson-builder__cn50_10,待核验,ANONYMIZATION,runtime_context_revised,已替换包含姓名的共用背景；原文溯源附件仍含来源信息，不作为匿名发布材料。,pending
lesson-builder__cn50_10,待核验,CN263_SEMANTIC_SOURCE_PENDING,partially_verified,中文问题已定位到本地原文件并核对文本；英文为明确修订版，独立双语语义验收及上游版本/授权仍待确认。,pending
lesson-builder__cn51_01,待核验,WEIGHT_POLICY,revised_pending_calibration,v3 明确保留评分项权重；扩展题采用新定义的等权检查项；旧分数不转换为新口径。,pending
lesson-builder__cn51_01,待核验,CN263_SEMANTIC_SOURCE_PENDING,partially_verified,中文问题已定位到本地原文件并核对文本；英文为明确修订版，独立双语语义验收及上游版本/授权仍待确认。,pending
lesson-builder__cn51_02,待核验,WEIGHT_POLICY,revised_pending_calibration,v3 明确保留评分项权重；扩展题采用新定义的等权检查项；旧分数不转换为新口径。,pending
lesson-builder__cn51_02,待核验,CN263_SEMANTIC_SOURCE_PENDING,partially_verified,中文问题已定位到本地原文件并核对文本；英文为明确修订版，独立双语语义验收及上游版本/授权仍待确认。,pending
lesson-builder__cn51_03,待核验,WEIGHT_POLICY,revised_pending_calibration,v3 明确保留评分项权重；扩展题采用新定义的等权检查项；旧分数不转换为新口径。,pending
lesson-builder__cn51_03,待核验,CN263_SEMANTIC_SOURCE_PENDING,partially_verified,中文问题已定位到本地原文件并核对文本；英文为明确修订版，独立双语语义验收及上游版本/授权仍待确认。,pending
lesson-builder__cn51_04,待核验,WEIGHT_POLICY,revised_pending_calibration,v3 明确保留评分项权重；扩展题采用新定义的等权检查项；旧分数不转换为新口径。,pending
lesson-builder__cn51_04,待核验,CN263_SEMANTIC_SOURCE_PENDING,partially_verified,中文问题已定位到本地原文件并核对文本；英文为明确修订版，独立双语语义验收及上游版本/授权仍待确认。,pending
lesson-builder__cn51_05,待核验,WEIGHT_POLICY,revised_pending_calibration,v3 明确保留评分项权重；扩展题采用新定义的等权检查项；旧分数不转换为新口径。,pending
lesson-builder__cn51_05,待核验,CN263_SEMANTIC_SOURCE_PENDING,partially_verified,中文问题已定位到本地原文件并核对文本；英文为明确修订版，独立双语语义验收及上游版本/授权仍待确认。,pending
lesson-builder__cn51_06,待核验,WEIGHT_POLICY,revised_pending_calibration,v3 明确保留评分项权重；扩展题采用新定义的等权检查项；旧分数不转换为新口径。,pending
lesson-builder__cn51_06,待核验,CN263_SEMANTIC_SOURCE_PENDING,partially_verified,中文问题已定位到本地原文件并核对文本；英文为明确修订版，独立双语语义验收及上游版本/授权仍待确认。,pending
lesson-builder__cn51_07,待核验,WEIGHT_POLICY,revised_pending_calibration,v3 明确保留评分项权重；扩展题采用新定义的等权检查项；旧分数不转换为新口径。,pending
lesson-builder__cn51_07,待核验,CN263_SEMANTIC_SOURCE_PENDING,partially_verified,中文问题已定位到本地原文件并核对文本；英文为明确修订版，独立双语语义验收及上游版本/授权仍待确认。,pending
lesson-builder__cn51_08,待核验,WEIGHT_POLICY,revised_pending_calibration,v3 明确保留评分项权重；扩展题采用新定义的等权检查项；旧分数不转换为新口径。,pending
lesson-builder__cn51_08,待核验,CN263_SEMANTIC_SOURCE_PENDING,partially_verified,中文问题已定位到本地原文件并核对文本；英文为明确修订版，独立双语语义验收及上游版本/授权仍待确认。,pending
lesson-builder__cn51_09,待核验,WEIGHT_POLICY,revised_pending_calibration,v3 明确保留评分项权重；扩展题采用新定义的等权检查项；旧分数不转换为新口径。,pending
lesson-builder__cn51_09,待核验,CN263_SEMANTIC_SOURCE_PENDING,partially_verified,中文问题已定位到本地原文件并核对文本；英文为明确修订版，独立双语语义验收及上游版本/授权仍待确认。,pending
lesson-builder__cn51_10,待核验,WEIGHT_POLICY,revised_pending_calibration,v3 明确保留评分项权重；扩展题采用新定义的等权检查项；旧分数不转换为新口径。,pending
lesson-builder__cn51_10,待核验,CN263_SEMANTIC_SOURCE_PENDING,partially_verified,中文问题已定位到本地原文件并核对文本；英文为明确修订版，独立双语语义验收及上游版本/授权仍待确认。,pending
project-brief-designer__cn52_01,待核验,WEIGHT_POLICY,revised_pending_calibration,v3 明确保留评分项权重；扩展题采用新定义的等权检查项；旧分数不转换为新口径。,pending
project-brief-designer__cn52_01,待核验,CN263_SEMANTIC_SOURCE_PENDING,partially_verified,中文问题已定位到本地原文件并核对文本；英文为明确修订版，独立双语语义验收及上游版本/授权仍待确认。,pending
project-brief-designer__cn52_02,待核验,WEIGHT_POLICY,revised_pending_calibration,v3 明确保留评分项权重；扩展题采用新定义的等权检查项；旧分数不转换为新口径。,pending
project-brief-designer__cn52_02,待核验,CN263_SEMANTIC_SOURCE_PENDING,partially_verified,中文问题已定位到本地原文件并核对文本；英文为明确修订版，独立双语语义验收及上游版本/授权仍待确认。,pending
project-brief-designer__cn52_03,待核验,WEIGHT_POLICY,revised_pending_calibration,v3 明确保留评分项权重；扩展题采用新定义的等权检查项；旧分数不转换为新口径。,pending
project-brief-designer__cn52_03,待核验,CN263_SEMANTIC_SOURCE_PENDING,partially_verified,中文问题已定位到本地原文件并核对文本；英文为明确修订版，独立双语语义验收及上游版本/授权仍待确认。,pending
project-brief-designer__cn52_04,待核验,WEIGHT_POLICY,revised_pending_calibration,v3 明确保留评分项权重；扩展题采用新定义的等权检查项；旧分数不转换为新口径。,pending
project-brief-designer__cn52_04,待核验,CN263_SEMANTIC_SOURCE_PENDING,partially_verified,中文问题已定位到本地原文件并核对文本；英文为明确修订版，独立双语语义验收及上游版本/授权仍待确认。,pending
project-brief-designer__cn52_05,待核验,WEIGHT_POLICY,revised_pending_calibration,v3 明确保留评分项权重；扩展题采用新定义的等权检查项；旧分数不转换为新口径。,pending
project-brief-designer__cn52_05,待核验,CN263_SEMANTIC_SOURCE_PENDING,partially_verified,中文问题已定位到本地原文件并核对文本；英文为明确修订版，独立双语语义验收及上游版本/授权仍待确认。,pending
project-brief-designer__cn52_06,待核验,WEIGHT_POLICY,revised_pending_calibration,v3 明确保留评分项权重；扩展题采用新定义的等权检查项；旧分数不转换为新口径。,pending
project-brief-designer__cn52_06,待核验,CN263_SEMANTIC_SOURCE_PENDING,partially_verified,中文问题已定位到本地原文件并核对文本；英文为明确修订版，独立双语语义验收及上游版本/授权仍待确认。,pending
project-brief-designer__cn52_07,待核验,WEIGHT_POLICY,revised_pending_calibration,v3 明确保留评分项权重；扩展题采用新定义的等权检查项；旧分数不转换为新口径。,pending
project-brief-designer__cn52_07,待核验,CN263_SEMANTIC_SOURCE_PENDING,partially_verified,中文问题已定位到本地原文件并核对文本；英文为明确修订版，独立双语语义验收及上游版本/授权仍待确认。,pending
project-brief-designer__cn52_08,待核验,WEIGHT_POLICY,revised_pending_calibration,v3 明确保留评分项权重；扩展题采用新定义的等权检查项；旧分数不转换为新口径。,pending
project-brief-designer__cn52_08,待核验,CN263_SEMANTIC_SOURCE_PENDING,partially_verified,中文问题已定位到本地原文件并核对文本；英文为明确修订版，独立双语语义验收及上游版本/授权仍待确认。,pending
project-brief-designer__cn52_09,待核验,WEIGHT_POLICY,revised_pending_calibration,v3 明确保留评分项权重；扩展题采用新定义的等权检查项；旧分数不转换为新口径。,pending
project-brief-designer__cn52_09,待核验,CN263_SEMANTIC_SOURCE_PENDING,partially_verified,中文问题已定位到本地原文件并核对文本；英文为明确修订版，独立双语语义验收及上游版本/授权仍待确认。,pending
project-brief-designer__cn52_10,待核验,WEIGHT_POLICY,revised_pending_calibration,v3 明确保留评分项权重；扩展题采用新定义的等权检查项；旧分数不转换为新口径。,pending
project-brief-designer__cn52_10,待核验,CN263_SEMANTIC_SOURCE_PENDING,partially_verified,中文问题已定位到本地原文件并核对文本；英文为明确修订版，独立双语语义验收及上游版本/授权仍待确认。,pending
adaptive-hint-sequence-designer__cn53_01,待核验,WEIGHT_POLICY,revised_pending_calibration,v3 明确保留评分项权重；扩展题采用新定义的等权检查项；旧分数不转换为新口径。,pending
adaptive-hint-sequence-designer__cn53_01,待核验,CN263_SEMANTIC_SOURCE_PENDING,partially_verified,中文问题已定位到本地原文件并核对文本；英文为明确修订版，独立双语语义验收及上游版本/授权仍待确认。,pending
adaptive-hint-sequence-designer__cn53_02,待核验,WEIGHT_POLICY,revised_pending_calibration,v3 明确保留评分项权重；扩展题采用新定义的等权检查项；旧分数不转换为新口径。,pending
adaptive-hint-sequence-designer__cn53_02,待核验,CN263_SEMANTIC_SOURCE_PENDING,partially_verified,中文问题已定位到本地原文件并核对文本；英文为明确修订版，独立双语语义验收及上游版本/授权仍待确认。,pending
adaptive-hint-sequence-designer__cn53_03,待核验,WEIGHT_POLICY,revised_pending_calibration,v3 明确保留评分项权重；扩展题采用新定义的等权检查项；旧分数不转换为新口径。,pending
adaptive-hint-sequence-designer__cn53_03,待核验,CN263_SEMANTIC_SOURCE_PENDING,partially_verified,中文问题已定位到本地原文件并核对文本；英文为明确修订版，独立双语语义验收及上游版本/授权仍待确认。,pending
adaptive-hint-sequence-designer__cn53_04,待核验,WEIGHT_POLICY,revised_pending_calibration,v3 明确保留评分项权重；扩展题采用新定义的等权检查项；旧分数不转换为新口径。,pending
adaptive-hint-sequence-designer__cn53_04,待核验,CN263_SEMANTIC_SOURCE_PENDING,partially_verified,中文问题已定位到本地原文件并核对文本；英文为明确修订版，独立双语语义验收及上游版本/授权仍待确认。,pending
adaptive-hint-sequence-designer__cn53_05,待核验,WEIGHT_POLICY,revised_pending_calibration,v3 明确保留评分项权重；扩展题采用新定义的等权检查项；旧分数不转换为新口径。,pending
adaptive-hint-sequence-designer__cn53_05,待核验,CN263_SEMANTIC_SOURCE_PENDING,partially_verified,中文问题已定位到本地原文件并核对文本；英文为明确修订版，独立双语语义验收及上游版本/授权仍待确认。,pending
adaptive-hint-sequence-designer__cn53_06,待核验,WEIGHT_POLICY,revised_pending_calibration,v3 明确保留评分项权重；扩展题采用新定义的等权检查项；旧分数不转换为新口径。,pending
adaptive-hint-sequence-designer__cn53_06,待核验,CN263_SEMANTIC_SOURCE_PENDING,partially_verified,中文问题已定位到本地原文件并核对文本；英文为明确修订版，独立双语语义验收及上游版本/授权仍待确认。,pending
adaptive-hint-sequence-designer__cn53_07,待核验,WEIGHT_POLICY,revised_pending_calibration,v3 明确保留评分项权重；扩展题采用新定义的等权检查项；旧分数不转换为新口径。,pending
adaptive-hint-sequence-designer__cn53_07,待核验,CN263_SEMANTIC_SOURCE_PENDING,partially_verified,中文问题已定位到本地原文件并核对文本；英文为明确修订版，独立双语语义验收及上游版本/授权仍待确认。,pending
adaptive-hint-sequence-designer__cn53_08,待核验,WEIGHT_POLICY,revised_pending_calibration,v3 明确保留评分项权重；扩展题采用新定义的等权检查项；旧分数不转换为新口径。,pending
adaptive-hint-sequence-designer__cn53_08,待核验,CN263_SEMANTIC_SOURCE_PENDING,partially_verified,中文问题已定位到本地原文件并核对文本；英文为明确修订版，独立双语语义验收及上游版本/授权仍待确认。,pending
adaptive-hint-sequence-designer__cn53_09,待核验,WEIGHT_POLICY,revised_pending_calibration,v3 明确保留评分项权重；扩展题采用新定义的等权检查项；旧分数不转换为新口径。,pending
adaptive-hint-sequence-designer__cn53_09,待核验,CN263_SEMANTIC_SOURCE_PENDING,partially_verified,中文问题已定位到本地原文件并核对文本；英文为明确修订版，独立双语语义验收及上游版本/授权仍待确认。,pending
adaptive-hint-sequence-designer__cn53_10,待核验,WEIGHT_POLICY,revised_pending_calibration,v3 明确保留评分项权重；扩展题采用新定义的等权检查项；旧分数不转换为新口径。,pending
adaptive-hint-sequence-designer__cn53_10,待核验,CN263_SEMANTIC_SOURCE_PENDING,partially_verified,中文问题已定位到本地原文件并核对文本；英文为明确修订版，独立双语语义验收及上游版本/授权仍待确认。,pending
backwards-design-unit-planner__cn54_01,待核验,WEIGHT_POLICY,revised_pending_calibration,v3 明确保留评分项权重；扩展题采用新定义的等权检查项；旧分数不转换为新口径。,pending
backwards-design-unit-planner__cn54_01,待核验,ANONYMIZATION,runtime_context_revised,已替换包含姓名的共用背景；原文溯源附件仍含来源信息，不作为匿名发布材料。,pending
backwards-design-unit-planner__cn54_01,待核验,CN263_SEMANTIC_SOURCE_PENDING,partially_verified,中文问题已定位到本地原文件并核对文本；英文为明确修订版，独立双语语义验收及上游版本/授权仍待确认。,pending
backwards-design-unit-planner__cn54_02,待核验,WEIGHT_POLICY,revised_pending_calibration,v3 明确保留评分项权重；扩展题采用新定义的等权检查项；旧分数不转换为新口径。,pending
backwards-design-unit-planner__cn54_02,待核验,ANONYMIZATION,runtime_context_revised,已替换包含姓名的共用背景；原文溯源附件仍含来源信息，不作为匿名发布材料。,pending
backwards-design-unit-planner__cn54_02,待核验,CN263_SEMANTIC_SOURCE_PENDING,partially_verified,中文问题已定位到本地原文件并核对文本；英文为明确修订版，独立双语语义验收及上游版本/授权仍待确认。,pending
backwards-design-unit-planner__cn54_03,待核验,WEIGHT_POLICY,revised_pending_calibration,v3 明确保留评分项权重；扩展题采用新定义的等权检查项；旧分数不转换为新口径。,pending
backwards-design-unit-planner__cn54_03,待核验,ANONYMIZATION,runtime_context_revised,已替换包含姓名的共用背景；原文溯源附件仍含来源信息，不作为匿名发布材料。,pending
backwards-design-unit-planner__cn54_03,待核验,CN263_SEMANTIC_SOURCE_PENDING,partially_verified,中文问题已定位到本地原文件并核对文本；英文为明确修订版，独立双语语义验收及上游版本/授权仍待确认。,pending
backwards-design-unit-planner__cn54_04,待核验,WEIGHT_POLICY,revised_pending_calibration,v3 明确保留评分项权重；扩展题采用新定义的等权检查项；旧分数不转换为新口径。,pending
backwards-design-unit-planner__cn54_04,待核验,ANONYMIZATION,runtime_context_revised,已替换包含姓名的共用背景；原文溯源附件仍含来源信息，不作为匿名发布材料。,pending
backwards-design-unit-planner__cn54_04,待核验,CN263_SEMANTIC_SOURCE_PENDING,partially_verified,中文问题已定位到本地原文件并核对文本；英文为明确修订版，独立双语语义验收及上游版本/授权仍待确认。,pending
backwards-design-unit-planner__cn54_05,待核验,WEIGHT_POLICY,revised_pending_calibration,v3 明确保留评分项权重；扩展题采用新定义的等权检查项；旧分数不转换为新口径。,pending
backwards-design-unit-planner__cn54_05,待核验,ANONYMIZATION,runtime_context_revised,已替换包含姓名的共用背景；原文溯源附件仍含来源信息，不作为匿名发布材料。,pending
backwards-design-unit-planner__cn54_05,待核验,CN263_SEMANTIC_SOURCE_PENDING,partially_verified,中文问题已定位到本地原文件并核对文本；英文为明确修订版，独立双语语义验收及上游版本/授权仍待确认。,pending
backwards-design-unit-planner__cn54_06,待核验,WEIGHT_POLICY,revised_pending_calibration,v3 明确保留评分项权重；扩展题采用新定义的等权检查项；旧分数不转换为新口径。,pending
backwards-design-unit-planner__cn54_06,待核验,ANONYMIZATION,runtime_context_revised,已替换包含姓名的共用背景；原文溯源附件仍含来源信息，不作为匿名发布材料。,pending
backwards-design-unit-planner__cn54_06,待核验,CN263_SEMANTIC_SOURCE_PENDING,partially_verified,中文问题已定位到本地原文件并核对文本；英文为明确修订版，独立双语语义验收及上游版本/授权仍待确认。,pending
backwards-design-unit-planner__cn54_07,待核验,WEIGHT_POLICY,revised_pending_calibration,v3 明确保留评分项权重；扩展题采用新定义的等权检查项；旧分数不转换为新口径。,pending
backwards-design-unit-planner__cn54_07,待核验,ANONYMIZATION,runtime_context_revised,已替换包含姓名的共用背景；原文溯源附件仍含来源信息，不作为匿名发布材料。,pending
backwards-design-unit-planner__cn54_07,待核验,CN263_SEMANTIC_SOURCE_PENDING,partially_verified,中文问题已定位到本地原文件并核对文本；英文为明确修订版，独立双语语义验收及上游版本/授权仍待确认。,pending
backwards-design-unit-planner__cn54_08,待核验,WEIGHT_POLICY,revised_pending_calibration,v3 明确保留评分项权重；扩展题采用新定义的等权检查项；旧分数不转换为新口径。,pending
backwards-design-unit-planner__cn54_08,待核验,ANONYMIZATION,runtime_context_revised,已替换包含姓名的共用背景；原文溯源附件仍含来源信息，不作为匿名发布材料。,pending
backwards-design-unit-planner__cn54_08,待核验,CN263_SEMANTIC_SOURCE_PENDING,partially_verified,中文问题已定位到本地原文件并核对文本；英文为明确修订版，独立双语语义验收及上游版本/授权仍待确认。,pending
backwards-design-unit-planner__cn54_09,待核验,WEIGHT_POLICY,revised_pending_calibration,v3 明确保留评分项权重；扩展题采用新定义的等权检查项；旧分数不转换为新口径。,pending
backwards-design-unit-planner__cn54_09,待核验,ANONYMIZATION,runtime_context_revised,已替换包含姓名的共用背景；原文溯源附件仍含来源信息，不作为匿名发布材料。,pending
backwards-design-unit-planner__cn54_09,待核验,CN263_SEMANTIC_SOURCE_PENDING,partially_verified,中文问题已定位到本地原文件并核对文本；英文为明确修订版，独立双语语义验收及上游版本/授权仍待确认。,pending
backwards-design-unit-planner__cn54_10,待核验,WEIGHT_POLICY,revised_pending_calibration,v3 明确保留评分项权重；扩展题采用新定义的等权检查项；旧分数不转换为新口径。,pending
backwards-design-unit-planner__cn54_10,待核验,ANONYMIZATION,runtime_context_revised,已替换包含姓名的共用背景；原文溯源附件仍含来源信息，不作为匿名发布材料。,pending
backwards-design-unit-planner__cn54_10,待核验,CN263_SEMANTIC_SOURCE_PENDING,partially_verified,中文问题已定位到本地原文件并核对文本；英文为明确修订版，独立双语语义验收及上游版本/授权仍待确认。,pending
lesson-builder__cn55_01,待核验,WEIGHT_POLICY,revised_pending_calibration,v3 明确保留评分项权重；扩展题采用新定义的等权检查项；旧分数不转换为新口径。,pending
lesson-builder__cn55_01,待核验,CN263_SEMANTIC_SOURCE_PENDING,partially_verified,中文问题已定位到本地原文件并核对文本；英文为明确修订版，独立双语语义验收及上游版本/授权仍待确认。,pending
lesson-builder__cn55_02,待核验,WEIGHT_POLICY,revised_pending_calibration,v3 明确保留评分项权重；扩展题采用新定义的等权检查项；旧分数不转换为新口径。,pending
lesson-builder__cn55_02,待核验,CN263_SEMANTIC_SOURCE_PENDING,partially_verified,中文问题已定位到本地原文件并核对文本；英文为明确修订版，独立双语语义验收及上游版本/授权仍待确认。,pending
lesson-builder__cn55_03,待核验,WEIGHT_POLICY,revised_pending_calibration,v3 明确保留评分项权重；扩展题采用新定义的等权检查项；旧分数不转换为新口径。,pending
lesson-builder__cn55_03,待核验,CN263_SEMANTIC_SOURCE_PENDING,partially_verified,中文问题已定位到本地原文件并核对文本；英文为明确修订版，独立双语语义验收及上游版本/授权仍待确认。,pending
lesson-builder__cn55_04,待核验,WEIGHT_POLICY,revised_pending_calibration,v3 明确保留评分项权重；扩展题采用新定义的等权检查项；旧分数不转换为新口径。,pending
lesson-builder__cn55_04,待核验,CN263_SEMANTIC_SOURCE_PENDING,partially_verified,中文问题已定位到本地原文件并核对文本；英文为明确修订版，独立双语语义验收及上游版本/授权仍待确认。,pending
lesson-builder__cn55_05,待核验,WEIGHT_POLICY,revised_pending_calibration,v3 明确保留评分项权重；扩展题采用新定义的等权检查项；旧分数不转换为新口径。,pending
lesson-builder__cn55_05,待核验,CN263_SEMANTIC_SOURCE_PENDING,partially_verified,中文问题已定位到本地原文件并核对文本；英文为明确修订版，独立双语语义验收及上游版本/授权仍待确认。,pending
lesson-builder__cn55_06,待核验,WEIGHT_POLICY,revised_pending_calibration,v3 明确保留评分项权重；扩展题采用新定义的等权检查项；旧分数不转换为新口径。,pending
lesson-builder__cn55_06,待核验,CN263_SEMANTIC_SOURCE_PENDING,partially_verified,中文问题已定位到本地原文件并核对文本；英文为明确修订版，独立双语语义验收及上游版本/授权仍待确认。,pending
lesson-builder__cn55_07,待核验,WEIGHT_POLICY,revised_pending_calibration,v3 明确保留评分项权重；扩展题采用新定义的等权检查项；旧分数不转换为新口径。,pending
lesson-builder__cn55_07,待核验,CN263_SEMANTIC_SOURCE_PENDING,partially_verified,中文问题已定位到本地原文件并核对文本；英文为明确修订版，独立双语语义验收及上游版本/授权仍待确认。,pending
lesson-builder__cn55_08,待核验,WEIGHT_POLICY,revised_pending_calibration,v3 明确保留评分项权重；扩展题采用新定义的等权检查项；旧分数不转换为新口径。,pending
lesson-builder__cn55_08,待核验,CN263_SEMANTIC_SOURCE_PENDING,partially_verified,中文问题已定位到本地原文件并核对文本；英文为明确修订版，独立双语语义验收及上游版本/授权仍待确认。,pending
lesson-builder__cn55_09,待核验,WEIGHT_POLICY,revised_pending_calibration,v3 明确保留评分项权重；扩展题采用新定义的等权检查项；旧分数不转换为新口径。,pending
lesson-builder__cn55_09,待核验,CN263_SEMANTIC_SOURCE_PENDING,partially_verified,中文问题已定位到本地原文件并核对文本；英文为明确修订版，独立双语语义验收及上游版本/授权仍待确认。,pending
lesson-builder__cn55_10,待核验,WEIGHT_POLICY,revised_pending_calibration,v3 明确保留评分项权重；扩展题采用新定义的等权检查项；旧分数不转换为新口径。,pending
lesson-builder__cn55_10,待核验,CN263_SEMANTIC_SOURCE_PENDING,partially_verified,中文问题已定位到本地原文件并核对文本；英文为明确修订版，独立双语语义验收及上游版本/授权仍待确认。,pending
socratic-questioning-sequence-generator__cn56_01,待核验,WEIGHT_POLICY,revised_pending_calibration,v3 明确保留评分项权重；扩展题采用新定义的等权检查项；旧分数不转换为新口径。,pending
socratic-questioning-sequence-generator__cn56_01,待核验,ANONYMIZATION,runtime_context_revised,已替换包含姓名的共用背景；原文溯源附件仍含来源信息，不作为匿名发布材料。,pending
socratic-questioning-sequence-generator__cn56_01,待核验,CN263_SEMANTIC_SOURCE_PENDING,partially_verified,中文问题已定位到本地原文件并核对文本；英文为明确修订版，独立双语语义验收及上游版本/授权仍待确认。,pending
socratic-questioning-sequence-generator__cn56_02,待核验,WEIGHT_POLICY,revised_pending_calibration,v3 明确保留评分项权重；扩展题采用新定义的等权检查项；旧分数不转换为新口径。,pending
socratic-questioning-sequence-generator__cn56_02,待核验,ANONYMIZATION,runtime_context_revised,已替换包含姓名的共用背景；原文溯源附件仍含来源信息，不作为匿名发布材料。,pending
socratic-questioning-sequence-generator__cn56_02,待核验,CN263_SEMANTIC_SOURCE_PENDING,partially_verified,中文问题已定位到本地原文件并核对文本；英文为明确修订版，独立双语语义验收及上游版本/授权仍待确认。,pending
socratic-questioning-sequence-generator__cn56_03,待核验,WEIGHT_POLICY,revised_pending_calibration,v3 明确保留评分项权重；扩展题采用新定义的等权检查项；旧分数不转换为新口径。,pending
socratic-questioning-sequence-generator__cn56_03,待核验,ANONYMIZATION,runtime_context_revised,已替换包含姓名的共用背景；原文溯源附件仍含来源信息，不作为匿名发布材料。,pending
socratic-questioning-sequence-generator__cn56_03,待核验,CN263_SEMANTIC_SOURCE_PENDING,partially_verified,中文问题已定位到本地原文件并核对文本；英文为明确修订版，独立双语语义验收及上游版本/授权仍待确认。,pending
socratic-questioning-sequence-generator__cn56_04,待核验,WEIGHT_POLICY,revised_pending_calibration,v3 明确保留评分项权重；扩展题采用新定义的等权检查项；旧分数不转换为新口径。,pending
socratic-questioning-sequence-generator__cn56_04,待核验,ANONYMIZATION,runtime_context_revised,已替换包含姓名的共用背景；原文溯源附件仍含来源信息，不作为匿名发布材料。,pending
socratic-questioning-sequence-generator__cn56_04,待核验,CN263_SEMANTIC_SOURCE_PENDING,partially_verified,中文问题已定位到本地原文件并核对文本；英文为明确修订版，独立双语语义验收及上游版本/授权仍待确认。,pending
socratic-questioning-sequence-generator__cn56_05,待核验,WEIGHT_POLICY,revised_pending_calibration,v3 明确保留评分项权重；扩展题采用新定义的等权检查项；旧分数不转换为新口径。,pending
socratic-questioning-sequence-generator__cn56_05,待核验,ANONYMIZATION,runtime_context_revised,已替换包含姓名的共用背景；原文溯源附件仍含来源信息，不作为匿名发布材料。,pending
socratic-questioning-sequence-generator__cn56_05,待核验,CN263_SEMANTIC_SOURCE_PENDING,partially_verified,中文问题已定位到本地原文件并核对文本；英文为明确修订版，独立双语语义验收及上游版本/授权仍待确认。,pending
socratic-questioning-sequence-generator__cn56_06,待核验,WEIGHT_POLICY,revised_pending_calibration,v3 明确保留评分项权重；扩展题采用新定义的等权检查项；旧分数不转换为新口径。,pending
socratic-questioning-sequence-generator__cn56_06,待核验,ANONYMIZATION,runtime_context_revised,已替换包含姓名的共用背景；原文溯源附件仍含来源信息，不作为匿名发布材料。,pending
socratic-questioning-sequence-generator__cn56_06,待核验,CN263_SEMANTIC_SOURCE_PENDING,partially_verified,中文问题已定位到本地原文件并核对文本；英文为明确修订版，独立双语语义验收及上游版本/授权仍待确认。,pending
socratic-questioning-sequence-generator__cn56_07,待核验,WEIGHT_POLICY,revised_pending_calibration,v3 明确保留评分项权重；扩展题采用新定义的等权检查项；旧分数不转换为新口径。,pending
socratic-questioning-sequence-generator__cn56_07,待核验,ANONYMIZATION,runtime_context_revised,已替换包含姓名的共用背景；原文溯源附件仍含来源信息，不作为匿名发布材料。,pending
socratic-questioning-sequence-generator__cn56_07,待核验,CN263_SEMANTIC_SOURCE_PENDING,partially_verified,中文问题已定位到本地原文件并核对文本；英文为明确修订版，独立双语语义验收及上游版本/授权仍待确认。,pending
socratic-questioning-sequence-generator__cn56_08,待核验,WEIGHT_POLICY,revised_pending_calibration,v3 明确保留评分项权重；扩展题采用新定义的等权检查项；旧分数不转换为新口径。,pending
socratic-questioning-sequence-generator__cn56_08,待核验,ANONYMIZATION,runtime_context_revised,已替换包含姓名的共用背景；原文溯源附件仍含来源信息，不作为匿名发布材料。,pending
socratic-questioning-sequence-generator__cn56_08,待核验,CN263_SEMANTIC_SOURCE_PENDING,partially_verified,中文问题已定位到本地原文件并核对文本；英文为明确修订版，独立双语语义验收及上游版本/授权仍待确认。,pending
socratic-questioning-sequence-generator__cn56_09,待核验,WEIGHT_POLICY,revised_pending_calibration,v3 明确保留评分项权重；扩展题采用新定义的等权检查项；旧分数不转换为新口径。,pending
socratic-questioning-sequence-generator__cn56_09,待核验,ANONYMIZATION,runtime_context_revised,已替换包含姓名的共用背景；原文溯源附件仍含来源信息，不作为匿名发布材料。,pending
socratic-questioning-sequence-generator__cn56_09,待核验,CN263_SEMANTIC_SOURCE_PENDING,partially_verified,中文问题已定位到本地原文件并核对文本；英文为明确修订版，独立双语语义验收及上游版本/授权仍待确认。,pending
socratic-questioning-sequence-generator__cn56_10,待核验,WEIGHT_POLICY,revised_pending_calibration,v3 明确保留评分项权重；扩展题采用新定义的等权检查项；旧分数不转换为新口径。,pending
socratic-questioning-sequence-generator__cn56_10,待核验,ANONYMIZATION,runtime_context_revised,已替换包含姓名的共用背景；原文溯源附件仍含来源信息，不作为匿名发布材料。,pending
socratic-questioning-sequence-generator__cn56_10,待核验,CN263_SEMANTIC_SOURCE_PENDING,partially_verified,中文问题已定位到本地原文件并核对文本；英文为明确修订版，独立双语语义验收及上游版本/授权仍待确认。,pending
lesson-builder__cn57_01,待核验,WEIGHT_POLICY,revised_pending_calibration,v3 明确保留评分项权重；扩展题采用新定义的等权检查项；旧分数不转换为新口径。,pending
lesson-builder__cn57_01,待核验,CN263_SEMANTIC_SOURCE_PENDING,partially_verified,中文问题已定位到本地原文件并核对文本；英文为明确修订版，独立双语语义验收及上游版本/授权仍待确认。,pending
lesson-builder__cn57_02,待核验,WEIGHT_POLICY,revised_pending_calibration,v3 明确保留评分项权重；扩展题采用新定义的等权检查项；旧分数不转换为新口径。,pending
lesson-builder__cn57_02,待核验,CN263_SEMANTIC_SOURCE_PENDING,partially_verified,中文问题已定位到本地原文件并核对文本；英文为明确修订版，独立双语语义验收及上游版本/授权仍待确认。,pending
lesson-builder__cn57_03,待核验,WEIGHT_POLICY,revised_pending_calibration,v3 明确保留评分项权重；扩展题采用新定义的等权检查项；旧分数不转换为新口径。,pending
lesson-builder__cn57_03,待核验,CN263_SEMANTIC_SOURCE_PENDING,partially_verified,中文问题已定位到本地原文件并核对文本；英文为明确修订版，独立双语语义验收及上游版本/授权仍待确认。,pending
lesson-builder__cn57_04,待核验,WEIGHT_POLICY,revised_pending_calibration,v3 明确保留评分项权重；扩展题采用新定义的等权检查项；旧分数不转换为新口径。,pending
lesson-builder__cn57_04,待核验,CN263_SEMANTIC_SOURCE_PENDING,partially_verified,中文问题已定位到本地原文件并核对文本；英文为明确修订版，独立双语语义验收及上游版本/授权仍待确认。,pending
lesson-builder__cn57_05,待核验,WEIGHT_POLICY,revised_pending_calibration,v3 明确保留评分项权重；扩展题采用新定义的等权检查项；旧分数不转换为新口径。,pending
lesson-builder__cn57_05,待核验,CN263_SEMANTIC_SOURCE_PENDING,partially_verified,中文问题已定位到本地原文件并核对文本；英文为明确修订版，独立双语语义验收及上游版本/授权仍待确认。,pending
lesson-builder__cn57_06,待核验,WEIGHT_POLICY,revised_pending_calibration,v3 明确保留评分项权重；扩展题采用新定义的等权检查项；旧分数不转换为新口径。,pending
lesson-builder__cn57_06,待核验,CN263_SEMANTIC_SOURCE_PENDING,partially_verified,中文问题已定位到本地原文件并核对文本；英文为明确修订版，独立双语语义验收及上游版本/授权仍待确认。,pending
lesson-builder__cn57_07,待核验,WEIGHT_POLICY,revised_pending_calibration,v3 明确保留评分项权重；扩展题采用新定义的等权检查项；旧分数不转换为新口径。,pending
lesson-builder__cn57_07,待核验,CN263_SEMANTIC_SOURCE_PENDING,partially_verified,中文问题已定位到本地原文件并核对文本；英文为明确修订版，独立双语语义验收及上游版本/授权仍待确认。,pending
lesson-builder__cn57_08,待核验,WEIGHT_POLICY,revised_pending_calibration,v3 明确保留评分项权重；扩展题采用新定义的等权检查项；旧分数不转换为新口径。,pending
lesson-builder__cn57_08,待核验,CN263_SEMANTIC_SOURCE_PENDING,partially_verified,中文问题已定位到本地原文件并核对文本；英文为明确修订版，独立双语语义验收及上游版本/授权仍待确认。,pending
lesson-builder__cn57_09,待核验,WEIGHT_POLICY,revised_pending_calibration,v3 明确保留评分项权重；扩展题采用新定义的等权检查项；旧分数不转换为新口径。,pending
lesson-builder__cn57_09,待核验,CN263_SEMANTIC_SOURCE_PENDING,partially_verified,中文问题已定位到本地原文件并核对文本；英文为明确修订版，独立双语语义验收及上游版本/授权仍待确认。,pending
lesson-builder__cn57_10,待核验,WEIGHT_POLICY,revised_pending_calibration,v3 明确保留评分项权重；扩展题采用新定义的等权检查项；旧分数不转换为新口径。,pending
lesson-builder__cn57_10,待核验,CN263_SEMANTIC_SOURCE_PENDING,partially_verified,中文问题已定位到本地原文件并核对文本；英文为明确修订版，独立双语语义验收及上游版本/授权仍待确认。,pending
adaptive-hint-sequence-designer__cn59_01,不通过,WEIGHT_POLICY,revised_pending_calibration,v3 明确保留评分项权重；扩展题采用新定义的等权检查项；旧分数不转换为新口径。,pending
adaptive-hint-sequence-designer__cn59_01,不通过,TOPIC_MISMATCH,revised_pending_acceptance,已按当前问题主题重写，等价正确方法允许。,pending
adaptive-hint-sequence-designer__cn59_01,不通过,CN263_SEMANTIC_SOURCE_PENDING,partially_verified,中文问题已定位到本地原文件并核对文本；英文为明确修订版，独立双语语义验收及上游版本/授权仍待确认。,pending
adaptive-hint-sequence-designer__cn59_02,不通过,WEIGHT_POLICY,revised_pending_calibration,v3 明确保留评分项权重；扩展题采用新定义的等权检查项；旧分数不转换为新口径。,pending
adaptive-hint-sequence-designer__cn59_02,不通过,TOPIC_MISMATCH,revised_pending_acceptance,已按当前问题主题重写，等价正确方法允许。,pending
adaptive-hint-sequence-designer__cn59_02,不通过,CN263_SEMANTIC_SOURCE_PENDING,partially_verified,中文问题已定位到本地原文件并核对文本；英文为明确修订版，独立双语语义验收及上游版本/授权仍待确认。,pending
adaptive-hint-sequence-designer__cn59_03,不通过,WEIGHT_POLICY,revised_pending_calibration,v3 明确保留评分项权重；扩展题采用新定义的等权检查项；旧分数不转换为新口径。,pending
adaptive-hint-sequence-designer__cn59_03,不通过,TOPIC_MISMATCH,revised_pending_acceptance,已按当前问题主题重写，等价正确方法允许。,pending
adaptive-hint-sequence-designer__cn59_03,不通过,CN263_SEMANTIC_SOURCE_PENDING,partially_verified,中文问题已定位到本地原文件并核对文本；英文为明确修订版，独立双语语义验收及上游版本/授权仍待确认。,pending
adaptive-hint-sequence-designer__cn59_04,不通过,WEIGHT_POLICY,revised_pending_calibration,v3 明确保留评分项权重；扩展题采用新定义的等权检查项；旧分数不转换为新口径。,pending
adaptive-hint-sequence-designer__cn59_04,不通过,TOPIC_MISMATCH,revised_pending_acceptance,已按当前问题主题重写，等价正确方法允许。,pending
adaptive-hint-sequence-designer__cn59_04,不通过,CN263_SEMANTIC_SOURCE_PENDING,partially_verified,中文问题已定位到本地原文件并核对文本；英文为明确修订版，独立双语语义验收及上游版本/授权仍待确认。,pending
adaptive-hint-sequence-designer__cn59_05,不通过,WEIGHT_POLICY,revised_pending_calibration,v3 明确保留评分项权重；扩展题采用新定义的等权检查项；旧分数不转换为新口径。,pending
adaptive-hint-sequence-designer__cn59_05,不通过,TOPIC_MISMATCH,revised_pending_acceptance,已按当前问题主题重写，等价正确方法允许。,pending
adaptive-hint-sequence-designer__cn59_05,不通过,CN263_SEMANTIC_SOURCE_PENDING,partially_verified,中文问题已定位到本地原文件并核对文本；英文为明确修订版，独立双语语义验收及上游版本/授权仍待确认。,pending
adaptive-hint-sequence-designer__cn59_06,不通过,WEIGHT_POLICY,revised_pending_calibration,v3 明确保留评分项权重；扩展题采用新定义的等权检查项；旧分数不转换为新口径。,pending
adaptive-hint-sequence-designer__cn59_06,不通过,TOPIC_MISMATCH,revised_pending_acceptance,已按当前问题主题重写，等价正确方法允许。,pending
adaptive-hint-sequence-designer__cn59_06,不通过,CN263_SEMANTIC_SOURCE_PENDING,partially_verified,中文问题已定位到本地原文件并核对文本；英文为明确修订版，独立双语语义验收及上游版本/授权仍待确认。,pending
adaptive-hint-sequence-designer__cn59_07,待核验,WEIGHT_POLICY,revised_pending_calibration,v3 明确保留评分项权重；扩展题采用新定义的等权检查项；旧分数不转换为新口径。,pending
adaptive-hint-sequence-designer__cn59_07,待核验,CN263_SEMANTIC_SOURCE_PENDING,partially_verified,中文问题已定位到本地原文件并核对文本；英文为明确修订版，独立双语语义验收及上游版本/授权仍待确认。,pending
adaptive-hint-sequence-designer__cn59_08,不通过,WEIGHT_POLICY,revised_pending_calibration,v3 明确保留评分项权重；扩展题采用新定义的等权检查项；旧分数不转换为新口径。,pending
adaptive-hint-sequence-designer__cn59_08,不通过,TOPIC_MISMATCH,revised_pending_acceptance,已按当前问题主题重写，等价正确方法允许。,pending
adaptive-hint-sequence-designer__cn59_08,不通过,CN263_SEMANTIC_SOURCE_PENDING,partially_verified,中文问题已定位到本地原文件并核对文本；英文为明确修订版，独立双语语义验收及上游版本/授权仍待确认。,pending
adaptive-hint-sequence-designer__cn59_09,不通过,WEIGHT_POLICY,revised_pending_calibration,v3 明确保留评分项权重；扩展题采用新定义的等权检查项；旧分数不转换为新口径。,pending
adaptive-hint-sequence-designer__cn59_09,不通过,TOPIC_MISMATCH,revised_pending_acceptance,已按当前问题主题重写，等价正确方法允许。,pending
adaptive-hint-sequence-designer__cn59_09,不通过,CN263_SEMANTIC_SOURCE_PENDING,partially_verified,中文问题已定位到本地原文件并核对文本；英文为明确修订版，独立双语语义验收及上游版本/授权仍待确认。,pending
adaptive-hint-sequence-designer__cn59_10,不通过,WEIGHT_POLICY,revised_pending_calibration,v3 明确保留评分项权重；扩展题采用新定义的等权检查项；旧分数不转换为新口径。,pending
adaptive-hint-sequence-designer__cn59_10,不通过,TOPIC_MISMATCH,revised_pending_acceptance,已按当前问题主题重写，等价正确方法允许。,pending
adaptive-hint-sequence-designer__cn59_10,不通过,CN263_SEMANTIC_SOURCE_PENDING,partially_verified,中文问题已定位到本地原文件并核对文本；英文为明确修订版，独立双语语义验收及上游版本/授权仍待确认。,pending
lesson-builder__cn60_01,待核验,WEIGHT_POLICY,revised_pending_calibration,v3 明确保留评分项权重；扩展题采用新定义的等权检查项；旧分数不转换为新口径。,pending
lesson-builder__cn60_01,待核验,CN263_SEMANTIC_SOURCE_PENDING,partially_verified,中文问题已定位到本地原文件并核对文本；英文为明确修订版，独立双语语义验收及上游版本/授权仍待确认。,pending
lesson-builder__cn60_02,待核验,WEIGHT_POLICY,revised_pending_calibration,v3 明确保留评分项权重；扩展题采用新定义的等权检查项；旧分数不转换为新口径。,pending
lesson-builder__cn60_02,待核验,CN263_SEMANTIC_SOURCE_PENDING,partially_verified,中文问题已定位到本地原文件并核对文本；英文为明确修订版，独立双语语义验收及上游版本/授权仍待确认。,pending
lesson-builder__cn60_03,待核验,WEIGHT_POLICY,revised_pending_calibration,v3 明确保留评分项权重；扩展题采用新定义的等权检查项；旧分数不转换为新口径。,pending
lesson-builder__cn60_03,待核验,CN263_SEMANTIC_SOURCE_PENDING,partially_verified,中文问题已定位到本地原文件并核对文本；英文为明确修订版，独立双语语义验收及上游版本/授权仍待确认。,pending
lesson-builder__cn60_04,待核验,WEIGHT_POLICY,revised_pending_calibration,v3 明确保留评分项权重；扩展题采用新定义的等权检查项；旧分数不转换为新口径。,pending
lesson-builder__cn60_04,待核验,CN263_SEMANTIC_SOURCE_PENDING,partially_verified,中文问题已定位到本地原文件并核对文本；英文为明确修订版，独立双语语义验收及上游版本/授权仍待确认。,pending
lesson-builder__cn60_05,待核验,WEIGHT_POLICY,revised_pending_calibration,v3 明确保留评分项权重；扩展题采用新定义的等权检查项；旧分数不转换为新口径。,pending
lesson-builder__cn60_05,待核验,CN263_SEMANTIC_SOURCE_PENDING,partially_verified,中文问题已定位到本地原文件并核对文本；英文为明确修订版，独立双语语义验收及上游版本/授权仍待确认。,pending
lesson-builder__cn60_06,待核验,WEIGHT_POLICY,revised_pending_calibration,v3 明确保留评分项权重；扩展题采用新定义的等权检查项；旧分数不转换为新口径。,pending
lesson-builder__cn60_06,待核验,CN263_SEMANTIC_SOURCE_PENDING,partially_verified,中文问题已定位到本地原文件并核对文本；英文为明确修订版，独立双语语义验收及上游版本/授权仍待确认。,pending
lesson-builder__cn60_07,待核验,WEIGHT_POLICY,revised_pending_calibration,v3 明确保留评分项权重；扩展题采用新定义的等权检查项；旧分数不转换为新口径。,pending
lesson-builder__cn60_07,待核验,CN263_SEMANTIC_SOURCE_PENDING,partially_verified,中文问题已定位到本地原文件并核对文本；英文为明确修订版，独立双语语义验收及上游版本/授权仍待确认。,pending
lesson-builder__cn60_08,待核验,WEIGHT_POLICY,revised_pending_calibration,v3 明确保留评分项权重；扩展题采用新定义的等权检查项；旧分数不转换为新口径。,pending
lesson-builder__cn60_08,待核验,CN263_SEMANTIC_SOURCE_PENDING,partially_verified,中文问题已定位到本地原文件并核对文本；英文为明确修订版，独立双语语义验收及上游版本/授权仍待确认。,pending
lesson-builder__cn60_09,待核验,WEIGHT_POLICY,revised_pending_calibration,v3 明确保留评分项权重；扩展题采用新定义的等权检查项；旧分数不转换为新口径。,pending
lesson-builder__cn60_09,待核验,CN263_SEMANTIC_SOURCE_PENDING,partially_verified,中文问题已定位到本地原文件并核对文本；英文为明确修订版，独立双语语义验收及上游版本/授权仍待确认。,pending
lesson-builder__cn60_10,待核验,WEIGHT_POLICY,revised_pending_calibration,v3 明确保留评分项权重；扩展题采用新定义的等权检查项；旧分数不转换为新口径。,pending
lesson-builder__cn60_10,待核验,CN263_SEMANTIC_SOURCE_PENDING,partially_verified,中文问题已定位到本地原文件并核对文本；英文为明确修订版，独立双语语义验收及上游版本/授权仍待确认。,pending
differentiation-adapter__cn62_01,不通过,WEIGHT_POLICY,revised_pending_calibration,v3 明确保留评分项权重；扩展题采用新定义的等权检查项；旧分数不转换为新口径。,pending
differentiation-adapter__cn62_01,不通过,GROUP_REFERENCE_SCOPE,revised_pending_acceptance,按单题重写背景、参考要点和评分检查。,pending
differentiation-adapter__cn62_01,不通过,CN263_SEMANTIC_SOURCE_PENDING,partially_verified,中文问题已定位到本地原文件并核对文本；英文为明确修订版，独立双语语义验收及上游版本/授权仍待确认。,pending
differentiation-adapter__cn62_02,不通过,WEIGHT_POLICY,revised_pending_calibration,v3 明确保留评分项权重；扩展题采用新定义的等权检查项；旧分数不转换为新口径。,pending
differentiation-adapter__cn62_02,不通过,GROUP_REFERENCE_SCOPE,revised_pending_acceptance,按单题重写背景、参考要点和评分检查。,pending
differentiation-adapter__cn62_02,不通过,CN263_SEMANTIC_SOURCE_PENDING,partially_verified,中文问题已定位到本地原文件并核对文本；英文为明确修订版，独立双语语义验收及上游版本/授权仍待确认。,pending
differentiation-adapter__cn62_03,不通过,WEIGHT_POLICY,revised_pending_calibration,v3 明确保留评分项权重；扩展题采用新定义的等权检查项；旧分数不转换为新口径。,pending
differentiation-adapter__cn62_03,不通过,GROUP_REFERENCE_SCOPE,revised_pending_acceptance,按单题重写背景、参考要点和评分检查。,pending
differentiation-adapter__cn62_03,不通过,CN263_SEMANTIC_SOURCE_PENDING,partially_verified,中文问题已定位到本地原文件并核对文本；英文为明确修订版，独立双语语义验收及上游版本/授权仍待确认。,pending
differentiation-adapter__cn62_04,不通过,WEIGHT_POLICY,revised_pending_calibration,v3 明确保留评分项权重；扩展题采用新定义的等权检查项；旧分数不转换为新口径。,pending
differentiation-adapter__cn62_04,不通过,GROUP_REFERENCE_SCOPE,revised_pending_acceptance,按单题重写背景、参考要点和评分检查。,pending
differentiation-adapter__cn62_04,不通过,CN263_SEMANTIC_SOURCE_PENDING,partially_verified,中文问题已定位到本地原文件并核对文本；英文为明确修订版，独立双语语义验收及上游版本/授权仍待确认。,pending
differentiation-adapter__cn62_05,不通过,WEIGHT_POLICY,revised_pending_calibration,v3 明确保留评分项权重；扩展题采用新定义的等权检查项；旧分数不转换为新口径。,pending
differentiation-adapter__cn62_05,不通过,GROUP_REFERENCE_SCOPE,revised_pending_acceptance,按单题重写背景、参考要点和评分检查。,pending
differentiation-adapter__cn62_05,不通过,CN263_SEMANTIC_SOURCE_PENDING,partially_verified,中文问题已定位到本地原文件并核对文本；英文为明确修订版，独立双语语义验收及上游版本/授权仍待确认。,pending
differentiation-adapter__cn62_06,不通过,WEIGHT_POLICY,revised_pending_calibration,v3 明确保留评分项权重；扩展题采用新定义的等权检查项；旧分数不转换为新口径。,pending
differentiation-adapter__cn62_06,不通过,GROUP_REFERENCE_SCOPE,revised_pending_acceptance,按单题重写背景、参考要点和评分检查。,pending
differentiation-adapter__cn62_06,不通过,CN263_SEMANTIC_SOURCE_PENDING,partially_verified,中文问题已定位到本地原文件并核对文本；英文为明确修订版，独立双语语义验收及上游版本/授权仍待确认。,pending
differentiation-adapter__cn62_07,不通过,WEIGHT_POLICY,revised_pending_calibration,v3 明确保留评分项权重；扩展题采用新定义的等权检查项；旧分数不转换为新口径。,pending
differentiation-adapter__cn62_07,不通过,GROUP_REFERENCE_SCOPE,revised_pending_acceptance,按单题重写背景、参考要点和评分检查。,pending
differentiation-adapter__cn62_07,不通过,CN263_SEMANTIC_SOURCE_PENDING,partially_verified,中文问题已定位到本地原文件并核对文本；英文为明确修订版，独立双语语义验收及上游版本/授权仍待确认。,pending
differentiation-adapter__cn62_08,不通过,WEIGHT_POLICY,revised_pending_calibration,v3 明确保留评分项权重；扩展题采用新定义的等权检查项；旧分数不转换为新口径。,pending
differentiation-adapter__cn62_08,不通过,GROUP_REFERENCE_SCOPE,revised_pending_acceptance,按单题重写背景、参考要点和评分检查。,pending
differentiation-adapter__cn62_08,不通过,CN263_SEMANTIC_SOURCE_PENDING,partially_verified,中文问题已定位到本地原文件并核对文本；英文为明确修订版，独立双语语义验收及上游版本/授权仍待确认。,pending
differentiation-adapter__cn62_09,不通过,WEIGHT_POLICY,revised_pending_calibration,v3 明确保留评分项权重；扩展题采用新定义的等权检查项；旧分数不转换为新口径。,pending
differentiation-adapter__cn62_09,不通过,GROUP_REFERENCE_SCOPE,revised_pending_acceptance,按单题重写背景、参考要点和评分检查。,pending
differentiation-adapter__cn62_09,不通过,CN263_SEMANTIC_SOURCE_PENDING,partially_verified,中文问题已定位到本地原文件并核对文本；英文为明确修订版，独立双语语义验收及上游版本/授权仍待确认。,pending
differentiation-adapter__cn62_10,不通过,WEIGHT_POLICY,revised_pending_calibration,v3 明确保留评分项权重；扩展题采用新定义的等权检查项；旧分数不转换为新口径。,pending
differentiation-adapter__cn62_10,不通过,GROUP_REFERENCE_SCOPE,revised_pending_acceptance,按单题重写背景、参考要点和评分检查。,pending
differentiation-adapter__cn62_10,不通过,CN263_SEMANTIC_SOURCE_PENDING,partially_verified,中文问题已定位到本地原文件并核对文本；英文为明确修订版，独立双语语义验收及上游版本/授权仍待确认。,pending
differentiation-adapter__cn63_01,不通过,GROUP_REFERENCE_SCOPE,revised_pending_acceptance,按单题重写背景、参考要点和评分检查。,pending
differentiation-adapter__cn63_01,不通过,ANONYMIZATION,runtime_context_revised,已替换包含姓名的共用背景；原文溯源附件仍含来源信息，不作为匿名发布材料。,pending
differentiation-adapter__cn63_01,不通过,CN263_SEMANTIC_SOURCE_PENDING,partially_verified,中文问题已定位到本地原文件并核对文本；英文为明确修订版，独立双语语义验收及上游版本/授权仍待确认。,pending
differentiation-adapter__cn63_02,不通过,GROUP_REFERENCE_SCOPE,revised_pending_acceptance,按单题重写背景、参考要点和评分检查。,pending
differentiation-adapter__cn63_02,不通过,ANONYMIZATION,runtime_context_revised,已替换包含姓名的共用背景；原文溯源附件仍含来源信息，不作为匿名发布材料。,pending
differentiation-adapter__cn63_02,不通过,CN263_SEMANTIC_SOURCE_PENDING,partially_verified,中文问题已定位到本地原文件并核对文本；英文为明确修订版，独立双语语义验收及上游版本/授权仍待确认。,pending
differentiation-adapter__cn63_03,不通过,GROUP_REFERENCE_SCOPE,revised_pending_acceptance,按单题重写背景、参考要点和评分检查。,pending
differentiation-adapter__cn63_03,不通过,ANONYMIZATION,runtime_context_revised,已替换包含姓名的共用背景；原文溯源附件仍含来源信息，不作为匿名发布材料。,pending
differentiation-adapter__cn63_03,不通过,CN263_SEMANTIC_SOURCE_PENDING,partially_verified,中文问题已定位到本地原文件并核对文本；英文为明确修订版，独立双语语义验收及上游版本/授权仍待确认。,pending
differentiation-adapter__cn63_04,不通过,GROUP_REFERENCE_SCOPE,revised_pending_acceptance,按单题重写背景、参考要点和评分检查。,pending
differentiation-adapter__cn63_04,不通过,ANONYMIZATION,runtime_context_revised,已替换包含姓名的共用背景；原文溯源附件仍含来源信息，不作为匿名发布材料。,pending
differentiation-adapter__cn63_04,不通过,CN263_SEMANTIC_SOURCE_PENDING,partially_verified,中文问题已定位到本地原文件并核对文本；英文为明确修订版，独立双语语义验收及上游版本/授权仍待确认。,pending
differentiation-adapter__cn63_05,不通过,GROUP_REFERENCE_SCOPE,revised_pending_acceptance,按单题重写背景、参考要点和评分检查。,pending
differentiation-adapter__cn63_05,不通过,ANONYMIZATION,runtime_context_revised,已替换包含姓名的共用背景；原文溯源附件仍含来源信息，不作为匿名发布材料。,pending
differentiation-adapter__cn63_05,不通过,CN263_SEMANTIC_SOURCE_PENDING,partially_verified,中文问题已定位到本地原文件并核对文本；英文为明确修订版，独立双语语义验收及上游版本/授权仍待确认。,pending
differentiation-adapter__cn63_06,不通过,GROUP_REFERENCE_SCOPE,revised_pending_acceptance,按单题重写背景、参考要点和评分检查。,pending
differentiation-adapter__cn63_06,不通过,ANONYMIZATION,runtime_context_revised,已替换包含姓名的共用背景；原文溯源附件仍含来源信息，不作为匿名发布材料。,pending
differentiation-adapter__cn63_06,不通过,CN263_SEMANTIC_SOURCE_PENDING,partially_verified,中文问题已定位到本地原文件并核对文本；英文为明确修订版，独立双语语义验收及上游版本/授权仍待确认。,pending
differentiation-adapter__cn63_07,不通过,GROUP_REFERENCE_SCOPE,revised_pending_acceptance,按单题重写背景、参考要点和评分检查。,pending
differentiation-adapter__cn63_07,不通过,ANONYMIZATION,runtime_context_revised,已替换包含姓名的共用背景；原文溯源附件仍含来源信息，不作为匿名发布材料。,pending
differentiation-adapter__cn63_07,不通过,CN263_SEMANTIC_SOURCE_PENDING,partially_verified,中文问题已定位到本地原文件并核对文本；英文为明确修订版，独立双语语义验收及上游版本/授权仍待确认。,pending
differentiation-adapter__cn63_08,不通过,GROUP_REFERENCE_SCOPE,revised_pending_acceptance,按单题重写背景、参考要点和评分检查。,pending
differentiation-adapter__cn63_08,不通过,ANONYMIZATION,runtime_context_revised,已替换包含姓名的共用背景；原文溯源附件仍含来源信息，不作为匿名发布材料。,pending
differentiation-adapter__cn63_08,不通过,CN263_SEMANTIC_SOURCE_PENDING,partially_verified,中文问题已定位到本地原文件并核对文本；英文为明确修订版，独立双语语义验收及上游版本/授权仍待确认。,pending
differentiation-adapter__cn63_09,不通过,GROUP_REFERENCE_SCOPE,revised_pending_acceptance,按单题重写背景、参考要点和评分检查。,pending
differentiation-adapter__cn63_09,不通过,ANONYMIZATION,runtime_context_revised,已替换包含姓名的共用背景；原文溯源附件仍含来源信息，不作为匿名发布材料。,pending
differentiation-adapter__cn63_09,不通过,CN263_SEMANTIC_SOURCE_PENDING,partially_verified,中文问题已定位到本地原文件并核对文本；英文为明确修订版，独立双语语义验收及上游版本/授权仍待确认。,pending
differentiation-adapter__cn63_10,不通过,GROUP_REFERENCE_SCOPE,revised_pending_acceptance,按单题重写背景、参考要点和评分检查。,pending
differentiation-adapter__cn63_10,不通过,ANONYMIZATION,runtime_context_revised,已替换包含姓名的共用背景；原文溯源附件仍含来源信息，不作为匿名发布材料。,pending
differentiation-adapter__cn63_10,不通过,CN263_SEMANTIC_SOURCE_PENDING,partially_verified,中文问题已定位到本地原文件并核对文本；英文为明确修订版，独立双语语义验收及上游版本/授权仍待确认。,pending
