dataset,task_id,content_status,release_status,changed_fields
original42,hinge-question-designer__01,editorially_revised_pending_independent_acceptance,blocked_pending_acceptance,"user_prompt,rubric"
original42,hinge-question-designer__02,editorially_revised_pending_independent_acceptance,blocked_pending_acceptance,"user_prompt,rubric"
original42,hinge-question-designer__03,editorially_revised_pending_independent_acceptance,blocked_pending_acceptance,rubric
original42,retrieval-practice-generator__01,editorially_revised_pending_independent_acceptance,blocked_pending_acceptance,"user_prompt,rubric"
original42,retrieval-practice-generator__02,editorially_revised_pending_independent_acceptance,blocked_pending_acceptance,"user_prompt,rubric"
original42,retrieval-practice-generator__03,editorially_revised_pending_independent_acceptance,blocked_pending_acceptance,"rubric,education_stage"
original42,socratic-questioning-sequence-generator__01,editorially_revised_pending_independent_acceptance,blocked_pending_acceptance,"user_prompt,rubric"
original42,socratic-questioning-sequence-generator__02,editorially_revised_pending_independent_acceptance,blocked_pending_acceptance,"user_prompt,expected_output,rubric"
original42,socratic-questioning-sequence-generator__03,editorially_revised_pending_independent_acceptance,blocked_pending_acceptance,"user_prompt,rubric,education_stage"
original42,differentiation-adapter__01,editorially_revised_pending_independent_acceptance,blocked_pending_acceptance,"user_prompt,expected_output,rubric"
original42,differentiation-adapter__02,editorially_revised_pending_independent_acceptance,blocked_pending_acceptance,rubric
original42,differentiation-adapter__03,editorially_revised_pending_independent_acceptance,blocked_pending_acceptance,"user_prompt,rubric"
original42,motivation-diagnostic-task-redesign__01,editorially_revised_pending_independent_acceptance,blocked_pending_acceptance,rubric
original42,motivation-diagnostic-task-redesign__02,editorially_revised_pending_independent_acceptance,blocked_pending_acceptance,rubric
original42,motivation-diagnostic-task-redesign__03,editorially_revised_pending_independent_acceptance,blocked_pending_acceptance,rubric
original42,self-efficacy-builder-sequence__01,editorially_revised_pending_independent_acceptance,blocked_pending_acceptance,"user_prompt,rubric"
original42,self-efficacy-builder-sequence__02,editorially_revised_pending_independent_acceptance,blocked_pending_acceptance,"user_prompt,rubric"
original42,self-efficacy-builder-sequence__03,editorially_revised_pending_independent_acceptance,blocked_pending_acceptance,"user_prompt,rubric"
original42,backwards-design-unit-planner__01,editorially_revised_pending_independent_acceptance,blocked_pending_acceptance,rubric
original42,backwards-design-unit-planner__02,editorially_revised_pending_independent_acceptance,blocked_pending_acceptance,rubric
original42,backwards-design-unit-planner__03,editorially_revised_pending_independent_acceptance,blocked_pending_acceptance,"rubric,education_stage"
original42,lesson-builder__01,editorially_revised_pending_independent_acceptance,blocked_pending_acceptance,"user_prompt,rubric,education_stage"
original42,lesson-builder__02,editorially_revised_pending_independent_acceptance,blocked_pending_acceptance,"user_prompt,expected_output,rubric,education_stage"
original42,lesson-builder__03,editorially_revised_pending_independent_acceptance,blocked_pending_acceptance,"context,user_prompt,expected_output,rubric"
original42,adaptive-hint-sequence-designer__01,editorially_revised_pending_independent_acceptance,blocked_pending_acceptance,"user_prompt,rubric"
original42,adaptive-hint-sequence-designer__02,editorially_revised_pending_independent_acceptance,blocked_pending_acceptance,rubric
original42,adaptive-hint-sequence-designer__03,editorially_revised_pending_independent_acceptance,blocked_pending_acceptance,"rubric,education_stage"
original42,self-explanation-prompt-designer__01,editorially_revised_pending_independent_acceptance,blocked_pending_acceptance,"user_prompt,rubric"
original42,self-explanation-prompt-designer__02,editorially_revised_pending_independent_acceptance,blocked_pending_acceptance,rubric
original42,self-explanation-prompt-designer__03,editorially_revised_pending_independent_acceptance,blocked_pending_acceptance,"user_prompt,expected_output,rubric"
original42,emergent-project-design-scaffold__01,editorially_revised_pending_independent_acceptance,blocked_pending_acceptance,"education_level,user_prompt,rubric"
original42,emergent-project-design-scaffold__02,editorially_revised_pending_independent_acceptance,blocked_pending_acceptance,"user_prompt,rubric"
original42,emergent-project-design-scaffold__03,editorially_revised_pending_independent_acceptance,blocked_pending_acceptance,"user_prompt,rubric"
original42,project-brief-designer__01,editorially_revised_pending_independent_acceptance,blocked_pending_acceptance,"user_prompt,rubric"
original42,project-brief-designer__02,editorially_revised_pending_independent_acceptance,blocked_pending_acceptance,"user_prompt,rubric"
original42,project-brief-designer__03,editorially_revised_pending_independent_acceptance,blocked_pending_acceptance,"user_prompt,rubric"
original42,spaced-practice-scheduler__01,editorially_revised_pending_independent_acceptance,blocked_pending_acceptance,"user_prompt,rubric"
original42,spaced-practice-scheduler__02,editorially_revised_pending_independent_acceptance,blocked_pending_acceptance,"user_prompt,rubric"
original42,spaced-practice-scheduler__03,editorially_revised_pending_independent_acceptance,blocked_pending_acceptance,"user_prompt,rubric,education_stage"
original42,ruler-emotional-literacy-sequence__01,editorially_revised_pending_independent_acceptance,blocked_pending_acceptance,"user_prompt,rubric"
original42,ruler-emotional-literacy-sequence__02,editorially_revised_pending_independent_acceptance,blocked_pending_acceptance,"user_prompt,rubric"
original42,ruler-emotional-literacy-sequence__03,editorially_revised_pending_independent_acceptance,blocked_pending_acceptance,"user_prompt,rubric"
cn263,lesson-builder__cn01_01,editorially_revised_pending_independent_acceptance,blocked_pending_acceptance,"education_level,context,user_prompt,expected_output,rubric,education_stage"
cn263,lesson-builder__cn01_02,editorially_revised_pending_independent_acceptance,blocked_pending_acceptance,"education_level,context,user_prompt,expected_output,rubric,education_stage"
cn263,lesson-builder__cn01_03,editorially_revised_pending_independent_acceptance,blocked_pending_acceptance,"education_level,context,user_prompt,expected_output,rubric,education_stage"
cn263,lesson-builder__cn01_04,editorially_revised_pending_independent_acceptance,blocked_pending_acceptance,"education_level,context,user_prompt,expected_output,rubric,education_stage"
cn263,lesson-builder__cn01_05,editorially_revised_pending_independent_acceptance,blocked_pending_acceptance,"education_level,context,user_prompt,expected_output,rubric,education_stage"
cn263,lesson-builder__cn01_06,editorially_revised_pending_independent_acceptance,blocked_pending_acceptance,"education_level,context,user_prompt,expected_output,rubric,education_stage"
cn263,lesson-builder__cn01_07,editorially_revised_pending_independent_acceptance,blocked_pending_acceptance,"education_level,context,user_prompt,expected_output,rubric,education_stage"
cn263,lesson-builder__cn01_08,editorially_revised_pending_independent_acceptance,blocked_pending_acceptance,"education_level,context,user_prompt,expected_output,rubric,education_stage"
cn263,lesson-builder__cn01_09,editorially_revised_pending_independent_acceptance,blocked_pending_acceptance,"education_level,context,user_prompt,expected_output,rubric,education_stage"
cn263,lesson-builder__cn01_10,editorially_revised_pending_independent_acceptance,blocked_pending_acceptance,"education_level,context,user_prompt,expected_output,rubric,education_stage"
cn263,lesson-builder__cn02_01,editorially_revised_pending_independent_acceptance,blocked_pending_acceptance,"context,user_prompt,expected_output,rubric"
cn263,lesson-builder__cn02_02,editorially_revised_pending_independent_acceptance,blocked_pending_acceptance,"context,user_prompt,expected_output,rubric"
cn263,lesson-builder__cn02_03,editorially_revised_pending_independent_acceptance,blocked_pending_acceptance,"context,user_prompt,expected_output,rubric"
cn263,lesson-builder__cn02_04,editorially_revised_pending_independent_acceptance,blocked_pending_acceptance,"context,user_prompt,expected_output,rubric"
cn263,lesson-builder__cn02_05,editorially_revised_pending_independent_acceptance,blocked_pending_acceptance,"context,user_prompt,expected_output,rubric"
cn263,lesson-builder__cn02_06,editorially_revised_pending_independent_acceptance,blocked_pending_acceptance,"context,user_prompt,expected_output,rubric"
cn263,lesson-builder__cn02_07,editorially_revised_pending_independent_acceptance,blocked_pending_acceptance,"context,user_prompt,expected_output,rubric"
cn263,lesson-builder__cn02_08,editorially_revised_pending_independent_acceptance,blocked_pending_acceptance,"context,user_prompt,expected_output,rubric"
cn263,lesson-builder__cn02_09,editorially_revised_pending_independent_acceptance,blocked_pending_acceptance,"context,user_prompt,expected_output,rubric"
cn263,lesson-builder__cn02_10,editorially_revised_pending_independent_acceptance,blocked_pending_acceptance,"context,user_prompt,expected_output,rubric"
cn263,lesson-builder__cn05_01,editorially_revised_pending_independent_acceptance,blocked_pending_acceptance,"context,user_prompt,expected_output,rubric"
cn263,lesson-builder__cn05_02,editorially_revised_pending_independent_acceptance,blocked_pending_acceptance,"context,user_prompt,expected_output,rubric"
cn263,lesson-builder__cn05_03,editorially_revised_pending_independent_acceptance,blocked_pending_acceptance,"context,user_prompt,expected_output,rubric"
cn263,lesson-builder__cn05_04,editorially_revised_pending_independent_acceptance,blocked_pending_acceptance,"context,user_prompt,expected_output,rubric"
cn263,lesson-builder__cn05_05,editorially_revised_pending_independent_acceptance,blocked_pending_acceptance,"context,user_prompt,expected_output,rubric"
cn263,lesson-builder__cn05_06,editorially_revised_pending_independent_acceptance,blocked_pending_acceptance,"context,user_prompt,expected_output,rubric"
cn263,lesson-builder__cn05_07,editorially_revised_pending_independent_acceptance,blocked_pending_acceptance,"context,user_prompt,expected_output,rubric"
cn263,lesson-builder__cn05_08,editorially_revised_pending_independent_acceptance,blocked_pending_acceptance,"context,user_prompt,expected_output,rubric"
cn263,lesson-builder__cn05_09,editorially_revised_pending_independent_acceptance,blocked_pending_acceptance,"context,user_prompt,expected_output,rubric"
cn263,lesson-builder__cn05_10,editorially_revised_pending_independent_acceptance,blocked_pending_acceptance,"context,user_prompt,expected_output,rubric"
cn263,differentiation-adapter__cn07_01,editorially_revised_pending_independent_acceptance,blocked_pending_acceptance,"context,user_prompt,expected_output,rubric"
cn263,differentiation-adapter__cn07_02,editorially_revised_pending_independent_acceptance,blocked_pending_acceptance,"context,user_prompt,expected_output,rubric"
cn263,differentiation-adapter__cn07_03,editorially_revised_pending_independent_acceptance,blocked_pending_acceptance,"context,user_prompt,expected_output,rubric"
cn263,differentiation-adapter__cn07_04,editorially_revised_pending_independent_acceptance,blocked_pending_acceptance,"context,user_prompt,expected_output,rubric"
cn263,differentiation-adapter__cn07_05,editorially_revised_pending_independent_acceptance,blocked_pending_acceptance,"context,user_prompt,expected_output,rubric"
cn263,differentiation-adapter__cn07_06,editorially_revised_pending_independent_acceptance,blocked_pending_acceptance,"context,user_prompt,expected_output,rubric"
cn263,differentiation-adapter__cn07_07,editorially_revised_pending_independent_acceptance,blocked_pending_acceptance,"context,user_prompt,expected_output,rubric"
cn263,differentiation-adapter__cn07_08,editorially_revised_pending_independent_acceptance,blocked_pending_acceptance,"context,user_prompt,expected_output,rubric"
cn263,differentiation-adapter__cn07_09,editorially_revised_pending_independent_acceptance,blocked_pending_acceptance,"context,user_prompt,expected_output,rubric"
cn263,differentiation-adapter__cn07_10,editorially_revised_pending_independent_acceptance,blocked_pending_acceptance,"context,user_prompt,expected_output,rubric"
cn263,lesson-builder__cn18_01,editorially_revised_pending_independent_acceptance,blocked_pending_acceptance,"context,user_prompt,expected_output,rubric"
cn263,lesson-builder__cn18_02,editorially_revised_pending_independent_acceptance,blocked_pending_acceptance,"context,user_prompt,expected_output,rubric"
cn263,lesson-builder__cn18_03,editorially_revised_pending_independent_acceptance,blocked_pending_acceptance,"context,user_prompt,expected_output,rubric"
cn263,lesson-builder__cn18_04,editorially_revised_pending_independent_acceptance,blocked_pending_acceptance,"context,user_prompt,expected_output,rubric"
cn263,lesson-builder__cn18_05,editorially_revised_pending_independent_acceptance,blocked_pending_acceptance,"context,user_prompt,expected_output,rubric"
cn263,lesson-builder__cn18_06,editorially_revised_pending_independent_acceptance,blocked_pending_acceptance,"context,user_prompt,expected_output,rubric"
cn263,lesson-builder__cn18_07,editorially_revised_pending_independent_acceptance,blocked_pending_acceptance,"context,user_prompt,expected_output,rubric"
cn263,lesson-builder__cn18_08,editorially_revised_pending_independent_acceptance,blocked_pending_acceptance,"context,user_prompt,expected_output,rubric"
cn263,lesson-builder__cn18_09,editorially_revised_pending_independent_acceptance,blocked_pending_acceptance,"context,user_prompt,expected_output,rubric"
cn263,lesson-builder__cn18_10,editorially_revised_pending_independent_acceptance,blocked_pending_acceptance,"context,user_prompt,expected_output,rubric"
cn263,lesson-builder__cn21_01,editorially_revised_pending_independent_acceptance,blocked_pending_acceptance,"context,user_prompt,expected_output,rubric"
cn263,lesson-builder__cn21_02,editorially_revised_pending_independent_acceptance,blocked_pending_acceptance,"context,user_prompt,expected_output,rubric"
cn263,lesson-builder__cn21_03,editorially_revised_pending_independent_acceptance,blocked_pending_acceptance,"context,user_prompt,expected_output,rubric"
cn263,lesson-builder__cn21_04,editorially_revised_pending_independent_acceptance,blocked_pending_acceptance,"context,user_prompt,expected_output,rubric"
cn263,lesson-builder__cn21_05,editorially_revised_pending_independent_acceptance,blocked_pending_acceptance,"context,user_prompt,expected_output,rubric"
cn263,lesson-builder__cn21_06,editorially_revised_pending_independent_acceptance,blocked_pending_acceptance,"context,user_prompt,expected_output,rubric"
cn263,lesson-builder__cn21_07,editorially_revised_pending_independent_acceptance,blocked_pending_acceptance,"context,user_prompt,expected_output,rubric"
cn263,lesson-builder__cn21_08,editorially_revised_pending_independent_acceptance,blocked_pending_acceptance,"context,user_prompt,expected_output,rubric"
cn263,lesson-builder__cn21_09,editorially_revised_pending_independent_acceptance,blocked_pending_acceptance,"context,user_prompt,expected_output,rubric"
cn263,lesson-builder__cn21_10,editorially_revised_pending_independent_acceptance,blocked_pending_acceptance,"context,user_prompt,expected_output,rubric"
cn263,lesson-builder__cn22_01,editorially_revised_pending_independent_acceptance,blocked_pending_acceptance,"context,user_prompt,expected_output,rubric"
cn263,lesson-builder__cn22_02,editorially_revised_pending_independent_acceptance,blocked_pending_acceptance,"context,user_prompt,expected_output,rubric"
cn263,lesson-builder__cn22_03,editorially_revised_pending_independent_acceptance,blocked_pending_acceptance,"context,user_prompt,expected_output,rubric"
cn263,lesson-builder__cn22_04,editorially_revised_pending_independent_acceptance,blocked_pending_acceptance,"context,user_prompt,expected_output,rubric"
cn263,lesson-builder__cn22_05,editorially_revised_pending_independent_acceptance,blocked_pending_acceptance,"context,user_prompt,expected_output,rubric"
cn263,lesson-builder__cn22_06,editorially_revised_pending_independent_acceptance,blocked_pending_acceptance,"context,user_prompt,expected_output,rubric"
cn263,lesson-builder__cn22_07,editorially_revised_pending_independent_acceptance,blocked_pending_acceptance,"context,user_prompt,expected_output,rubric"
cn263,lesson-builder__cn22_08,editorially_revised_pending_independent_acceptance,blocked_pending_acceptance,"context,user_prompt,expected_output,rubric"
cn263,lesson-builder__cn22_09,editorially_revised_pending_independent_acceptance,blocked_pending_acceptance,"context,user_prompt,expected_output,rubric"
cn263,retrieval-practice-generator__cn23_01,editorially_revised_pending_independent_acceptance,blocked_pending_acceptance,"context,user_prompt,expected_output,rubric"
cn263,retrieval-practice-generator__cn23_02,editorially_revised_pending_independent_acceptance,blocked_pending_acceptance,"context,user_prompt,expected_output,rubric"
cn263,retrieval-practice-generator__cn23_03,editorially_revised_pending_independent_acceptance,blocked_pending_acceptance,"context,user_prompt,expected_output,rubric"
cn263,retrieval-practice-generator__cn23_04,editorially_revised_pending_independent_acceptance,blocked_pending_acceptance,"context,user_prompt,expected_output,rubric"
cn263,retrieval-practice-generator__cn23_05,editorially_revised_pending_independent_acceptance,blocked_pending_acceptance,"context,user_prompt,expected_output,rubric"
cn263,retrieval-practice-generator__cn23_06,editorially_revised_pending_independent_acceptance,blocked_pending_acceptance,"context,user_prompt,expected_output,rubric"
cn263,retrieval-practice-generator__cn23_07,editorially_revised_pending_independent_acceptance,blocked_pending_acceptance,"context,user_prompt,expected_output,rubric"
cn263,retrieval-practice-generator__cn23_08,editorially_revised_pending_independent_acceptance,blocked_pending_acceptance,"context,user_prompt,expected_output,rubric"
cn263,lesson-builder__cn24_01,editorially_revised_pending_independent_acceptance,blocked_pending_acceptance,"context,user_prompt,expected_output,rubric"
cn263,lesson-builder__cn24_02,editorially_revised_pending_independent_acceptance,blocked_pending_acceptance,"context,user_prompt,expected_output,rubric"
cn263,lesson-builder__cn24_03,editorially_revised_pending_independent_acceptance,blocked_pending_acceptance,"context,user_prompt,expected_output,rubric"
cn263,lesson-builder__cn24_04,editorially_revised_pending_independent_acceptance,blocked_pending_acceptance,"context,user_prompt,expected_output,rubric"
cn263,lesson-builder__cn24_05,editorially_revised_pending_independent_acceptance,blocked_pending_acceptance,"context,user_prompt,expected_output,rubric"
cn263,lesson-builder__cn24_06,editorially_revised_pending_independent_acceptance,blocked_pending_acceptance,"context,user_prompt,expected_output,rubric"
cn263,lesson-builder__cn24_07,editorially_revised_pending_independent_acceptance,blocked_pending_acceptance,"context,user_prompt,expected_output,rubric"
cn263,lesson-builder__cn24_08,editorially_revised_pending_independent_acceptance,blocked_pending_acceptance,"context,user_prompt,expected_output,rubric"
cn263,lesson-builder__cn24_09,editorially_revised_pending_independent_acceptance,blocked_pending_acceptance,"context,user_prompt,expected_output,rubric"
cn263,lesson-builder__cn25_01,editorially_revised_pending_independent_acceptance,blocked_pending_acceptance,"context,user_prompt,expected_output,rubric"
cn263,lesson-builder__cn26_01,editorially_revised_pending_independent_acceptance,blocked_pending_acceptance,"context,user_prompt,expected_output,rubric"
cn263,lesson-builder__cn26_02,editorially_revised_pending_independent_acceptance,blocked_pending_acceptance,"context,user_prompt,expected_output,rubric"
cn263,lesson-builder__cn26_03,editorially_revised_pending_independent_acceptance,blocked_pending_acceptance,"context,user_prompt,expected_output,rubric"
cn263,lesson-builder__cn26_04,editorially_revised_pending_independent_acceptance,blocked_pending_acceptance,"context,user_prompt,expected_output,rubric"
cn263,lesson-builder__cn26_05,editorially_revised_pending_independent_acceptance,blocked_pending_acceptance,"context,user_prompt,expected_output,rubric"
cn263,lesson-builder__cn26_06,editorially_revised_pending_independent_acceptance,blocked_pending_acceptance,"context,user_prompt,expected_output,rubric"
cn263,lesson-builder__cn26_07,editorially_revised_pending_independent_acceptance,blocked_pending_acceptance,"context,user_prompt,expected_output,rubric"
cn263,lesson-builder__cn26_08,editorially_revised_pending_independent_acceptance,blocked_pending_acceptance,"context,user_prompt,expected_output,rubric"
cn263,lesson-builder__cn26_09,editorially_revised_pending_independent_acceptance,blocked_pending_acceptance,"context,user_prompt,expected_output,rubric"
cn263,lesson-builder__cn27_01,editorially_revised_pending_independent_acceptance,blocked_pending_acceptance,"context,user_prompt,expected_output,rubric"
cn263,lesson-builder__cn27_02,editorially_revised_pending_independent_acceptance,blocked_pending_acceptance,"context,user_prompt,expected_output,rubric"
cn263,lesson-builder__cn27_03,editorially_revised_pending_independent_acceptance,blocked_pending_acceptance,"context,user_prompt,expected_output,rubric"
cn263,lesson-builder__cn27_04,editorially_revised_pending_independent_acceptance,blocked_pending_acceptance,"context,user_prompt,expected_output,rubric"
cn263,lesson-builder__cn27_05,editorially_revised_pending_independent_acceptance,blocked_pending_acceptance,"context,user_prompt,expected_output,rubric"
cn263,lesson-builder__cn27_06,editorially_revised_pending_independent_acceptance,blocked_pending_acceptance,"context,user_prompt,expected_output,rubric"
cn263,lesson-builder__cn27_07,editorially_revised_pending_independent_acceptance,blocked_pending_acceptance,"context,user_prompt,expected_output,rubric"
cn263,lesson-builder__cn27_08,editorially_revised_pending_independent_acceptance,blocked_pending_acceptance,"context,user_prompt,expected_output,rubric"
cn263,lesson-builder__cn28_01,editorially_revised_pending_independent_acceptance,blocked_pending_acceptance,"context,user_prompt,expected_output,rubric"
cn263,lesson-builder__cn28_02,editorially_revised_pending_independent_acceptance,blocked_pending_acceptance,"context,user_prompt,expected_output,rubric"
cn263,lesson-builder__cn28_03,editorially_revised_pending_independent_acceptance,blocked_pending_acceptance,"context,user_prompt,expected_output,rubric"
cn263,lesson-builder__cn28_04,editorially_revised_pending_independent_acceptance,blocked_pending_acceptance,"context,user_prompt,expected_output,rubric"
cn263,hinge-question-designer__cn29_01,editorially_revised_pending_independent_acceptance,blocked_pending_acceptance,"context,user_prompt,expected_output,rubric"
cn263,hinge-question-designer__cn29_02,editorially_revised_pending_independent_acceptance,blocked_pending_acceptance,"context,user_prompt,expected_output,rubric"
cn263,hinge-question-designer__cn29_03,editorially_revised_pending_independent_acceptance,blocked_pending_acceptance,"context,user_prompt,expected_output,rubric"
cn263,hinge-question-designer__cn29_04,editorially_revised_pending_independent_acceptance,blocked_pending_acceptance,"context,user_prompt,expected_output,rubric"
cn263,hinge-question-designer__cn29_05,editorially_revised_pending_independent_acceptance,blocked_pending_acceptance,"context,user_prompt,expected_output,rubric"
cn263,hinge-question-designer__cn29_06,editorially_revised_pending_independent_acceptance,blocked_pending_acceptance,"context,user_prompt,expected_output,rubric"
cn263,hinge-question-designer__cn29_07,editorially_revised_pending_independent_acceptance,blocked_pending_acceptance,"context,user_prompt,expected_output,rubric"
cn263,hinge-question-designer__cn29_08,editorially_revised_pending_independent_acceptance,blocked_pending_acceptance,"context,user_prompt,expected_output,rubric"
cn263,hinge-question-designer__cn29_09,editorially_revised_pending_independent_acceptance,blocked_pending_acceptance,"context,user_prompt,expected_output,rubric"
cn263,lesson-builder__cn30_01,editorially_revised_pending_independent_acceptance,blocked_pending_acceptance,"context,user_prompt,expected_output,rubric"
cn263,lesson-builder__cn30_02,editorially_revised_pending_independent_acceptance,blocked_pending_acceptance,"context,user_prompt,expected_output,rubric"
cn263,lesson-builder__cn30_03,editorially_revised_pending_independent_acceptance,blocked_pending_acceptance,"context,user_prompt,expected_output,rubric"
cn263,lesson-builder__cn30_04,editorially_revised_pending_independent_acceptance,blocked_pending_acceptance,"context,user_prompt,expected_output,rubric"
cn263,lesson-builder__cn30_05,editorially_revised_pending_independent_acceptance,blocked_pending_acceptance,"context,user_prompt,expected_output,rubric"
cn263,lesson-builder__cn30_06,editorially_revised_pending_independent_acceptance,blocked_pending_acceptance,"context,user_prompt,expected_output,rubric"
cn263,lesson-builder__cn31_01,editorially_revised_pending_independent_acceptance,blocked_pending_acceptance,"context,user_prompt,expected_output,rubric"
cn263,lesson-builder__cn31_02,editorially_revised_pending_independent_acceptance,blocked_pending_acceptance,"context,user_prompt,expected_output,rubric"
cn263,lesson-builder__cn31_03,editorially_revised_pending_independent_acceptance,blocked_pending_acceptance,"context,user_prompt,expected_output,rubric"
cn263,lesson-builder__cn31_04,editorially_revised_pending_independent_acceptance,blocked_pending_acceptance,"context,user_prompt,expected_output,rubric"
cn263,lesson-builder__cn31_05,editorially_revised_pending_independent_acceptance,blocked_pending_acceptance,"context,user_prompt,expected_output,rubric"
cn263,lesson-builder__cn31_06,editorially_revised_pending_independent_acceptance,blocked_pending_acceptance,"context,user_prompt,expected_output,rubric"
cn263,lesson-builder__cn31_07,editorially_revised_pending_independent_acceptance,blocked_pending_acceptance,"context,user_prompt,expected_output,rubric"
cn263,lesson-builder__cn31_08,editorially_revised_pending_independent_acceptance,blocked_pending_acceptance,"context,user_prompt,expected_output,rubric"
cn263,self-efficacy-builder-sequence__cn35_01,editorially_revised_pending_independent_acceptance,blocked_pending_acceptance,"context,user_prompt,expected_output,rubric"
cn263,self-efficacy-builder-sequence__cn35_02,editorially_revised_pending_independent_acceptance,blocked_pending_acceptance,"context,user_prompt,expected_output,rubric"
cn263,self-efficacy-builder-sequence__cn35_03,editorially_revised_pending_independent_acceptance,blocked_pending_acceptance,"context,user_prompt,expected_output,rubric"
cn263,self-efficacy-builder-sequence__cn35_04,editorially_revised_pending_independent_acceptance,blocked_pending_acceptance,"context,user_prompt,expected_output,rubric"
cn263,self-efficacy-builder-sequence__cn35_05,editorially_revised_pending_independent_acceptance,blocked_pending_acceptance,"context,user_prompt,expected_output,rubric"
cn263,self-efficacy-builder-sequence__cn35_06,editorially_revised_pending_independent_acceptance,blocked_pending_acceptance,"context,user_prompt,expected_output,rubric"
cn263,project-brief-designer__cn43_01,editorially_revised_pending_independent_acceptance,blocked_pending_acceptance,"context,user_prompt,expected_output,rubric"
cn263,project-brief-designer__cn43_02,editorially_revised_pending_independent_acceptance,blocked_pending_acceptance,"context,user_prompt,expected_output,rubric"
cn263,project-brief-designer__cn43_03,editorially_revised_pending_independent_acceptance,blocked_pending_acceptance,"context,user_prompt,expected_output,rubric"
cn263,project-brief-designer__cn43_04,editorially_revised_pending_independent_acceptance,blocked_pending_acceptance,"context,user_prompt,expected_output,rubric"
cn263,project-brief-designer__cn43_05,editorially_revised_pending_independent_acceptance,blocked_pending_acceptance,"context,user_prompt,expected_output,rubric"
cn263,project-brief-designer__cn43_06,editorially_revised_pending_independent_acceptance,blocked_pending_acceptance,"context,user_prompt,expected_output,rubric"
cn263,lesson-builder__cn50_01,editorially_revised_pending_independent_acceptance,blocked_pending_acceptance,"education_level,context,user_prompt,expected_output,rubric"
cn263,lesson-builder__cn50_02,editorially_revised_pending_independent_acceptance,blocked_pending_acceptance,"education_level,context,user_prompt,expected_output,rubric"
cn263,lesson-builder__cn50_03,editorially_revised_pending_independent_acceptance,blocked_pending_acceptance,"education_level,context,user_prompt,expected_output,rubric"
cn263,lesson-builder__cn50_04,editorially_revised_pending_independent_acceptance,blocked_pending_acceptance,"education_level,context,user_prompt,expected_output,rubric"
cn263,lesson-builder__cn50_05,editorially_revised_pending_independent_acceptance,blocked_pending_acceptance,"education_level,context,user_prompt,expected_output,rubric"
cn263,lesson-builder__cn50_06,editorially_revised_pending_independent_acceptance,blocked_pending_acceptance,"education_level,context,user_prompt,expected_output,rubric"
cn263,lesson-builder__cn50_07,editorially_revised_pending_independent_acceptance,blocked_pending_acceptance,"education_level,context,user_prompt,expected_output,rubric"
cn263,lesson-builder__cn50_08,editorially_revised_pending_independent_acceptance,blocked_pending_acceptance,"education_level,context,user_prompt,expected_output,rubric"
cn263,lesson-builder__cn50_09,editorially_revised_pending_independent_acceptance,blocked_pending_acceptance,"education_level,context,user_prompt,expected_output,rubric"
cn263,lesson-builder__cn50_10,editorially_revised_pending_independent_acceptance,blocked_pending_acceptance,"education_level,context,user_prompt,expected_output,rubric"
cn263,lesson-builder__cn51_01,editorially_revised_pending_independent_acceptance,blocked_pending_acceptance,"education_level,context,user_prompt,expected_output,rubric"
cn263,lesson-builder__cn51_02,editorially_revised_pending_independent_acceptance,blocked_pending_acceptance,"education_level,context,user_prompt,expected_output,rubric"
cn263,lesson-builder__cn51_03,editorially_revised_pending_independent_acceptance,blocked_pending_acceptance,"education_level,context,user_prompt,expected_output,rubric"
cn263,lesson-builder__cn51_04,editorially_revised_pending_independent_acceptance,blocked_pending_acceptance,"education_level,context,user_prompt,expected_output,rubric"
cn263,lesson-builder__cn51_05,editorially_revised_pending_independent_acceptance,blocked_pending_acceptance,"education_level,context,user_prompt,expected_output,rubric"
cn263,lesson-builder__cn51_06,editorially_revised_pending_independent_acceptance,blocked_pending_acceptance,"education_level,context,user_prompt,expected_output,rubric"
cn263,lesson-builder__cn51_07,editorially_revised_pending_independent_acceptance,blocked_pending_acceptance,"education_level,context,user_prompt,expected_output,rubric"
cn263,lesson-builder__cn51_08,editorially_revised_pending_independent_acceptance,blocked_pending_acceptance,"education_level,context,user_prompt,expected_output,rubric"
cn263,lesson-builder__cn51_09,editorially_revised_pending_independent_acceptance,blocked_pending_acceptance,"education_level,context,user_prompt,expected_output,rubric"
cn263,lesson-builder__cn51_10,editorially_revised_pending_independent_acceptance,blocked_pending_acceptance,"education_level,context,user_prompt,expected_output,rubric"
cn263,project-brief-designer__cn52_01,editorially_revised_pending_independent_acceptance,blocked_pending_acceptance,"context,user_prompt,expected_output,rubric"
cn263,project-brief-designer__cn52_02,editorially_revised_pending_independent_acceptance,blocked_pending_acceptance,"context,user_prompt,expected_output,rubric"
cn263,project-brief-designer__cn52_03,editorially_revised_pending_independent_acceptance,blocked_pending_acceptance,"context,user_prompt,expected_output,rubric"
cn263,project-brief-designer__cn52_04,editorially_revised_pending_independent_acceptance,blocked_pending_acceptance,"context,user_prompt,expected_output,rubric"
cn263,project-brief-designer__cn52_05,editorially_revised_pending_independent_acceptance,blocked_pending_acceptance,"context,user_prompt,expected_output,rubric"
cn263,project-brief-designer__cn52_06,editorially_revised_pending_independent_acceptance,blocked_pending_acceptance,"context,user_prompt,expected_output,rubric"
cn263,project-brief-designer__cn52_07,editorially_revised_pending_independent_acceptance,blocked_pending_acceptance,"context,user_prompt,expected_output,rubric"
cn263,project-brief-designer__cn52_08,editorially_revised_pending_independent_acceptance,blocked_pending_acceptance,"context,user_prompt,expected_output,rubric"
cn263,project-brief-designer__cn52_09,editorially_revised_pending_independent_acceptance,blocked_pending_acceptance,"context,user_prompt,expected_output,rubric"
cn263,project-brief-designer__cn52_10,editorially_revised_pending_independent_acceptance,blocked_pending_acceptance,"context,user_prompt,expected_output,rubric"
cn263,adaptive-hint-sequence-designer__cn53_01,editorially_revised_pending_independent_acceptance,blocked_pending_acceptance,"education_level,context,user_prompt,expected_output,rubric"
cn263,adaptive-hint-sequence-designer__cn53_02,editorially_revised_pending_independent_acceptance,blocked_pending_acceptance,"education_level,context,user_prompt,expected_output,rubric"
cn263,adaptive-hint-sequence-designer__cn53_03,editorially_revised_pending_independent_acceptance,blocked_pending_acceptance,"education_level,context,user_prompt,expected_output,rubric"
cn263,adaptive-hint-sequence-designer__cn53_04,editorially_revised_pending_independent_acceptance,blocked_pending_acceptance,"education_level,context,user_prompt,expected_output,rubric"
cn263,adaptive-hint-sequence-designer__cn53_05,editorially_revised_pending_independent_acceptance,blocked_pending_acceptance,"education_level,context,user_prompt,expected_output,rubric"
cn263,adaptive-hint-sequence-designer__cn53_06,editorially_revised_pending_independent_acceptance,blocked_pending_acceptance,"education_level,context,user_prompt,expected_output,rubric"
cn263,adaptive-hint-sequence-designer__cn53_07,editorially_revised_pending_independent_acceptance,blocked_pending_acceptance,"education_level,context,user_prompt,expected_output,rubric"
cn263,adaptive-hint-sequence-designer__cn53_08,editorially_revised_pending_independent_acceptance,blocked_pending_acceptance,"education_level,context,user_prompt,expected_output,rubric"
cn263,adaptive-hint-sequence-designer__cn53_09,editorially_revised_pending_independent_acceptance,blocked_pending_acceptance,"education_level,context,user_prompt,expected_output,rubric"
cn263,adaptive-hint-sequence-designer__cn53_10,editorially_revised_pending_independent_acceptance,blocked_pending_acceptance,"education_level,context,user_prompt,expected_output,rubric"
cn263,backwards-design-unit-planner__cn54_01,editorially_revised_pending_independent_acceptance,blocked_pending_acceptance,"education_level,context,user_prompt,expected_output,rubric"
cn263,backwards-design-unit-planner__cn54_02,editorially_revised_pending_independent_acceptance,blocked_pending_acceptance,"education_level,context,user_prompt,expected_output,rubric"
cn263,backwards-design-unit-planner__cn54_03,editorially_revised_pending_independent_acceptance,blocked_pending_acceptance,"education_level,context,user_prompt,expected_output,rubric"
cn263,backwards-design-unit-planner__cn54_04,editorially_revised_pending_independent_acceptance,blocked_pending_acceptance,"education_level,context,user_prompt,expected_output,rubric"
cn263,backwards-design-unit-planner__cn54_05,editorially_revised_pending_independent_acceptance,blocked_pending_acceptance,"education_level,context,user_prompt,expected_output,rubric"
cn263,backwards-design-unit-planner__cn54_06,editorially_revised_pending_independent_acceptance,blocked_pending_acceptance,"education_level,context,user_prompt,expected_output,rubric"
cn263,backwards-design-unit-planner__cn54_07,editorially_revised_pending_independent_acceptance,blocked_pending_acceptance,"education_level,context,user_prompt,expected_output,rubric"
cn263,backwards-design-unit-planner__cn54_08,editorially_revised_pending_independent_acceptance,blocked_pending_acceptance,"education_level,context,user_prompt,expected_output,rubric"
cn263,backwards-design-unit-planner__cn54_09,editorially_revised_pending_independent_acceptance,blocked_pending_acceptance,"education_level,context,user_prompt,expected_output,rubric"
cn263,backwards-design-unit-planner__cn54_10,editorially_revised_pending_independent_acceptance,blocked_pending_acceptance,"education_level,context,user_prompt,expected_output,rubric"
cn263,lesson-builder__cn55_01,editorially_revised_pending_independent_acceptance,blocked_pending_acceptance,"context,user_prompt,expected_output,rubric"
cn263,lesson-builder__cn55_02,editorially_revised_pending_independent_acceptance,blocked_pending_acceptance,"education_level,context,user_prompt,expected_output,rubric"
cn263,lesson-builder__cn55_03,editorially_revised_pending_independent_acceptance,blocked_pending_acceptance,"education_level,context,user_prompt,expected_output,rubric"
cn263,lesson-builder__cn55_04,editorially_revised_pending_independent_acceptance,blocked_pending_acceptance,"education_level,context,user_prompt,expected_output,rubric"
cn263,lesson-builder__cn55_05,editorially_revised_pending_independent_acceptance,blocked_pending_acceptance,"education_level,context,user_prompt,expected_output,rubric"
cn263,lesson-builder__cn55_06,editorially_revised_pending_independent_acceptance,blocked_pending_acceptance,"education_level,context,user_prompt,expected_output,rubric"
cn263,lesson-builder__cn55_07,editorially_revised_pending_independent_acceptance,blocked_pending_acceptance,"education_level,context,user_prompt,expected_output,rubric"
cn263,lesson-builder__cn55_08,editorially_revised_pending_independent_acceptance,blocked_pending_acceptance,"education_level,context,user_prompt,expected_output,rubric"
cn263,lesson-builder__cn55_09,editorially_revised_pending_independent_acceptance,blocked_pending_acceptance,"education_level,context,user_prompt,expected_output,rubric"
cn263,lesson-builder__cn55_10,editorially_revised_pending_independent_acceptance,blocked_pending_acceptance,"education_level,context,user_prompt,expected_output,rubric"
cn263,socratic-questioning-sequence-generator__cn56_01,editorially_revised_pending_independent_acceptance,blocked_pending_acceptance,"context,user_prompt,expected_output,rubric"
cn263,socratic-questioning-sequence-generator__cn56_02,editorially_revised_pending_independent_acceptance,blocked_pending_acceptance,"education_level,context,user_prompt,expected_output,rubric"
cn263,socratic-questioning-sequence-generator__cn56_03,editorially_revised_pending_independent_acceptance,blocked_pending_acceptance,"education_level,context,user_prompt,expected_output,rubric"
cn263,socratic-questioning-sequence-generator__cn56_04,editorially_revised_pending_independent_acceptance,blocked_pending_acceptance,"education_level,context,user_prompt,expected_output,rubric"
cn263,socratic-questioning-sequence-generator__cn56_05,editorially_revised_pending_independent_acceptance,blocked_pending_acceptance,"education_level,context,user_prompt,expected_output,rubric"
cn263,socratic-questioning-sequence-generator__cn56_06,editorially_revised_pending_independent_acceptance,blocked_pending_acceptance,"education_level,context,user_prompt,expected_output,rubric"
cn263,socratic-questioning-sequence-generator__cn56_07,editorially_revised_pending_independent_acceptance,blocked_pending_acceptance,"education_level,context,user_prompt,expected_output,rubric"
cn263,socratic-questioning-sequence-generator__cn56_08,editorially_revised_pending_independent_acceptance,blocked_pending_acceptance,"education_level,context,user_prompt,expected_output,rubric"
cn263,socratic-questioning-sequence-generator__cn56_09,editorially_revised_pending_independent_acceptance,blocked_pending_acceptance,"education_level,context,user_prompt,expected_output,rubric"
cn263,socratic-questioning-sequence-generator__cn56_10,editorially_revised_pending_independent_acceptance,blocked_pending_acceptance,"education_level,context,user_prompt,expected_output,rubric"
cn263,lesson-builder__cn57_01,editorially_revised_pending_independent_acceptance,blocked_pending_acceptance,"education_level,context,user_prompt,expected_output,rubric"
cn263,lesson-builder__cn57_02,editorially_revised_pending_independent_acceptance,blocked_pending_acceptance,"education_level,context,user_prompt,expected_output,rubric"
cn263,lesson-builder__cn57_03,editorially_revised_pending_independent_acceptance,blocked_pending_acceptance,"education_level,context,user_prompt,expected_output,rubric"
cn263,lesson-builder__cn57_04,editorially_revised_pending_independent_acceptance,blocked_pending_acceptance,"education_level,context,user_prompt,expected_output,rubric"
cn263,lesson-builder__cn57_05,editorially_revised_pending_independent_acceptance,blocked_pending_acceptance,"education_level,context,user_prompt,expected_output,rubric"
cn263,lesson-builder__cn57_06,editorially_revised_pending_independent_acceptance,blocked_pending_acceptance,"education_level,context,user_prompt,expected_output,rubric"
cn263,lesson-builder__cn57_07,editorially_revised_pending_independent_acceptance,blocked_pending_acceptance,"education_level,context,user_prompt,expected_output,rubric"
cn263,lesson-builder__cn57_08,editorially_revised_pending_independent_acceptance,blocked_pending_acceptance,"education_level,context,user_prompt,expected_output,rubric"
cn263,lesson-builder__cn57_09,editorially_revised_pending_independent_acceptance,blocked_pending_acceptance,"education_level,context,user_prompt,expected_output,rubric"
cn263,lesson-builder__cn57_10,editorially_revised_pending_independent_acceptance,blocked_pending_acceptance,"education_level,context,user_prompt,expected_output,rubric"
cn263,adaptive-hint-sequence-designer__cn59_01,editorially_revised_pending_independent_acceptance,blocked_pending_acceptance,"education_level,context,user_prompt,expected_output,rubric"
cn263,adaptive-hint-sequence-designer__cn59_02,editorially_revised_pending_independent_acceptance,blocked_pending_acceptance,"context,user_prompt,expected_output,rubric"
cn263,adaptive-hint-sequence-designer__cn59_03,editorially_revised_pending_independent_acceptance,blocked_pending_acceptance,"education_level,context,user_prompt,expected_output,rubric"
cn263,adaptive-hint-sequence-designer__cn59_04,editorially_revised_pending_independent_acceptance,blocked_pending_acceptance,"education_level,context,user_prompt,expected_output,rubric"
cn263,adaptive-hint-sequence-designer__cn59_05,editorially_revised_pending_independent_acceptance,blocked_pending_acceptance,"education_level,context,user_prompt,expected_output,rubric"
cn263,adaptive-hint-sequence-designer__cn59_06,editorially_revised_pending_independent_acceptance,blocked_pending_acceptance,"education_level,context,user_prompt,expected_output,rubric"
cn263,adaptive-hint-sequence-designer__cn59_07,editorially_revised_pending_independent_acceptance,blocked_pending_acceptance,"context,user_prompt,expected_output,rubric"
cn263,adaptive-hint-sequence-designer__cn59_08,editorially_revised_pending_independent_acceptance,blocked_pending_acceptance,"education_level,context,user_prompt,expected_output,rubric"
cn263,adaptive-hint-sequence-designer__cn59_09,editorially_revised_pending_independent_acceptance,blocked_pending_acceptance,"education_level,context,user_prompt,expected_output,rubric"
cn263,adaptive-hint-sequence-designer__cn59_10,editorially_revised_pending_independent_acceptance,blocked_pending_acceptance,"context,user_prompt,expected_output,rubric"
cn263,lesson-builder__cn60_01,editorially_revised_pending_independent_acceptance,blocked_pending_acceptance,"education_level,context,user_prompt,expected_output,rubric"
cn263,lesson-builder__cn60_02,editorially_revised_pending_independent_acceptance,blocked_pending_acceptance,"education_level,context,user_prompt,expected_output,rubric"
cn263,lesson-builder__cn60_03,editorially_revised_pending_independent_acceptance,blocked_pending_acceptance,"education_level,context,user_prompt,expected_output,rubric"
cn263,lesson-builder__cn60_04,editorially_revised_pending_independent_acceptance,blocked_pending_acceptance,"education_level,context,user_prompt,expected_output,rubric"
cn263,lesson-builder__cn60_05,editorially_revised_pending_independent_acceptance,blocked_pending_acceptance,"education_level,context,user_prompt,expected_output,rubric"
cn263,lesson-builder__cn60_06,editorially_revised_pending_independent_acceptance,blocked_pending_acceptance,"education_level,context,user_prompt,expected_output,rubric"
cn263,lesson-builder__cn60_07,editorially_revised_pending_independent_acceptance,blocked_pending_acceptance,"education_level,context,user_prompt,expected_output,rubric"
cn263,lesson-builder__cn60_08,editorially_revised_pending_independent_acceptance,blocked_pending_acceptance,"education_level,context,user_prompt,expected_output,rubric"
cn263,lesson-builder__cn60_09,editorially_revised_pending_independent_acceptance,blocked_pending_acceptance,"education_level,context,user_prompt,expected_output,rubric"
cn263,lesson-builder__cn60_10,editorially_revised_pending_independent_acceptance,blocked_pending_acceptance,"education_level,context,user_prompt,expected_output,rubric"
cn263,differentiation-adapter__cn62_01,editorially_revised_pending_independent_acceptance,blocked_pending_acceptance,"context,user_prompt,expected_output,rubric"
cn263,differentiation-adapter__cn62_02,editorially_revised_pending_independent_acceptance,blocked_pending_acceptance,"context,user_prompt,expected_output,rubric"
cn263,differentiation-adapter__cn62_03,editorially_revised_pending_independent_acceptance,blocked_pending_acceptance,"context,user_prompt,expected_output,rubric"
cn263,differentiation-adapter__cn62_04,editorially_revised_pending_independent_acceptance,blocked_pending_acceptance,"context,user_prompt,expected_output,rubric"
cn263,differentiation-adapter__cn62_05,editorially_revised_pending_independent_acceptance,blocked_pending_acceptance,"context,user_prompt,expected_output,rubric"
cn263,differentiation-adapter__cn62_06,editorially_revised_pending_independent_acceptance,blocked_pending_acceptance,"context,user_prompt,expected_output,rubric"
cn263,differentiation-adapter__cn62_07,editorially_revised_pending_independent_acceptance,blocked_pending_acceptance,"context,user_prompt,expected_output,rubric"
cn263,differentiation-adapter__cn62_08,editorially_revised_pending_independent_acceptance,blocked_pending_acceptance,"context,user_prompt,expected_output,rubric"
cn263,differentiation-adapter__cn62_09,editorially_revised_pending_independent_acceptance,blocked_pending_acceptance,"context,user_prompt,expected_output,rubric"
cn263,differentiation-adapter__cn62_10,editorially_revised_pending_independent_acceptance,blocked_pending_acceptance,"context,user_prompt,expected_output,rubric"
cn263,differentiation-adapter__cn63_01,editorially_revised_pending_independent_acceptance,blocked_pending_acceptance,"context,user_prompt,expected_output,rubric"
cn263,differentiation-adapter__cn63_02,editorially_revised_pending_independent_acceptance,blocked_pending_acceptance,"context,user_prompt,expected_output,rubric"
cn263,differentiation-adapter__cn63_03,editorially_revised_pending_independent_acceptance,blocked_pending_acceptance,"context,user_prompt,expected_output,rubric"
cn263,differentiation-adapter__cn63_04,editorially_revised_pending_independent_acceptance,blocked_pending_acceptance,"context,user_prompt,expected_output,rubric"
cn263,differentiation-adapter__cn63_05,editorially_revised_pending_independent_acceptance,blocked_pending_acceptance,"context,user_prompt,expected_output,rubric"
cn263,differentiation-adapter__cn63_06,editorially_revised_pending_independent_acceptance,blocked_pending_acceptance,"context,user_prompt,expected_output,rubric"
cn263,differentiation-adapter__cn63_07,editorially_revised_pending_independent_acceptance,blocked_pending_acceptance,"context,user_prompt,expected_output,rubric"
cn263,differentiation-adapter__cn63_08,editorially_revised_pending_independent_acceptance,blocked_pending_acceptance,"context,user_prompt,expected_output,rubric"
cn263,differentiation-adapter__cn63_09,editorially_revised_pending_independent_acceptance,blocked_pending_acceptance,"context,user_prompt,expected_output,rubric"
cn263,differentiation-adapter__cn63_10,editorially_revised_pending_independent_acceptance,blocked_pending_acceptance,"context,user_prompt,expected_output,rubric"
