source,author,task,questions
任务描述_张铭姿/信息科技抽象概念”知识显化.md,任务描述_张铭姿,信息科技抽象概念”知识显化,"**情景1：概念核心特征的识别**  
教师说：""我要教'循环'这个概念，但学生总是和'条件判断'混淆。怎样设计表征才能让学生清楚地看到循环的核心特征？""

**情景2：多表征的协调**  
教师问：""我想用实物操作、动画演示、代码展示三种方式教学。这样多个表征会不会让学生更困惑？""

**情景3：学生认知负荷的诊断**  
教师说：""我用了精细的动画演示，但学生看了还是不懂。这是学生认知不足，还是我的表征设计有问题？""

**情景4：低年级学生的表征适配**  
教师问：""五年级学生还不懂'赋值'这种抽象概念。有没有更具体的表征方式？""

**情景5：教师美术能力的不足**  
教师说：""我的设计想法不错，但我不会画图，也不会用动画软件。有没有现成的模板？""

**情景6：表征的进阶设计**  
教师问：""在学生掌握基础表征后，怎样逐步升级到更复杂的表征？""

**情景7：表征的错误风险**  
教师说：""我用'邮箱'类比变量，但这个类比在讲'数组'时会失效。怎样才能设计一个不容易被推翻的表征？""

**情景8：多样学习风格的适应**  
教师问：""班里有不同学习风格的学生。怎样设计表征才能适应不同学习风格？""

**情景9：表征评价的标准**  
教师说：""我设计了一个新的表征方式，但不确定它是否真的能帮助学生理解。怎样快速评价一个表征的效果？""

**情景10：综合表征方案的设计与评估**  
教师说：""我要为'递归'这个概念设计一套完整的表征方案。这个概念抽象度很高，怎样设计才能让六年级学生理解？"""
任务描述_张铭姿/公开课情境导入设计助手.md,任务描述_张铭姿,公开课情境导入设计助手,"**情景1：抽象概念的情境化困难**  
教师说：""我要教凑十法，这个概念很抽象。我想用AI生成一个情景，但不知道怎样才能让抽象的'凑十'变成学生能理解的具体形象。你有什么建议？""

**情景2：时间与质量的平衡**  
教师问：""我只有1-2天的准备时间，要为公开课设计情境导入。我想用AI快速生成素材，但又怕质量不好。怎样才能在有限时间内生成高质量的情景素材？""

**情景3：本地化素材的运用**  
教师说：""我的学校在'十字街'附近，学生都很熟悉这个地方。我想设计一个以'十字街'为背景的数学情境，但怎样才能让这个本地素材有效地引出我要教的数学概念？""

**情景4：技术故障的应急**  
教师问：""公开课中如果多媒体故障、AI视频播放不了怎么办？我需要准备备用方案吗？怎样既利用AI又不过度依赖技术？""

**情景5：学生兴趣与知识目标的平衡**  
教师说：""我生成的AI动画很炫酷，学生看的时候非常兴奋。但问题是，他们好像被动画吸引了，反而没有关注我要教的数学知识点。怎样才能让情境既有趣又能有效引出知识？""

**情景6：不同学科的情景设计**  
教师问：""我教的既有数学也有信息技术。两个学科的情景设计有什么不同吗？都可以用同样的方法吗？""

**情景7：评课导向的压力**  
教师说：""现在公开课评课特别看重是否用了AI技术。我怕如果不用AI，评课老师就不满意。但我也不想'为了AI而AI'。怎样才能有机地融合AI和教学？""

**情景8：学生先验知识的考虑**  
教师问：""我班的学生来自不同背景，对本地文化和地标的熟悉程度不一样。我怎样设计一个情景，既利用本地特色，又不会让某些学生感到陌生？""

**情景9：从素材到教案的整合**  
教师说：""AI给我生成了一个很好的视频素材。但我不知道怎样把这个视频有效地整合到完整的教学设计中。视频应该放在导入环节什么位置？给学生多长的观看时间？怎样提问和互动？""

**情景10：完整的情景设计方案**  
教师问：""我要为'对称轴'这个几何概念设计一个公开课的情景导入。我有本地'鼓楼'建筑作为素材。从AI生成视频、设计观察点、设计问题、整合到教案，能给我一个完整的方案吗？""

### 7、规范依据
- **《义务教育数学课程标准（2022年版）》**：强调""情境创设应贴近学生现实...注重情境的多样性""，要求第一学段（1-2年级）数学教学""在具体情境中理解数的意义""，倡导利用信息技术""丰富学习资源，呈现方式""
- **《义务教育信息科技课程标准（2022年版）》**：强调""真实情境""中的问题解决，要求培养学生信息意识与数字化学习能力，支持教师""利用信息技术改进教学方式""
- **《人工智能助力教育变革相关指导意见》**（地方实践层面）：访谈中提及的""信息科技下的数学应用""趋势，反映当前区域教研对""技术融入情境创设""的明确要求，即""现在大家都很注重一个情境导入，激发学生的教学兴趣""的评课导向"
任务描述_张铭姿/学生告状与琐事处理判官.md,任务描述_张铭姿,学生告状与琐事处理判官,"**情景1：告状洪水的管理**  
教师说：""我一节课要被打断好多次，学生来告状：'他推我了''他拿我的笔''我肚子疼''我头发松了'。我怎样才能既回应学生，又不让课堂被完全打乱？""

**情景2：真伪判断的困难**  
教师问：""我怎样快速判断一个学生的告状是真的有问题，还是只是来吸引我的注意？有没有什么线索可以帮我快速判断？""

**情景3：紧急与非紧急的区分**  
教师说：""有的告状是真的紧急（比如有人受伤了），有的只是琐事（比如物品丢失）。我应该怎样快速分类，并给不同类型的告状不同的回应？""

**情景4：话术的准备**  
教师问：""面对各种告状，我应该怎样说？有没有一些现成的话术我可以用，既能终止告状过程，又能体现我关心学生？""

**情景5：班级管理资源的运用**  
教师说：""有时候学生之间的纠纷，我可以让班长或其他学生去处理，而不一定要自己出面。怎样才能合理地分流这些琐事？""

**情景6：跨班纠纷的处理**  
教师问：""有的告状涉及其他班级的学生。我应该怎样处理？是自己去找当事人，还是让学生自己去解决，还是转给班主任？""

**情景7：班主任与副科教师的边界**  
教师说：""班主任在的时候，学生优先找班主任。但班主任不在，所有学生就涌向我。我应该怎样设定边界，让学生知道什么问题找班主任，什么问题找我？""

**情景8：教学节奏的保护**  
教师问：""我最怕的就是被频繁打断。有没有什么办法，能让我在教学的关键时刻说'等等，下课再说'，而学生能够理解和接受？""

**情景9：学生的自主解决能力**  
教师说：""有的琐事（比如物品丢失），学生本身可以自己处理，但他们就是喜欢找老师。我怎样才能引导他们学会自己解决，而不是什么都来找老师？""

**情景10：教师心理的调整**  
教师问：""面对这么多告状和琐事，我慢慢变得冷漠和敷衍。我知道这样不好，但我也太累了。怎样才能既保护自己的精力，又不失去对学生的关心？""

### 7、规范依据

1. **《中小学教师职业道德规范》（教育部2008年修订）**
   - 关爱学生：关心学生健康，维护学生权益（对应紧急告状的处理义务）
   - 教书育人：遵循教育规律，实施素质教育，循循善诱（对应引导学生自主解决而非简单代劳）

2. **《义务教育课程方案（2022年版）》**
   - 强调""培养学生自主发展能力""，在低年级段注重""适应学校生活，初步形成规则意识""（对应通过告状处理培养学生的边界意识）

3. **《小学教师专业标准（试行）》**
   - ""教育教学知识""维度：掌握小学班级管理的基本方法（对应告状分流的专业判断）
   - ""反思与发展""维度：针对教育教学工作中的现实需要与问题，进行探索和研究（对应从""尽心""到""敷衍""再到""科学分流""的专业成长）

4. **《中小学班主任工作规定》（教基一〔2009〕12号）**
   - 明确班主任与科任教师的职责边界，科任教师""协助班主任做好学生思想品德教育""，但班级日常管理主要由班主任负责（对应非班主任教师处理告状后的转交机制）

5. **《3-6岁儿童学习与发展指南》（教育部2012年）**（虽针对幼儿园，但适用于一年级入学适应期）
   - 社会领域目标：能与同伴友好相处，发生冲突时能自己协商解决（对应教师引导学生自主解决冲突的教育目标）"
任务描述_张铭姿/抓小动作与注意力监控助手.md,任务描述_张铭姿,抓小动作与注意力监控助手,"**情景1：大班额课堂管理困境**  
教师说：""我一个班50个学生，同时还要管另一个班。上课时我一转身写板书，他们就开始说话。我回过头来，他们都装得很认真。我能有什么办法知道谁在搞小动作？""

**情景2：学生否认与证据缺失**  
教师说：""我看见一个学生在抠键盘，我去制止他，他说'老师我没有'。我能怎样证明他确实在搞小动作？用口头警告很弱，家长也不信。""

**情景3：信息技术课的特殊难点**  
教师问：""在电脑课上，最难监控的就是学生在电脑后面做什么。屏幕遮挡住了他们的大部分动作。有没有办法监控到学生的实际操作，而不只是看屏幕画面？""

**情景4：隐私保护与监控的平衡**  
教师担心：""我想加装监控摄像头来帮助管理课堂，但又害怕侵犯学生隐私。家长知道了可能会反对。怎样设计一个既能帮助取证，又符合隐私保护要求的方案？""

**情景5：硬件成本与可行性**  
教师问：""学校没有多少经费，我能不能用现有的设备（比如手机、平板）来实现监控和取证？或者有没有成本低的解决方案？""

**情景6：注意力伪装的识别**  
教师说：""有的学生看起来在认真听，眼睛看着我，嘴巴也跟着读。但我能感觉到他其实没在想。有没有办法区分'真注意'和'假注意'？""

**情景7：监控对教学的干扰**  
教师问：""我怕如果学生知道自己被监控，会产生焦虑和恐惧。怎样才能让他们不知道有监控（或者知道也不会感到害怕），同时还能有效地管理课堂？""

**情景8：取证用于沟通**  
教师说：""我需要跟某个学生的家长沟通，说他在课堂上经常走神和说话。但我只有主观印象，没有客观证据。如果有清晰的视频证据，沟通会有效得多。怎样获得这样的证据？""

**情景9：普通班级的实现**  
教师问：""大多数学校都没有专门的监控系统。在一个普通教室，用普通的硬件设备，有没有办法实现类似的监控和取证功能？""

**情景10：伦理与法律边界**  
教师说：""我听说给学生拍照或录像需要家长同意。那怎样才能在符合法律要求的前提下，进行课堂行为监控和取证？"""
任务描述_张铭姿/教学活动逻辑检查员.md,任务描述_张铭姿,教学活动逻辑检查员,"**情景1：基础活动判断**  
教师说：""我设计了一个活动：让学生用电子投票系统选择'文件打开时应该选择哪种模式'。但我总觉得这个活动有点奇怪，学生可能就是随便选，也学不到东西。这个活动合不合适？""

**情景2：模板化问题识别**  
教师上传了一份AI生成的教案，说：""豆包给我生成的这个教案是这样的：第一步讲解OS模块、第二步小组讨论特点、第三步做游戏投票判断、第四步总结。我看了以后感觉有点不对劲，但说不出来哪里不对。你帮我看看。""

**情景3：职高学情不匹配**  
教师问：""这是一堂120分钟的Python连排课，我想设计一个'学生自主阅读官方文档并提出问题'的环节。但我这个班大多数学生基础薄弱，很多人连代码都读不懂。这个活动适合我的学生吗？怎样调整才能让这些基础差的学生也能参与？""

**情景4：学生分层问题**  
教师说：""我这个班有个特殊情况，有几个普高转过来的学生基础不错，也有一些中职生基础很薄弱。同样的教案，他们的接受度完全不一样。我应该怎么设计活动才能照顾到两部分学生？""

**情景5：时间与内容冲突**  
教师问：""我只有120分钟，要讲清楚选择结构、给出5个实例、让学生练习、还要完成错题讲解。我现在的教案设计了太多活动，感觉时间不够。我应该保留哪些活动，删掉哪些活动？""

**情景6：考纲越界问题**  
教师担心：""我在讲Python异常处理时，被AI建议加入'自定义异常类'的内容。但我查了一下，中职Python考纲里好像没有这个。我应该加这部分吗？""

**情景7：学生管理风险**  
教师说：""我想设计一个'学生自主探索'的环节，让他们自己去试错。但这个班的问题是，一给他们自由，他们就开始玩手机、聊天，完全管不住。怎样既让学生有自主空间，又不至于课堂失控？""

**情景8：融合教育的现实**  
教师问：""我班里有一个自闭症谱系的学生，他很难适应课堂节奏。我现在的教案设计对他来说太复杂了。我怎样才能在不特别照顾他的情况下，让他也能有所学获？""

**情景9：教师工作量与实操可行性**  
教师说：""我很喜欢分层教学的想法，但如果要为不同层次学生分别设计任务卡、分别讲解、还要批改不同的作业，这对我的工作量来说太大了。我这周只有半天时间准备课程。有没有办法既做到分层，工作量又不会爆炸？""

**情景10：综合判断与重构**  
教师说：""我从网上找到了一个'文件操作'的教案，里面有这几个活动：（1）讲解文件操作函数，（2）用投票系统做选择题练习，（3）分小组讨论'为什么要关闭文件'，（4）做一个实际的文件读写项目。我这个班是120分钟连排课，三年级学生，基础参差不齐。这个教案总体怎样？每个活动合不合适？"""
任务描述_张铭姿/教师课堂说话习惯分析助手.md,任务描述_张铭姿,教师课堂说话习惯分析助手,"**情景1：口头禅的自我觉察**  
教师说：""我上课时经常说'对吧''是不是'，学生告诉我说我特别啰嗦。我自己听不出来，怎样才能找出我的口头禅？""

**情景2：指令效能的评估**  
教师问：""我发出指令后，学生响应比较慢。有时候要说好几遍，他们才安静。怎样才能通过优化我的语言，让学生更快地响应？""

**情景3：冗长表达的改进**  
教师说：""我一个指令要讲很多话，比如'小朋友们，现在请大家把书放下，然后转过身来面向我，我要给大家讲一个很有趣的故事'。这样讲太长了，怎样才能简洁明了？""

**情景4：频繁重复的问题**  
教师问：""我会反复说'听清楚了吗？''都明白了吗？'。这样重复真的能帮助学生理解吗？还是我应该改变做法？""

**情景5：情绪和语气的影响**  
教师说：""有时候我心情不好，语气就会变严厉。学生明显能感受到，课堂气氛就变差了。怎样才能保持一致、稳定的语气？""

**情景6：不同情境的语言调整**  
教师问：""上课时、上机实习时、课间管理时，我的语言应该有什么不同吗？有没有针对不同情境的语言建议？""

**情景7：学生理解的确认**  
教师说：""我讲完一个操作步骤后，怎样才能快速确认所有学生都理解了？用什么方式比问'听懂了吗？'更有效？""

**情景8：A/B对比与改进**  
教师问：""我想看看改进前后的差别。能不能给我一些具体的例子——原来我怎么说的，改进后应该怎么说？""

**情景9：微格教学的反馈**  
教师说：""我录了一段自己上课的视频，想看看自己的语言习惯。但我不知道重点关注什么。有没有一个检查清单？""

**情景10：长期改进的评估**  
教师问：""经过一段时间的改进，我怎样评估自己的进步？怎样知道学生的响应时间是不是真的变快了？""

### 7、规范依据
- **《义务教育课程方案和课程标准（2022年版）》**：强调""教学组织与实施""能力，要求教师具备有效的课堂管理技能，合理使用教学语言。
- **《小学教师专业标准（试行）》**（教育部教师〔2012〕1号）：在""教育教学设计""与""组织与实施""维度中，要求教师""有效调控教学过程""，使用符合小学生认知特点的语言（简洁、明确、配合非语言信号）。
- **《中小学教师教育技术能力标准（试行）》**：支持利用技术手段（录音分析）进行教学反思，促进教师专业发展。
- **校本教研规范**：参照访谈中提到的""师带徒""制度与教研组评课机制，将课堂语言精炼度作为新教师""常规管理""能力的重要观测点。"
任务描述_张铭姿/教材内容与真实教学条件的适配与调整方案.md,任务描述_张铭姿,教材内容与真实教学条件的适配与调整方案,"**情景1：学情诊断的深度**  
教师说：""我接手了一个新班，学生基础参差不齐。我怎样快速准确地了解他们的真实学情，而不是仅凭第一节课的印象？""

**情景2：教材内容的取舍判断**  
教师问：""教材有很多内容，但我的学生基础差。我怎样判断哪些内容是'必须保留的核心'，哪些是'可以调整的拓展'？""

**情景3：本地产业与教材的结合**  
教师说：""我的地区是农业大县，教材案例都是工业数据处理。怎样用本地农产品相关数据替换教材案例，既贴近学生生活，又不失教材的教学价值？""

**情景4：硬件不足的补救**  
教师问：""教材要求学生用高端设备进行数据分析，但我们的学校只有普通电脑。怎样改变教学方法来适应现有条件？""

**情景5：教师能力与教学内容的匹配**  
教师说：""教材内容涉及我不太擅长的领域。我怎样调整教学重点，扬长避短，又不削弱学生的学习效果？""

**情景6：教学深度的把握**  
教师问：""我不确定对这个班的学生来说，教材的讲解深度是太深还是太浅。有没有办法快速诊断？""

**情景7：学生兴趣与教材内容的融合**  
教师说：""班里学生对游戏、体育等话题感兴趣，但教材案例都是商务、金融相关。怎样用学生感兴趣的案例来讲教材内容？""

**情景8：教学周期的压力**  
教师问：""我只有有限的教学周期，教材内容太多。我应该怎样调整，确保学生掌握核心内容？""

**情景9：评估课标遵循度**  
教师说：""我调整了很多教材内容，但我担心是否还能满足课程标准的要求。怎样评估我的适配方案是否仍然符合课标？""

**情景10：综合适配方案的设计与评估**  
教师说：""我基于学情、资源、学生兴趣，做了一份完整的教学计划调整。这个方案既贴近现实，又满足课标，教学可行性也很高吗？"""
任务描述_张铭姿/教研会发言避坑助手.md,任务描述_张铭姿,教研会发言避坑助手,"**情景1：如何说出新观点**  
新教师问：""我在教研会上发言，怎样才能说出不重复前面发言人的内容？我怕说出来的东西别人已经说过了。""

**情景2：从学生角度评价**  
教师说：""大家都在评价教学设计、教师表现，我怎样从'学生到底有没有听懂'这个角度来发言？""

**情景3：用专业语言表达**  
教师问：""我有观点，但怎样用专业的教育术语来表达，而不是用大白话？""

**情景4：避免过度批评**  
教师说：""我想指出授课教师的问题，但又不想显得太刻薄。怎样既给出建议，又显得尊重对方？""

**情景5：结合课标发言**  
教师问：""教研会上经常听到有人引用课标来支持自己的观点。我怎样也能这样做？""

**情景6：处理时间压力**  
教师说：""教研会发言的时间有限，我怎样在短时间内表达清楚我的观点？""

**情景7：应对不同课型**  
教师问：""同样是信息技术课，有时候是新授课、有时候是习题课、有时候是实践课。我的评价角度应该怎样调整？""

**情景8：技术融合的评价**  
教师说：""现在很多课都用了AI或多媒体。怎样评价'技术是否用得合理'这个问题？""

**情景9：处理自己的紧张**  
教师问：""每次教研会发言我都特别紧张，怎样才能冷静地表达自己的想法？""

**情景10：完整发言的准备**  
教师说：""一堂课结束了，我有好几个想法想在教研会上说。但怎样选择最重要的一个来发言，避免乱七八糟地说一堆？""

### 7、规范依据
- **《义务教育课程方案（2022年版）》**：强调""教学评一体化""，要求评课关注学生核心素养发展而非仅评价教师表现
- **《新时代中小学教师职业行为十项准则》**：要求教师在教研活动中""严谨治学、实事求是""，避免形式主义的""为不同而不同""
- **校本教研制度**：基于访谈中""师带徒""制度（""三年内算新教师，安排精英教师作为师傅""）、""集体备课""规范（""教案放群里，提出不足和优点""）的具体要求
- **学科课程标准**：
  - **信息技术**：强调""信息意识、数字化学习与创新""，评课需关注技术使用的适切性而非炫技（""AI是辅助，重点是学生得听懂""）
  - **数学**：强调""情境创设与问题提出""，评课需关注情境是否服务于思维过程（""凑十""教学中盒子装满的概念建构）"
任务描述_张铭姿/校园信息生态安全维护与“点对点”实名溯源管理任务.md,任务描述_张铭姿,校园信息生态安全维护与“点对点”实名溯源管理任务,"**情景1：虚假信息的快速识别**  
教师说：""班里流传一个说法：'明天学校要放假'。这消息没有学校通知，但很多学生相信了。我怎样快速判断这是虚假信息，并在班级中澄清？""

**情景2：信息源头的溯源**  
教师问：""一个不当言论在班级群里传播，但已经经过了好几次转发。我怎样才能找到原始发布者？""

**情景3：隐私保护与问责的平衡**  
教师说：""我想追踪某个学生发布的不当言论，但这涉及查看他的私人聊天记录。这样做合适吗？""

**情景4：分级处理的标准**  
教师问：""虚假信息、人身攻击、隐私泄露，这些问题的严重程度不同。我应该怎样分级处理，而不是一刀切？""

**情景5：集体舆论压力的识别**  
教师说：""班里有时会形成'集体舆论'对某个学生进行道德审判，但这个审判基于不完全信息。我怎样识别和制止这种现象？""

**情景6：信息甄别能力的教学**  
教师问：""我想教学生'怎样判别信息的真伪'，但怎样设计课程才能让这个抽象的技能变得易于理解和操作？""

**情景7：家长的信息发布规范**  
教师说：""有时家长也会在班级群里发布不当信息，导致师生冲突。我怎样制定一个对家长也有约束力的规范？""

**情景8：信息生态的长期维护**  
教师问：""我做了很多工作改善班级的信息生态，但这是长期的工作吗？还是说改善后就可以放松警惕？""

**情景9：特殊情况的处理**  
教师说：""有学生遭受网络霸凌，虽然言论来自班级内，但也涉及课外社交平台。我怎样处理这种跨越多个信息平台的问题？""

**情景10：综合信息生态管理评估**  
教师说：""我建立了班级信息发布实名制、教会学生信息甄别、建立了溯源问责机制。这套系统是否能有效维护校园信息生态？有没有漏洞？"""
任务描述_张铭姿/特殊学生课堂陪跑助手.md,任务描述_张铭姿,特殊学生课堂陪跑助手,"**情景1：融合教育的现实困境**  
教师说：""我班里有一个自闭症学生，情绪很容易崩溃，一闹起来就揉毁作业、大哭。但我一个班50个学生，我不能只盯着他，那其他学生怎么办？怎样才能既照顾他，又不牺牲班级教学？""

**情景2：学生情绪触发点的识别**  
教师问：""我这个学生最害怕'订正'这个词。一说要改错，他情绪立即崩溃。我是一定得让他订正呢，还是有其他办法？""

**情景3：学习困难与教学目标的冲突**  
教师说：""我有一个学习困难的学生，连20以内的加减法都做不好。但班级教学进度要往前走，我没法在他身上投入太多时间。怎样才能既不拖累班级，又不完全放弃这个学生？""

**情景4：同伴支持的运用**  
教师问：""我听说可以让班长或其他学生来帮助特殊学生。但我怎样才能保证这不会变成'欺负'或'包庇'？""

**情景5：家长否认与教师的分歧**  
教师说：""我和这个学生的家长谈了他的特殊需求，结果家长很不接受，说'我的孩子很优秀，不需要特殊对待'。我怎样才能和家长有效沟通？""

**情景6：选择权与课堂管理的平衡**  
教师问：""我想给这个学生更多的选择权（比如'你想在学校改错还是回家改错'）来减少对抗。但这样是不是显得太特殊了，会引发其他学生不满？""

**情景7：教师心理边界**  
教师说：""我为这个学生付出了很多心血，但他的进步还是很慢。我开始感到疲惫和内疚，觉得是自己没能帮到他。我应该怎样调整心态？""

**情景8：评价标准的差异化**  
教师问：""我不能用同样的标准评价这个特殊学生和其他学生。但怎样设计评价标准，既能反映他的进步，又不被家长和学生觉得不公平？""

**情景9：分层任务的设计**  
教师说：""我想为不同学生设计难度不同的任务，但这样的话我需要管理好多种任务清单。怎样才能既实现分层，工作量又不会爆炸？""

**情景10：融合教育的整体方案**  
教师问：""我想为我班里的这个有特殊需求的学生制定一个完整的支持方案，包括日常教学中怎样照顾他、怎样管理他的情绪、怎样评价他、怎样和家长沟通、怎样调整我自己的心态。能给我一个全面的方案吗？""

### 7、规范依据
- **《义务教育课程方案（2022年版）》**：明确要求""关注个体差异，因材施教""，提出""差异化教学""与""个别化支持""要求，允许对学习困难学生调整学业评价标准。
- **《关于加强残疾儿童少年义务教育阶段随班就读工作的指导意见》（教育部2020）**：规定随班就读学生可""适当降低学业要求""，""考试成绩不计入班级整体评价""，为自闭症等学生不参与考试、成绩不纳入平均分提供政策依据。
- **《中小学心理健康教育指导纲要（2012年修订）》**：强调小学低年级要""初步学会自我控制""，教师应""通过角色扮演、游戏活动等方式进行行为训练""，支持使用""提醒坐姿""等非学业任务作为特殊学生课堂参与形式。
- **《特殊教育学校义务教育课程标准》**：对智力边缘（智商70左右）学生提出""生活适应""与""情绪行为管理""优先于学科知识掌握的教育目标，支持本方案中""抄笔记替代理解""""不参与考试""等降级措施。"
任务描述_张铭姿/老师写材料与看文件助手.md,任务描述_张铭姿,老师写材料与看文件助手,"**情景1：快速写教学反思**  
教师说：""我的课刚上完，需要快速写一份教学反思。但我有点累，怎样能快速整理我的思路？""

**情景2：理解复杂通知**  
教师问：""学校下发了一份很长的文件，关于新的教学要求。我需要快速抓住重点，并转化为我的实际行动。""

**情景3：写材料时找素材**  
教师说：""我要写一份'信息技术融合教学'的案例材料，但我不知道从哪里取材。有没有办法快速组织思路？""

**情景4：师带徒汇报准备**  
教师问：""我要在教研会上做'师带徒'汇报。怎样才能快速整理出'我学到了什么''有哪些改进'的清晰框架？""

**情景5：评课发言的快速准备**  
教师说：""我听完别人的课，要快速评课。怎样能避免重复别人已经说过的内容，并找到我的独特视角？""

**情景6：处理长篇文档**  
教师问：""上级发来的文件特别长，我时间有限。怎样快速理解核心内容，而不用逐句读？""

**情景7：从碎片化笔记到成文**  
教师说：""我有一些课堂观察笔记（很零散的），怎样整理成一份有条理的教学总结？""

**情景8：格式与合规**  
教师问：""我写的材料要符合学校特定的格式要求。在内容不变的情况下，怎样快速调整格式？""

**情景9：用专业术语表达**  
教师说：""我有想法，但怎样用专业教育术语来表达，而不是大白话？""

**情景10：完整的材料写作**  
教师问：""我需要写一份完整的'个案追踪报告'（关于一个特殊学生）。从整理素材、组织框架到最终成文，能给我一个完整的辅助方案吗？""

### 7、规范依据
- **《义务教育课程方案和课程标准（2022年版）》**：关于教师教学研究和专业发展的要求，强调减轻教师非教学负担。
- **新教师""师带徒""培养制度**：针对""三年内算新老师""的校本培养规范，要求定期上教研课、撰写师徒结对总结（需包含优点、不足、改进措施）。
- **学校教研制度**：集体备课制度（隔周线下/线上交替）、推门听课制度（""教研组长很凶，推门进来""）、评课发言规范（不可重复他人观点）。
- **教育信息化政策导向**：响应""信息科技下的学科应用""趋势（如数学课使用AI情境导入），但需符合教育伦理，避免侵犯学生隐私（如访谈中提及的监控设想需符合《未成年人学校保护规定》）。"
任务描述_张铭姿/老师带徒弟经验抓取器.md,任务描述_张铭姿,老师带徒弟经验抓取器,"**情景1：隐性经验的显化困难**  
新教师说：""我跟着师傅听了好几节课，看到他的课堂纪律特别好，学生都很认真。但我不知道他到底是怎么做到的。怎样才能把他的这种'魔力'学到手？""

**情景2：经验迁移与适配**  
新教师问：""师傅用的策略和话术都很有效，但我用的时候效果就没那么好。怎样才能把师傅的经验改编成适合我和我的学生的方式？""

**情景3：具体参数的梳理**  
新教师说：""我看师傅讲课时语速很慢，眼神也在环视全班。但怎样才能知道他的语速慢了多少？眼神环视的频率是多少？这些具体参数怎样确定？""

**情景4：从观察到实操**  
新教师问：""我观察了师傅的课，也了解了他的策略。但我怎样才能有步骤地在我的课堂上应用这些策略，而不是一下子全部用上？""

**情景5：常规训练的重要性**  
新教师说：""师傅说第一周主要是训练课堂常规，不讲新课。但我的教学进度压力很大，能不能跳过这一步，直接进入正常教学？""

**情景6：识别经验断点**  
新教师问：""我对比了我的课和师傅的课，发现有些地方我缺少了什么。但我怎样才能系统地列出我缺少的所有东西？""

**情景7：多个师傅的经验融合**  
新教师说：""我有不止一个师傅或观摩了好几位优秀教师的课。他们的做法有时候会互相矛盾。怎样才能把这些不同的经验融合在一起？""

**情景8：验证和迭代**  
新教师问：""我应用了提取的经验和策略，效果是不是好了？怎样才能有数据或证据来验证改进？""

**情景9：常态课的持续性**  
新教师说：""我在被师傅'推门'听课的时候表现很好，但平常自己上课的时候，就没那么好。怎样才能让改进的效果在常态课中也能保持？""

**情景10：完整的经验学习方案**  
新教师问：""从我第一次观摩师傅的课，到最后能独立教出相同质量的课，整个过程应该怎样规划？有没有一个完整的学习路径？""

### 7、规范依据
- **《义务教育课程方案和课程标准（2022年版）》**：强调""以学生为中心""的教学转型，要求教师从""教知识""转向""关注学生是否听懂""，特别是在数学与信息科技课程中强调真实情境创设与信息素养培养（与访谈中提到的""信息科技下的数学应用""趋势一致）。
- **学校""师带徒""管理制度**：明确""三年内的算新老师""，需配备精英教师作为师傅，通过""推门听课""、""教研课汇报""等形式进行传帮带，确保新教师掌握""常规管理""（如口令训练、坐姿规范）与学科教学的双重技能。
- **《小学教师专业标准（试行）》**：要求教师具备""教育教学设计""、""组织与实施""、""激励与评价""等能力，特别强调对特殊学生（如自闭症、学习障碍儿童）的包容性教育（""尊重他人命运""但""不抛弃""的底线关怀）。
- **教研活动规范**：集体备课与评课需遵循""基于证据的教学改进""原则，反对""AI稿""形式主义，要求评课意见基于课堂观察数据（如提问频次、等待时间），且允许多位教师对同一教学问题（如""学生走神""）进行多角度归因分析，突破""不重复""的限制。"
任务描述_张铭姿/老师零基础补课助手.md,任务描述_张铭姿,老师零基础补课助手,"**情景1：零基础快速补能诊断**  
一位新入职教师说：""学期中突然被安排教C语言基础，我大学都没学过这个。我只有一周时间准备。我应该怎样快速学会这门课，然后教给学生？""

**情景2：考纲定位**  
教师问：""我拿到了新版C语言教材，内容特别多。但我不知道高职考到底考什么，也不知道哪些是'掌握'哪些是'了解'。我应该怎样快速理清楚考纲范围，不要超纲或遗漏？""

**情景3：知识内化与教学转化**  
教师说：""我通过B站自学了OS模块的一些内容，现在自己大概懂了。但问题是我怎样才能把这个东西用职高学生能听懂的方式讲出来？我担心我的讲解太专业了，学生听不懂。""

**情景4：缺乏教研支持的新教师**  
教师叹气说：""我在高一年级就我一个人教信息技术，周围没有能讨论的同事。每次遇到问题都不知道问谁。有没有办法能帮我快速建立一套完整的知识框架和教学方案，而不依赖于其他同事？""

**情景5：AI辅助的可靠性问题**  
教师说：""我用豆包去查Python的一些问题，有时候得到的答案我不确定对不对。我也不可能把每个链接都点进去验证。有没有办法在借助AI的同时，确保我教的内容是准确的？""

**情景6：分层例题设计**  
教师问：""我的班里有普高转来的学生和直接来的职高生，基础差异很大。我怎样才能设计出一套例题，既能照顾基础好的，又不让基础差的完全听不懂？""

**情景7：120分钟长课时的节奏管理**  
教师说：""新教材的内容比较多，我需要在120分钟连排课里讲完。但这么长时间里，学生的注意力肯定会变化。我怎样才能合理安排教学环节和节奏？""

**情景8：机房场景的实际管理**  
教师问：""我的课都在机房上。但经验中，学生有手机、电脑，管理起来很困难。我的教学设计应该怎样适配这个'开放型'的学习环境？""

**情景9：新教材导致的知识更新**  
教师说：""教材一直在改版。今年讲的内容，明年可能就不考了，后年又有新的变化。我怎样才能在这种不确定性中，保持教学的稳定性和准确性？""

**情景10：从自我补能到完整教学方案**  
教师说：""我现在需要同时做两件事：第一是自己快速学会这个陌生的章节；第二是在学会的基础上，设计出一份完整的120分钟教学方案。这两件事的难度和顺序是什么？有没有办法同时进行，节省时间？"""
任务描述_张铭姿/职高三连节大课组织员.md,任务描述_张铭姿,职高三连节大课组织员,"**情景1：长课时管理困境**  
教师说：""我有一堂120分钟的Python实训课，全班40个学生，基础差异很大。现在的问题是，一直讲下去我自己累死，学生也坚持不了，后面的学生开始玩手机。但全都放给学生自己做，又怕学生完全失控，或者有学生什么都做不出来。这种矛盾怎样解决？""

**情景2：学生进度失衡**  
教师问：""我的班里，快的学生十分钟就完成了题目，然后就没事做，开始玩游戏。慢的学生做了30分钟还没做出来，有的甚至放弃了。怎样才能让快和慢的学生都有事可做，还能都有收获？""

**情景3：小组分工的具体实施**  
教师问：""我听说要给学生分角色，比如什么汇报员、记录员、AI检索员。但具体应该怎样分？每个角色具体要干什么？怎样才能确保每个角色都有实际意义，而不是走形式？""

**情景4：AI协作的监管困难**  
教师说：""我想让学生用AI来协助学习，但我最担心的就是学生直接让AI做题，然后自己什么都不学。我怎样才能在允许学生使用AI的同时，确保他们真的在思考而不是抄答案？""

**情景5：基础差学生的融入**  
教师说：""我班里有几个普高转过来的学生，他们的基础特别差，连电脑都不太会操作。如果让他们参加小组活动，他们可能会被边缘化。我怎样设计角色分工，让这些学生也能有意义地参与？""

**情景6：实时反馈与监督的缺失**  
教师说：""40台学生电脑，我站在讲台上根本看不清楚每台电脑在干什么。有的学生可能拔掉网线、切屏、玩游戏，我都发现不了。怎样才能及时掌握全班的学习状态？""

**情景7：学生汇报质量**  
教师问：""我想让学生来讲解自己小组的解决方案，但问题是有的学生只会念结果，并不能解释为什么要这样做。有没有办法引导学生深入思考和解释代码逻辑？""

**情景8：如何识别""AI代写""**  
教师说：""学生交上来的代码，怎样才能看出是他自己写的，还是直接让AI生成的？有什么方法可以在汇报或检查时识别出'AI代写'的痕迹？""

**情景9：混合班级的管理**  
教师说：""我这个班有高考班的学生、中本一体班的学生、3+2班的学生，还有普高转职高的。他们的学习目标和基础都不一样。能不能用同一种课堂组织方式处理这些差异？还是需要分别对待？""

**情景10：完整的120分钟课堂流程设计**  
教师问：""我想改变我现在的课堂组织方式，实施'独立攻坚-AI协作-学生主讲'的三段式。但具体应该怎样安排？时间怎样切？什么时间点要切换？什么时间点哪些学生干什么？能不能给我一份完整的课堂流程方案？""

### 7、规范依据
- **《中等职业学校信息技术课程标准》（2020年版）**：强调""做中学、学中做""，要求实训课""以项目为载体，采用小组合作、角色扮演等教学方式""
- **《职业教育提质培优行动计划（2020—2023年）》**：推进""课堂革命""，要求""因地制宜实施弹性学制，推广理实一体化教学""
- **Python编程教学大纲（中职）**：强调""异常处理""等工程化思维培养（对应叶老师提到的try-except教学内容），要求通过""小组协作完成综合性编程任务""培养职业素养
- **教育信息化2.0行动计划**：规范AI辅助教学边界，要求""培养学生AI素养而非替代思考""，与叶老师""故意设计错题目训练质疑能力""的做法一致"
任务描述_张铭姿/职高课堂“防带偏”实验助手.md,任务描述_张铭姿,职高课堂“防带偏”实验助手,"**情景1：基础陷阱识别**  
教师说：""我设计了一个错误的Python题目让学生发现。这个陷阱合适吗？""

**情景2：AI与教师答案矛盾**  
教师问：""AI答案和我自己做的不一样。我怎样让学生既相信教师，又学会质疑AI？""

**情景3：时间管理压力**  
教师说：""120分钟内要完成所有探究环节。时间够吗？""

**情景4：学生权威盲从**  
教师问：""学生看到AI答案就认为AI对，不敢质疑。怎样改变这种心态？""

**情景5：监控与自由的平衡**  
教师说：""开放AI使用后整个班乱套了。怎样在开放的同时保持秩序？""

**情景6：思维惰性表现**  
教师问：""学生拿到代码就直接运行，从不思考。怎样才能强制他们思考？""

**情景7：知识迁移困难**  
教师说：""学生学会一种调试方法，但换一道题就不会了。怎样设计才能帮助迁移？""

**情景8：小组分工落实**  
教师问：""怎样确保各个角色都认真做，而不是摸鱼？""

**情景9：个别学生掉队**  
教师说：""基础差的学生无法完成编程。我应该给什么样的陷阱题？""

**情景10：综合教学设计评估**  
教师说：""我的课程设计顺序是讲解、做题、验证、讨论、修正、总结。这个比例合理吗？"""
任务描述_张铭姿/行政文档“找证据”助手.md,任务描述_张铭姿,行政文档“找证据”助手,"**情景1：本地特色挖掘**  
教师说：""我要申报无人机专业，学校在长沙县。我需要找到能体现长沙县特色的证据。你能帮我找到'共富联盟''九五公路'这类本地特色词汇的相关材料吗？""

**情景2：链接有效性验证**  
教师问：""AI给了我很多链接，但我怎样才能快速验证这些链接是否真的可以打开？有没有简便的方法？""

**情景3：AI幻觉识别**  
教师说：""AI说学校与北京大学有合作，但这听起来不太真实。我应该怎样核实这个信息？""

**情景4：时间压力下的信息筛选**  
教师问：""我只有1-2天时间，AI检索出来的材料太多了。我怎样快速判断哪些证据最有价值？""

**情景5：过时政策的识别**  
教师说：""AI提供的某项政策文件，看起来很完美，但我担心可能已经被新政策替代了。我怎样确认政策是否还有效？""

**情景6：地方特色素材融合**  
教师问：""我有了政策证据和产业数据，但怎样才能把它们有机地融合到申报书中，而不显得生硬？""

**情景7：申报材料的诚信风险**  
教师说：""我很怕引用了虚假信息导致申报被退回。有没有一个'风险清单'可以帮我做最后的复核？""

**情景8：学校现有资源与本地产业的对接**  
教师问：""学校有现有的校企合作，怎样才能找到对应的新闻或政府批文来佐证？""

**情景9：竞争对手分析**  
教师说：""我想看看其他学校申报类似专业时使用过什么样的证据和表述，有没有办法找到参考？""

**情景10：综合证据地图构建**  
教师说：""经过多轮检索，我有了政策类、案例类、地理类的多种证据。怎样才能把它们整合成一份'证据地图'，直观展示学校优势？"""
任务描述_张铭姿/课堂冲突证据收集指南.md,任务描述_张铭姿,课堂冲突证据收集指南,"**情景1：突发冲突的实时记录**  
教师说：""课堂上刚才发生了学生冲突，我需要马上记录下来，但怎样才能既保留关键事实，又避免主观评价导致记录无效？""

**情景2：证据的合法采集**  
教师问：""学生冲突时我能不能用手机录音或拍照？这样做会不会违反学生隐私权？""

**情景3：目击证人的收集**  
教师说：""冲突发生时有好几个同学看到了，我应该怎样规范地收集他们的证词，确保证词真实有效？""

**情景4：涉事学生的陈述记录**  
教师问：""我应该在什么时候、以什么方式记录涉事学生的陈述？当场问还是事后问？问什么样的问题？""

**情景5：证据的保存与管理**  
教师说：""我已经收集了照片、录音、证词等多种证据。我应该怎样保存这些证据，才能确保它们不被篡改或丢失？""

**情景6：隐私与透明的平衡**  
教师问：""我需要证据来处置冲突，但同时要保护学生隐私。如果我把证据给家长看，会不会导致隐私泄露？""

**情景7：证据不足的补救**  
教师说：""我记录的证据可能不够充分，导致处置冲突时说不清楚。还有什么弥补方法？""

**情景8：不同类型证据的权重**  
教师问：""我收集了目击者证词、学生陈述和教师观察记录，但它们的法律效力是否相同？哪个权重更高？""

**情景9：后续跟进的证据链**  
教师说：""冲突解决后，我还需要记录什么来证明处置过程的公正性？""

**情景10：综合证据评估与应用**  
教师说：""我已经收集了所有证据，现在要用它们来说服家长接受我的处置决定。我应该怎样呈现这些证据才最有说服力？"""
任务描述_张铭姿/跨学科教学融合助手.md,任务描述_张铭姿,跨学科教学融合助手,"**情景1：学科联系的选择**  
教师说：""我要设计信息技术和数学的融合课，但我不确定从哪个角度切入才能既真实又有教学价值。你有什么建议？""

**情景2：避免生硬拼凑**  
教师问：""我设计了一个活动：在数学课中用Python编程计算数据统计。但这样融合是不是有点生硬？怎样才能更自然？""

**情景3：时间分配问题**  
教师说：""一节课要讲两个学科的内容，时间有限。我应该怎样分配，才能既不让某个学科沦为'工具'，又能高效完成？""

**情景4：学生先验知识的差异**  
教师问：""班里有些学生数学好但不会编程，有些学生编程好但数学差。怎样设计才能让两类学生都有收获？""

**情景5：评价的公平性**  
教师说：""融合课程的评价怎样才能公平对待两个学科？不能让某个学科的评价权重过高。""

**情景6：知识迁移的设计**  
教师问：""学生在融合课中学到的知识，能否迁移到分学科的考试或其他课程中？怎样设计才能促进迁移？""

**情景7：教师自身的融合能力**  
教师说：""我是信息技术教师，我的数学知识可能不够深入。我怎样才能设计一个我有能力教的融合课？""

**情景8：课程与实际应用的结合**  
教师问：""我想让融合课不仅停留在课堂，而是和实际应用相结合。有什么例子或建议？""

**情景9：多学科融合的复杂性**  
教师说：""如果不仅融合信息技术和数学，还要加入物理或其他学科，怎样才能控制复杂性，确保教学可行？""

**情景10：综合课程设计评估**  
教师说：""我设计了一个信息技术与数学融合的完整单元。这个单元的学科联系真实吗？融合深度够吗？会不会有逻辑断裂的地方？"""
任务描述_张铭姿/辅助教师快速构建html工具.md,任务描述_张铭姿,辅助教师快速构建html工具,"**情景1：学习难度的把握**  
教师说：""我要教小学六年级的HTML，但我不确定他们的认知能力能否理解'标签'这样的抽象概念。怎样降低难度，使其更容易理解？""

**情景2：学习工具的选择**  
教师问：""有这么多HTML学习工具：记事本、Word、专业IDE、在线编辑器等。我应该选哪个最适合小学生？""

**情景3：学生兴趣的激发**  
教师说：""单纯地讲'标签怎么写'学生不感兴趣。我怎样设计课程才能让学生excited起来？""

**情景4：学习效率的提升**  
教师问：""HTML知识点很多，但我的教学时间有限。怎样精选知识点，让学生在有限时间内学到核心内容？""

**情景5：学生基础差异的应对**  
教师说：""班里有学生连电脑基本操作都不熟悉。我怎样设计课程才能让所有学生都能跟上？""

**情景6：项目任务的设计**  
教师问：""我想设计一个'制作班级网站'的项目任务，既有挑战性，又要确保学生能在规定时间内完成。这个任务怎样设计才合适？""

**情景7：错误修复的教学**  
教师说：""学生写代码时经常出错，但他们不知道怎样快速找到并修复错误。我怎样教他们调试和修复代码？""

**情景8：创意表达的平衡**  
教师问：""我既要教学生遵循HTML规范，又想让他们自由发挥创意。怎样在规范性和创意性之间找到平衡？""

**情景9：作品评价的标准**  
教师说：""学生完成了网页作品。我怎样评价这些作品，才能既判断他们是否掌握了技能，又能鼓励他们的创意表达？""

**情景10：综合教学设计评估**  
教师说：""我设计了从兴趣激发→知识拆解→工具选型→项目实践的完整教学方案。这个方案是否能有效地让小学生快速学会HTML并激发创意？"""
任务描述_张铭姿/难缠家长沟通翻译官.md,任务描述_张铭姿,难缠家长沟通翻译官,"**情景1：权威与否认的对峙**  
教师说：""我跟一个家长谈他孩子在课堂上经常说话的事，结果家长说'他说他没有在说话'。我拿不出证据，家长就否认，我该怎样处理？""

**情景2：高学历家长的傲慢**  
教师说：""学生家长是教授，说孩子在幼儿园时一直被表扬。我说孩子在小学有一些适应问题，家长立即反驳'是你们的要求太高，幼儿园没有这么多规则'。我怎样跟这样的家长沟通？""

**情景3：沟通中的认知偏差**  
教师问：""我跟家长说孩子的问题，家长好像听懂了，说'会积极配合'。但一周后，问题还在，家长又说没看出什么问题。是我沟通的方法有问题吗？""

**情景4：缺乏具体证据**  
教师说：""我想告诉家长孩子课堂上经常分心，但我只有印象，没有具体的时间点、频次这样的数据。家长可能不相信我。怎样才能用有说服力的证据？""

**情景5：新教师的权威缺失**  
教师说：""我是新教师，才工作一年。面对那些高学历、高社会地位的家长，我感到很没底气。他们似乎看不起我这个年轻老师。我怎样才能在沟通中站稳脚跟？""

**情景6：学生问题vs家庭教育**  
教师问：""我想说的是孩子在学校的具体行为问题，但家长往往会推到家庭教育或者孩子个性上。'他就是这样的小孩，幼儿园老师也没说过'。我应该怎样回应？""

**情景7：配合落地的困难**  
教师说：""和家长沟通的最大困难是，他们最后都说'好的，我会配合'，但实际上什么都没做。下次我再提，他们甚至说没印象。怎样才能确保配合真的发生？""

**情景8：情绪化的对立**  
教师说：""有一次我和一个家长沟通，对方变得很激动，开始指责学校、指责我。我感到很被冒犯，不知道怎样继续。事后我还很生气。有没有办法避免这样的局面？""

**情景9：特殊身份家长**  
教师问：""如果家长是学校的某个领导、或者教育部门的人，或者比我级别高的教师，我怎样才能既尊重他们的身份，又坚持教师的专业立场？""

**情景10：完整的沟通策略**  
教师说：""我要约一个难沟通的家长（高学历、会否认、孩子确实有行为问题），我应该怎样准备？从记录证据，到选择沟通方式，到具体话术，到预防冲突，能给我一个完整的方案吗？""

### 7、规范依据
- **《中小学教师职业道德规范》（2008年修订）**：第五条""为人师表""中明确""关心集体，团结协作，尊重同事，尊重家长""，强调与家长沟通时的职业边界与尊重
- **《义务教育学校管理标准》（教基〔2017〕9号）**：""家校沟通机制""要求""完善家长委员会制度，建立家长学校，定期召开家长会，建立家访制度""，强调基于事实的家校合作
- **《家庭教育促进法》（2022年实施）**：第二十条""未成年人的父母分居或者离异的，应当相互配合履行家庭教育责任""，虽针对离异家庭，但确立了""相互配合""的法定义务框架，支持教师在专业范围内要求家长配合矫正学生行为
- **《新时代中小学教师职业行为十项准则》（教师〔2018〕16号）**：第十条""关心爱护学生""要求""严慈相济，诲人不倦，真心关爱学生，严格要求学生""，为教师坚持行为记录与反馈提供规范基础

---
*注：本文档基于小学新入职教师真实访谈生成，涉及""教授家长""""自闭症学生""""行为记录""等细节均来自一线教学实践。*"
任务描述_张铭姿/面向低学段课堂管理的“动作化与节奏化口令”设计与应用任务.md,任务描述_张铭姿,面向低学段课堂管理的“动作化与节奏化口令”设计与应用任务,"**情景1：口令的设计标准**  
教师说：""我想设计一套课堂口令，但怎样才能既简洁易记，又能有效吸引一二年级孩子的注意力？""

**情景2：动作化的执行**  
教师问：""我设计了'拍手表示安静'的口令，但不是所有孩子都能立即响应。我怎样才能提高响应速度？""

**情景3：课堂节奏的设计**  
教师说：""我的课堂经常显得很'乱'，感觉就是节奏不稳定。一节课应该怎样分配讲授、活动、休息的时间，才能让孩子跟得上？""

**情景4：不同学生的适应**  
教师问：""班里有调皮的孩子总是不响应口令，有内向的孩子害怕做大动作。怎样才能设计一套口令让所有孩子都能接受？""

**情景5：口令与教学活动的衔接**  
教师说：""我的口令设计很好，但有时候口令和教学活动的衔接不自然，显得很生硬。怎样才能让口令与教学内容更好地融合？""

**情景6：避免口令的""疲劳""**  
教师问：""用同样的口令太久了，孩子好像没有新鲜感了，响应也变慢了。我应该定期更新口令吗？怎样更新才不会让孩子困惑？""

**情景7：课堂突发状况的处理**  
教师说：""大部分时候口令系统工作得很好，但有时候突发情况（如安全隐患、学生冲突）需要立即控制全场。我怎样处理这些特殊情况？""

**情景8：与家长的沟通**  
教师问：""我在学校用了特定的口令，但有家长说'在家用这些口令孩子不响应'。我应该怎样和家长沟通，以及怎样帮助学生在家里也养成习惯？""

**情景9：不同课型的适应**  
教师说：""我的口令和节奏设计适合普通讲授课，但对于体育课、美术课这样的活动课，节奏怎样调整才合适？""

**情景10：综合课堂管理系统评估**  
教师说：""我设计了一套完整的动作化口令系统和课堂节奏模式。这套系统是否能有效管理低学段课堂，并长期维持？有没有可能改进的地方？"""
任务描述整理-宋梦琪/任务一-椭圆的概念-宋梦琪.docx,任务描述整理-宋梦琪,任务一-椭圆的概念-宋梦琪,"如何讲透双曲线的概念

如何讲透抛物线的概念

如何讲透圆的概念（从轨迹角度）

如何讲透函数的奇偶性概念

如何讲透等差数列的概念

如何讲透平面向量的概念

如何讲透导数的概念（瞬时变化率）

如何讲透复数的概念

如何讲透随机事件的概念"
任务描述整理-宋梦琪/任务七-集合的确定性题组训练-宋梦琪.docx,任务描述整理-宋梦琪,任务七-集合的确定性题组训练-宋梦琪,"如何设计变式题组突破“函数定义域”的核心易错点（如隐含条件、分母不为零）

如何设计变式题组突破“基本不等式取等条件”的易错点

如何设计变式题组突破“二次函数根的分布”的易错点

如何设计变式题组突破“三角函数诱导公式”的符号易错点

如何设计变式题组突破“数列单调性”的判断易错点

如何设计变式题组突破“直线与圆的位置关系”的易错点

如何设计变式题组突破“二项式定理中系数与二项式系数”的混淆

如何设计变式题组突破“向量平行与垂直坐标条件”的易错点"
任务描述整理-宋梦琪/任务三-线面平行应用-宋梦琪.docx,任务描述整理-宋梦琪,任务三-线面平行应用-宋梦琪,"如何帮助学生理解线面垂直的判定定理的应用（逆向构造）

如何帮助学生理解面面平行的判定定理的应用

如何帮助学生理解面面垂直的判定定理的应用

如何帮助学生理解三垂线定理及其逆定理的应用

如何帮助学生理解余弦定理在解三角形中的应用（如何选择公式）

如何帮助学生理解正弦定理中的“边角互化”策略

如何帮助学生理解勾股定理逆定理的灵活运用

如何帮助学生理解中位线定理在几何证明中的构造思路

如何帮助学生理解向量共线定理在解析几何中的应用"
任务描述整理-宋梦琪/任务九-梅涅劳斯定理-宋梦琪.docx,任务描述整理-宋梦琪,任务九-梅涅劳斯定理-宋梦琪,"塞瓦定理竞赛课

托勒密定理竞赛课

如何为中等生设计竞赛技巧融合课——以“主元法”为例

中国剩余定理竞赛课

容斥原理竞赛课"
任务描述整理-宋梦琪/任务二-集合的概念-宋梦琪.docx,任务描述整理-宋梦琪,任务二-集合的概念-宋梦琪,"如何构建函数的概念

如何构建命题与充分条件的概念

如何构建映射的概念

如何构建数学归纳法的概念

如何构建反函数的概念

如何构建极限的概念

如何构建概率中古典概型的概念

如何构建空间向量的概念

如何构建数列极限的概念"
任务描述整理-宋梦琪/任务五-三角函数统一结构-宋梦琪.docx,任务描述整理-宋梦琪,任务五-三角函数统一结构-宋梦琪,"如何训练学生“二次函数的统一转化”——从一般式到顶点式

如何训练学生“指数式与对数式的统一转化”——同底化处理

如何训练学生“分式不等式的统一转化”——化为标准形式

如何训练学生“直线方程的统一转化”——从斜截式到一般式

如何训练学生“解析几何中距离公式的统一转化”——化归为两点间距离

如何训练学生“数列通项的统一转化”——从递推式到显式（如累加、累乘）

如何训练学生“复数运算的统一转化”——化为代数形式或三角形式

如何训练学生“向量数量积的统一转化”——用坐标或基底表示"
任务描述整理-宋梦琪/任务八-解三角形概念引入-宋梦琪.docx,任务描述整理-宋梦琪,任务八-解三角形概念引入-宋梦琪,"如何让学生产生学习正弦定理的需求（初中全等与作高的局限）

如何让学生理解学习导数的意义（瞬时速度与平均速度的矛盾）

如何让学生产生学习复数概念的需求（实数范围内无解）

如何让学生产生学习对数概念的必要性（指数方程求解）"
任务描述整理-宋梦琪/任务六-错因诊断训练-宋梦琪.docx,任务描述整理-宋梦琪,任务六-错因诊断训练-宋梦琪,"如何针对函数定义域问题的错因进行诊断

如何针对导数应用（极值、最值）问题的错因进行诊断

如何针对数列求和（裂项相消、错位相减）问题的错因进行诊断

如何针对解析几何中联立方程与判别式问题的错因进行诊断

如何针对概率计算（排列组合混淆）问题的错因进行诊断

如何针对不等式恒成立问题的错因进行诊断

如何针对解三角形中“边边角多解”问题的错因进行诊断

如何针对复数运算中模长与共轭问题的错因进行诊断

如何针对立体几何中建系与向量坐标计算问题的错因进行诊断"
任务描述整理-宋梦琪/任务十-向量的概念-宋梦琪.docx,任务描述整理-宋梦琪,任务十-向量的概念-宋梦琪,"如何讲透函数定义域的本质

如何讲透圆锥曲线中离心率的几何意义

如何讲透导数的几何意义（切线斜率）

如何讲透定积分的几何意义（面积）

如何讲透复数模的几何意义（复平面距离）

如何讲透二项式系数的对称性与递推关系"
任务描述整理-宋梦琪/任务四-排列组合问题-宋梦琪.docx,任务描述整理-宋梦琪,任务四-排列组合问题-宋梦琪,"如何讲明白“相同元素放入不同盒子”的分配问题（隔板法）

如何讲明白“不同元素放入相同盒子”的分配问题（集合划分，Stirling数）

如何讲明白“元素有编号限制”的错位排列问题

如何讲明白“球与盒均有编号且允许空盒”的分配问题

如何讲明白“相邻与不相邻”的排列组合问题

如何讲明白“环状排列”与“线性排列”的区别

如何讲明白“分组后再分配”与“直接排列”的等价与易错点

如何讲明白“二项式定理中系数与组合数的关系”"
德育场景案例-双小雨/1.班级霸凌现象的结构化干预方案-双小雨.docx,德育场景案例-双小雨,1.班级霸凌现象的结构化干预方案-双小雨,"① 我是小学班主任。最近班上有几个孩子，感觉他们之间关系有点不对劲，好像有人被冷落或者被开玩笑了，但又说不上来是不是欺负。我该怎么看清楚这些情况，判断是不是欺凌行为呢？

②我班里似乎发生了一些欺凌现在，现在我想介入其中。我听说过一个叫“结构化干预”的方法，但具体怎么做、有哪些关键步骤，我还不清楚。能给我详细讲讲吗？

③我们班有个欺凌事件比较麻烦，可能需要好几位老师一起帮忙。作为班主任，我该怎么去组织协调其他任课老师和心理老师，让他们各司其职，共同来解决这个问题呢？

④ 现在欺凌的几个孩子要坐下来谈谈了，我希望能通过这次谈话，不仅把事情说清楚，还能让他们关系缓和一点。我该怎么组织和引导这次调解呢？

⑤ 我针对班上的欺凌问题做了一些工作，想看看有没有效果。我该从哪些方面去观察和判断，才能知道我的干预有没有起作用呢？最好能有一些具体的指标。

⑥ 为了避免以后再发生欺凌，我想在平时就多做些工作，让班级氛围更好，减少这种可能。我能在日常教学中做些什么，来建立一个互相友爱、积极向上的班级呢？"
德育场景案例-双小雨/10.青春期情感危机与网络交友干预方案-双小雨.docx,德育场景案例-双小雨,10.青春期情感危机与网络交友干预方案-双小雨,"① 我是初中老师。最近班上有些孩子情绪起伏很大，对什么事都提不起兴趣，学习也受影响，感觉像是遇到了感情问题。我该怎么判断他们是不是遇到了情感危机呢？

② 有个孩子因为感情问题很烦恼，来找我倾诉。我该怎么既保护他的隐私，又让他信任我，愿意跟我多说一些心里话呢？

③ 现在很多青春期孩子喜欢在网上交朋友，但我很担心他们遇到一些骗子或者不安全的情况。我该怎么给他们讲清楚网络交友的风险，教他们怎么保护自己呢？

④ 有个孩子深陷网络恋情，情绪很不稳定，家长也很着急。我该怎么跟家长一起，制定一个帮助孩子的计划呢？

⑤ 我希望能引导孩子们树立正确的感情观和交友观，让他们学会健康地与人交往。我该怎么给他们进行这方面的教育呢？

⑥ 如果某个孩子的情感问题特别严重，我感觉自己处理不了。学校能提供哪些专业的心理咨询或者转介到外面寻求帮助呢？"
德育场景案例-双小雨/11.突发性拒学与隐性家庭创伤干预方案-双小雨.docx,德育场景案例-双小雨,11.突发性拒学与隐性家庭创伤干预方案-双小雨,"① 我是班主任。班上一个平时好好的孩子突然不来上学了，打电话也不接。我该怎么判断他是不舒服，还是因为学习压力大，还是有什么其他心理问题呢？

② 班里有个抗拒上学的孩子，我感觉他可能家里有些不为人知的事情，对他打击很大。我该怎么通过观察和沟通，来发现他是不是有什么隐性的家庭创伤呢？

③ 如果我确认拒学的孩子有家庭创伤，学校自己可能解决不了。我们学校该怎么跟一些社会机构，比如社工、儿童保护组织合作，来帮助他呢？

④ 我需要跟拒学孩子的家长沟通，了解家里到底发生了什么事。我该怎么说，才能既问到情况，又不会让他们觉得我在干涉，产生抵触情绪呢？

⑤ 我希望班里拒学的孩子能尽快回到学校。我该怎么给他制定一个重返学校的计划，并持续给他心理支持和学业上的帮助呢？

⑥ 我想提高全校师生和家长对“隐性家庭创伤”的认识，让大家多一份警觉心。学校该怎么进行这方面的宣传教育呢？"
德育场景案例-双小雨/12.慢性作业抗拒与习得性无助干预方案-双小雨.docx,德育场景案例-双小雨,12.慢性作业抗拒与习得性无助干预方案-双小雨,"① 班上有些孩子，长期都不愿意写作业，一提到作业就愁眉苦脸，感觉做什么都学不好。我该怎么发现他们有这种“抗拒作业”和“学不会”的倾向呢？

② 孩子们为什么会抗拒作业呢？是能力问题，还是学习方法不对，还是他们心里有其他原因？我该怎么深入了解，找出他们不爱写作业的真正原因呢？

③ 对于那些总觉得自己学不好的孩子，我希望能给他们一些能成功完成的作业，让他们找回自信。我该怎么设计这些“小目标”和作业任务呢？

④ 我希望能通过表扬和鼓励，让孩子慢慢喜欢上写作业，觉得自己能学好。我该怎么运用积极的反馈，来提高他们学习的动力和自信呢？

⑤ 我需要跟家长沟通，让他们知道在家里辅导孩子作业时，不要总包办代替，也不要一味批评。我该怎么指导家长，让他们支持孩子自主学习呢？

⑥ 班上好几个科目的老师都反映，这个孩子不爱写作业。我该怎么协调我们所有老师，一起想办法，用统一的方法来帮助这个孩子呢？"
德育场景案例-双小雨/13.隐性校园欺凌干预与关系修复方案-双小雨.docx,德育场景案例-双小雨,13.隐性校园欺凌干预与关系修复方案-双小雨,"① 我是班主任。班上有学生告诉我，他被其他同学排斥了，或者有人在网上散布关于他的谣言。我该怎么判断这算不算“隐性欺凌”呢？

② 我发现班级里确实存在隐性欺凌行为。我该怎么做，既能保护受欺负的孩子，又能教育那些欺负人的孩子呢？

③ 我希望通过一次谈话或者活动，让欺负人的孩子和被欺负的孩子能坐下来，把话说开，尽量修复他们的关系。我该怎么组织和引导这样的对话呢？

④ 我希望能通过班级活动，让孩子们学会互相理解和包容，反对任何形式的欺负行为。我该设计哪些活动来培养他们的同理心呢？

⑤ 被隐性欺凌的孩子，心理上会受到影响。学校能提供哪些长期的心理支持，帮助他们走出阴影，重新建立自信呢？

⑥ 在修复欺凌事件中，家长可能会有不同的情绪和要求。我该怎么处理家长们的反应，确保家校能顺利合作呢？"
德育场景案例-双小雨/14.隐性抑郁与自伤行为干预方案-双小雨.docx,德育场景案例-双小雨,14.隐性抑郁与自伤行为干预方案-双小雨,"① 我是中学老师。最近班上有些孩子情绪起伏很大，对什么事都提不起兴趣，学习也退步了，还不太跟同学说话。我有点担心他们是不是有抑郁的倾向。我该怎么识别这些信号呢？

② 如果我发现有学生有伤害自己的念头或者行为，我该怎么办？我第一时间应该采取哪些紧急措施来保护他呢？

③ 学校自己可能没有专业的心理医生。如果学生有严重的心理问题，学校该怎么跟专业的心理健康机构合作，把学生转介过去，让他们得到及时帮助呢？

④ 我知道孩子有抑郁或自伤倾向，我想跟他聊聊，但我不知道怎么开口，才能让他信任我，愿意把心里话告诉我。我该怎么沟通呢？

⑤ 我需要跟这些孩子的家长沟通，让他们了解抑郁症和自伤行为是怎么回事，消除一些误解，并争取他们配合治疗和支持孩子。我该怎么跟家长说呢？

⑥ 我想在学校营造一个开放、支持的氛围，让孩子们不害怕谈论心理问题，知道寻求帮助是正常的。学校可以怎么做呢？"
德育场景案例-双小雨/15.班干部权力滥用治理方案-双小雨.docx,德育场景案例-双小雨,15.班干部权力滥用治理方案-双小雨,"① 我是班主任。我发现班上有些班干部，在管理班级时，似乎有点公报私仇或者拉帮结派，对一些同学不太公平。我该怎么发现他们有没有滥用职权呢？

② 我需要给班干部们讲清楚他们的职责和权力范围，避免他们乱用权力。我该怎么给他们制定一个清晰的行为规范，并进行培训呢？

③ 如果班干部真的滥用权力了，我该怎么处理呢？我既要严肃批评他，又要让他从中学到教训。

④ 我希望班级里有个机制，让同学们觉得如果班干部做得不好，他们可以安全地反映情况，不用担心被报复。我该怎么建立这样的反馈机制呢？

⑤ 为了避免班干部权力过大，我想通过一些制度来限制他们。比如，能不能定期轮换班干部，或者通过民主投票来选？

⑥ 我希望班干部们明白，他们的权力是为了服务大家，而不是为了自己的私利。我该怎么引导他们树立这种服务意识呢？"
德育场景案例-双小雨/16.班级小团体排斥现象的干预方案-双小雨.docx,德育场景案例-双小雨,16.班级小团体排斥现象的干预方案-双小雨,"① 我是班主任。我发现班上有些孩子总是几个人玩在一起，形成了一些“小团体”，而且他们好像不太愿意跟其他同学玩。我该怎么发现这种“小团体排斥”的迹象呢？

② 我希望能打破这些小团体，让班上所有孩子都能玩在一起，大家都是朋友。我该怎么通过班级活动或者分组学习来促进融合呢？

③ 有些孩子因为被小团体排斥，感觉很孤单。我该怎么帮助他们建立自信，找到融入班集体的机会呢？

④ 我该怎么跟那些“小团体”里的核心孩子谈谈，让他们认识到排斥别人是不对的，并引导他们去接纳更多的同学呢？

⑤ 我希望班级里形成一种互相尊重、不排斥任何人的良好风气。我该怎么制定班规或者营造一种文化来达到这个目的呢？

⑥ 如果班级里的小团体排斥现象一直存在，我该怎么办？有没有更有效的方法来重新调整班级里的人际关系呢？"
德育场景案例-双小雨/17.学生突发性情绪崩溃的干预方案-双小雨.docx,德育场景案例-双小雨,17.学生突发性情绪崩溃的干预方案-双小雨,"① 我班上有个学生突然情绪失控，大喊大叫甚至摔东西。我当下应该立即做些什么，才能保证我自己和学生的安全呢？

② 孩子情绪平静下来以后，我该怎么跟他单独聊聊，帮助他回忆一下刚才发生了什么，分析一下哪里做得对哪里不对呢？

③ 班里有个孩子经常情绪失控，我该怎么跟家长沟通，建立一个有效的陪读或者共同帮助的机制，让家长也参与进来呢？

④ 班里有个孩子情绪很不稳定，我希望能帮助他重建自信。我该怎么及时、具体地表扬他每一次微小的进步和好行为呢？

⑤ 我在持续关注班里孩子情绪失控的状况，但我该怎么判断他是不是真的开始信任我了，并且愿意主动向我寻求帮助了呢？

⑥ 如果班里情绪失控的孩子，失控是跟家里的一些事情有关，我在跟家长沟通的时候，该怎么既表示理解，又坚持原则，避免冲突，争取他们跟我一起合作呢？"
德育场景案例-双小雨/18.家长忽视作业管理的结构化干预方案-双小雨.docx,德育场景案例-双小雨,18.家长忽视作业管理的结构化干预方案-双小雨,"① 我是班主任。有些家长跟我说：“老师你罚他就行了，我们管不了。”听到这样的话，我该怎么回应，才能既明确我的立场，又不会激化矛盾呢？

② 我想了解家长在家有没有管孩子写作业，但我又不能直接问。我该怎么通过观察孩子的作业本，比如字迹、对错情况、有没有涂改，来判断家长本周有没有监管呢？请举例说几个具体的观察点。

③ 我跟孩子单独聊的时候，怎么才能让他明白学习是他自己的事，同时我怎么调整对他的“惩罚”，让他不至于太逆反呢？

④ 如果我发现孩子最近作业做得好了，我希望能借此机会跟家长沟通，表扬孩子，鼓励家长多参与。我该怎么跟家长说，才能让他们从“被迫管”变成“主动管”呢？

⑤ 我跟一些家长沟通了好几次，但他们还是完全不管孩子作业。我下一步还能做些什么呢？学校还有没有其他资源可以利用来解决这个问题？

⑥ 我有时在想，为什么如果我总是“包揽惩罚”孩子，反而会把问题都推到我身上，孩子也会觉得“反正老师会管”，这样对吗？请从老师和家长各自的责任，以及孩子心理的角度给我分析一下。"
德育场景案例-双小雨/2.校园伤害事件的权责厘清与家校调解方案-双小雨.docx,德育场景案例-双小雨,2.校园伤害事件的权责厘清与家校调解方案-双小雨,"① 我是小学老师。我们班有学生在课间不小心摔伤了，对方同学可能也有一定责任。作为现场的老师，我当下应该立即做些什么来处理这个突发情况呢？

② 学校发生了一起学生冲突，其中一个孩子受了伤。现在家长都来学校了，对责任划分有不同意见。我该如何根据学校的规定和一些原则，来确定每个孩子和家长分别要承担什么责任呢？

③ 我在调解一起学生伤害事件时，其中一方家长情绪很激动，一直提一些我觉得不合理的要求，调解没法继续。我该怎么跟他们沟通，让他们冷静下来，回到理性讨论呢？

④ 两个孩子打架受了伤，现在双方家长都同意调解，但具体怎么赔偿或者补偿，他们还没谈拢。我该怎么引导他们，才能达成一个双方都觉得公平合理的方案呢？

⑤ 我们学校有学生打架受伤，家长之间怎么都谈不拢，调解了好几次都没有结果。现在学校应该怎么办呢？有没有其他途径可以解决？

⑥ 我们学校发生过几起学生意外受伤的事件，我想从中吸取教训，以后怎么做才能减少这类事情的发生呢？有什么具体的预防建议吗？"
德育场景案例-双小雨/3.小学高年级劳动技能培养方案-双小雨.docx,德育场景案例-双小雨,3.小学高年级劳动技能培养方案-双小雨,"① 我是小学高年级教师，现在学校要求我们开展劳动教育。我想设计一些适合我们年级孩子、又能让他们感兴趣的劳动项目。具体可以做哪些呢？

② 我准备组织孩子们进行一些劳动实践活动，比如种植、小发明制作。我很担心他们的安全问题，也想趁机培养他们的安全意识。我该注意些什么呢？

③ 我不希望劳动课只是简单地动手，更想通过劳动来培养孩子们的团队合作和解决问题的能力。我该怎么做才能达到这个目的呢？

④ 我们开展了劳动技能培养，但不知道怎么评估孩子们的学习情况和进步。有没有什么比较好的评价方式，能让我了解他们学得怎么样？

⑤ 我想让劳动教育不只是单独的一门课，希望能和语文、数学这些主科结合起来。有没有什么好的方法，能把劳动教育融入到日常学科教学中呢？

⑥ 班上有些孩子对动手劳动不太感兴趣，甚至有点抵触情绪。我该怎么引导他们，激发他们参与劳动的热情呢？"
德育场景案例-双小雨/4.学术伦理危机干预方案-双小雨.docx,德育场景案例-双小雨,4.学术伦理危机干预方案-双小雨,"① 我是初中老师。最近我发现班里有个别学生在考试或写作业时，可能存在作弊、抄袭的情况。我该怎么悄悄地调查，收集一些证据来确认呢？

② 我确认有学生作弊了，现在需要处理。我既想好好教育他，又觉得应该给他一些惩罚，但又怕处理不好反而影响他。我该怎么平衡教育和惩罚呢？

③ 我希望通过一些教育活动，让所有学生都明白学习要诚信，不要作弊。我该怎么设计一个针对全校学生的诚信教育课程呢？

④ 学校里如果出现了老师违反学术规范的情况，这会严重影响学校的声誉。学校应该采取哪些措施来处理这种情况，保护学校的形象和公平性呢？

⑤ 我们处理了一起学生作弊事件，现在想回顾一下处理过程，看看哪里做得好，哪里可以改进。我该怎么评估我们这次干预的效果呢？

⑥ 我想给学生们讲清楚什么是作弊，作弊会有什么后果，让他们引以为戒。我该怎么通过具体的例子，把这些讲明白呢？"
德育场景案例-双小雨/5.幼童课堂言语冲动的干预方案-双小雨.docx,德育场景案例-双小雨,5.幼童课堂言语冲动的干预方案-双小雨,"① 我是幼儿园老师。我们班有个孩子，在课堂上总是忍不住插嘴、大声说话，打断别人。我该怎么仔细观察和记录他的这些行为呢？

② 这个爱插嘴的孩子影响了课堂秩序，我想帮他改掉这个习惯。我该怎么给他制定一个专属的“好行为约定”或者奖励计划呢？

③ 当这个孩子又忍不住插嘴时，我不想影响其他小朋友，但我又希望能及时制止他。我该怎么在不引人注目的情况下，有效地提醒和引导他呢？

④ 我需要跟这个孩子的家长沟通他在幼儿园的表现，希望家长在家也能配合我一起帮助他。我该怎么跟家长说，才能得到他们的理解和支持呢？

⑤ 我想通过一些游戏或者小剧场，让孩子们学习怎么轮流发言，怎么安静地听别人说话。有没有什么好的互动方式呢？

⑥ 这个孩子总是冲动发言，我有点担心是不是有什么别的原因，比如注意力不集中或者其他生理问题。我该怎么初步判断一下呢？"
德育场景案例-双小雨/6.公共场合讲话与同学间的隐性攻击干预方案-双小雨.docx,德育场景案例-双小雨,6.公共场合讲话与同学间的隐性攻击干预方案-双小雨,"① 我是班主任。我发现班上有些学生说话的时候，可能是在开玩笑，但听起来像是在嘲讽或排挤其他同学，还私下传一些不好的话。我该怎么发现和识别这些“话语里的攻击”呢？

② 我发现有孩子在言语上排挤其他同学。我该怎么在第一时间进行干预，既不让事情闹大，又能明确告诉他们这是不对的？

③ 我希望能通过班级活动，让孩子们学会辨别和应对这些“隐形攻击”，比如别人说不好的话时，该怎么保护自己。我该组织什么活动呢？

④ 被同学用言语攻击的孩子，心理上可能受到了伤害。学校能提供哪些帮助，来安抚和辅导这些受伤害的孩子呢？

⑤ 我该怎么跟那些喜欢用言语攻击别人的孩子私下聊聊，让他们反思自己的言行，并改正过来呢？

⑥ 我希望通过家校合作，共同引导孩子建立健康的社交观念，让他们懂得尊重他人，不伤害他人。我该怎么跟家长配合呢？"
德育场景案例-双小雨/7.习惯性嗜睡学童干预方案-双小雨.docx,德育场景案例-双小雨,7.习惯性嗜睡学童干预方案-双小雨,"① 我是小学老师。班上有个孩子，上课时总是打瞌睡，感觉睡不醒。除了晚上睡太晚，我还应该考虑是不是有其他身体上的原因呢？

② 这个孩子上课老打瞌睡，我很心疼。学校能提供哪些帮助，比如调整座位、让他小睡一会儿，或者课堂上给他一些特殊的照顾，让他能更好地学习呢？

③ 我需要跟这个孩子的家长沟通，让他们重视孩子的睡眠问题。我该怎么指导家长，帮助孩子改善睡眠环境和作息习惯呢？

④ 如果孩子老打瞌睡是因为心理压力大或者情绪不好，学校能提供哪些心理方面的支持或者帮助他去看专业的医生呢？

⑤ 我想在学校普及一些关于睡眠健康的知识，让所有孩子都意识到充足睡眠的重要性。我该怎么在健康教育课上讲呢？

⑥ 我已经尝试了一些方法来帮助这个爱打瞌睡的孩子，现在想知道这些方法有没有效果。我该怎么持续关注他的情况，并根据反馈调整我的干预措施呢？"
德育场景案例-双小雨/8.教师失言致生隐性创伤修复方案-双小雨.docx,德育场景案例-双小雨,8.教师失言致生隐性创伤修复方案-双小雨,"① 作为一名教师。我最近不小心对某个学生说了一些不合适的话，事后很后悔，担心给孩子造成了不好的影响。我该怎么反思自己的行为，判断对孩子的影响有多大呢？

② 我意识到我的失言可能伤害了学生，希望能向他道歉。我该怎么以最真诚、最恰当的方式去跟孩子道歉和解释，让他能接受呢？

③ 如果学生因为老师的失言受到了心理上的伤害，学校能提供哪些心理上的支持和辅导，来帮助孩子走出阴影呢？

④ 有些家长可能对老师的失言很不满，甚至会质疑学校。在修复这件事的过程中，我该怎么跟这些家长沟通，既能解决问题又不影响家校关系呢？

⑤ 我希望学校能通过培训，帮助我们老师提高说话的艺术和情绪管理能力，以后避免再发生类似的事情。学校可以开展哪些这方面的培训呢？

⑥ 我采取了一些措施来弥补我的失言对孩子造成的影响，现在想知道孩子是不是真的走出来了。我该怎么评估这些修复方案的效果呢？"
德育场景案例-双小雨/9.低龄学童网络热梗泛化的干预方案-双小雨.docx,德育场景案例-双小雨,9.低龄学童网络热梗泛化的干预方案-双小雨,"① 我是小学低年级老师。班里好多孩子最近说话总是夹杂一些网络流行语，有的听起来有点奇怪或者不礼貌。我该怎么发现他们平时用了哪些不合适的网络热梗呢？

② 我想给孩子们讲讲这些网络热梗是怎么回事，什么时候能用，什么时候不能用，免得他们乱用。我该怎么设计课程或者活动来教他们呢？

③ 我发现孩子在家里也经常说这些网络热梗，可能家长不太了解。我该怎么跟家长沟通这个问题，指导他们在家里也帮助孩子进行网络素养教育呢？

④ 现在网络信息太多了，我想培养孩子们学会分辨哪些网络信息是好的，哪些是不好的。我该怎么引导他们呢？

⑤ 作为学校，我们应该对校园里使用网络热梗有没有什么规定或者指引呢？

⑥ 我想在班级里组织一次讨论，让孩子们聊聊网络用语对我们平时说话和交朋友有什么影响。我该怎么组织这次讨论呢？"
教育任务描述+王洁/1-小学低年级科学课小组合作能力培养+王洁.docx,教育任务描述+王洁,1-小学低年级科学课小组合作能力培养+王洁,"第一次上二年级科学实验课，学生从来没分过小组，只会乱哄哄挤在一起，我该怎么教他们最基础的小组合作？

4 人小组做 ""磁铁吸什么"" 实验，总有 2 个学生抢着拿磁铁，另外 2 个站在旁边看，我喊 ""要合作"" 没用，怎么办？

学生分任务时总是吵架，都想当 ""操作员"" 不想当 ""记录员""，猜拳也不管用，我该怎么公平解决？

小组讨论时，学生都抢着说话，没人听别人的意见，实验方案总是定不下来，怎么教他们学会倾听？

班里有个特别内向的学生，每次小组活动都躲在后面，从不说话也不操作，怎么让他参与进来？

做 ""水的温度测量"" 实验时，学生抢温度计差点打碎，我应该先做什么再发材料？

实验结束后，我让小组汇报，每次都是同一个人说话，其他人都低着头，怎么让全员参与汇报？

我只有 1 节课时间做 ""恐龙化石测量"" 实验，既要完成实验任务又要教合作，时间不够怎么办？

学生说 ""我自己做更快，为什么要和别人一起""，不愿意参与小组合作，我该怎么解释？

上次实验后我忘了复盘，这次做新实验，学生又回到了乱哄哄的状态，怎么快速巩固之前的合作习惯？"
教育任务描述+王洁/10-小学科学探究中的过程性评价设计+王洁.docx,教育任务描述+王洁,10-小学科学探究中的过程性评价设计+王洁,"我是乡村小学科学老师，没有电脑、没有评价平台，只有纸和笔，怎么给三年级 ""水的三态变化"" 实验课设计可落地的过程性评价？

我是新手科学老师，只会在实验结束后给学生打 ""优 / 良 / 中""，不知道怎么做过程性评价，你能给我一套最简单的模板吗？

我让学生对照标准自评，他们都给自己打满分，根本不认真检查自己的问题，怎么办？

小组互评时，学生都互相说 ""你真棒""，没人指出问题，互评变成了走过场，怎么让互评真正有效？

我表扬学生只会说 ""你真棒"""" 做得好 ""，学生听了没感觉，怎么给出具体的、能促进进步的反馈？

班里有几个基础特别差的学生，每次评价都垫底，越来越没信心，怎么设计评价才能保护他们的积极性？

我每次上完实验课都要批改几十份记录单，花 2 个多小时，过程性评价反而增加了我的负担，怎么简化？

我们正在做 ""夔龙灯制作"" 跨学科项目，持续 4 周，怎么设计贯穿全程的过程性评价，而不是最后只评作品？

学生做完实验就交记录单，根本不检查自己的错误，也不会改进，怎么用评价引导他们主动修正？

我想让学生展示自己的探究成果，但又怕变成 ""优秀生专场""，怎么设计展示评价才能让每个学生都有机会？"
教育任务描述+王洁/11-资源匮乏下小学科学本土化项目化学习设计+王洁.docx,教育任务描述+王洁,11-资源匮乏下小学科学本土化项目化学习设计+王洁,"我是乡村小学的语文老师，兼职教科学，没有实验室、没有器材、没有经费，怎么设计一个三年级学生能做的本土化科学项目？

我们班学生从来没做过项目化学习，我一说 ""做项目"" 他们都一脸茫然，不知道该干什么，怎么引导他们进入探究？

学生做完东西就扔，记录单写了就丢，一个项目下来什么资料都没留下，怎么让他们养成记录和留存的习惯？

我们班有 45 个学生，只能分成 11 个小组，怎么分工才能让每个学生都有事做，不出现旁观者？

学校不让随便带学生外出，怎么利用校园里的花草树木、泥土石头设计一个深度探究的项目？

我想做 ""家乡的土壤"" 项目，但不知道怎么把大项目拆成一节课能完成的小任务，你能帮我拆解一下吗？

有的组做得快，有的组做得慢，我硬卡课时的话，慢的组做不完，等他们的话快的组又没事干，怎么灵活把控时间？

学生做的项目作品做完就扔在角落里，没有任何价值感，怎么让成果有真实的意义和用途？

村里的孩子动手能力差，不会画设计图、不会用剪刀胶水、不会测量，怎么降低项目的动手门槛？

我以前评价项目只看最后作品好不好看，现在想做过程性评价，但不知道怎么设计，你能给我一套最简单的方案吗？"
教育任务描述+王洁/2-小学科学动手操作中的支架式指导+王洁.docx,教育任务描述+王洁,2-小学科学动手操作中的支架式指导+王洁,"一年级做 ""彩色纸链"" 手工，学生不会用剪刀剪直线，一剪就歪，直接把剪刀递给我说 ""老师你帮我剪""，我该怎么引导他自己完成？

三年级 ""点亮小灯泡"" 实验，学生接好电路后灯泡不亮，立刻举手喊 ""老师我不会""，等着我去帮他接，我该怎么引导他自己排查问题？

四年级搭 ""承重纸桥""，学生搭的桥只能放 1 个硬币就塌了，他说 ""我做的桥没用""，把材料推到一边不想再试了，怎么办？

二年级 ""测量课桌长度"" 活动，学生用软尺测量时总是拉不直，读数忽大忽小，我该怎么提供支架，而不是直接告诉他怎么量？

五年级做 ""简易净水器""，学生按顺序放好砂石、棉花后，过滤出来的水还是浑浊，他盯着装置看了 5 分钟说 ""不知道哪里错了""，我该怎么引导？

一年级用放大镜观察树叶纹理，学生把放大镜贴在眼睛上，还是看不清，急得要哭，我该怎么用最低限度的支架教他正确使用？

学生做 ""风动小车"" 实验，小车总是往左边歪，跑不直，他反复调整了 3 次车轮都不行，就把小车扔在桌子上放弃了，怎么办？

四年级 ""制作岩石标本""，学生不知道怎么给岩石贴标签，标签总是贴歪或者漏写名称、采集地点，我该怎么引导他自己完成？

学生设计 ""纸房子"" 模型，画的设计图有很多复杂的尖顶和雕花，实际制作时根本粘不上去，我该怎么引导他简化设计而不否定他的想法？

六年级 ""小苏打和白醋的变化"" 实验，学生倒白醋时倒太多，泡沫一下子溢出来流到桌子上，他慌了不知道怎么办，我该怎么引导他调整实验步骤？"
教育任务描述+王洁/3-小学科学教师教学设计如何落实课标和学情+王洁.docx,教育任务描述+王洁,3-小学科学教师教学设计如何落实课标和学情+王洁,"我是三年级新手科学老师，下周要上 ""点亮小灯泡"" 实验课，我把教学目标定为 ""知道电路的基本组成，能连接简单电路""，这样可以吗？

五年级 ""种子的传播"" 一课，我课前提问发现全班 90% 的学生已经通过语文课和课外书知道了苍耳、蒲公英、椰子的传播方式，这节课的教学目标应该怎么调整？

四年级 ""水的三态变化"" 一课，我想让学生 ""理解分子运动与物态变化的关系""，但试上时发现学生完全听不懂，我该怎么修改教学目标？

我带两个平行班的科学课，一班学生基础好，爱提问；二班学生基础薄弱，连基本的实验操作都不熟练。同样上 ""磁铁的性质"" 一课，两个班的教学目标应该怎么区分？

一年级 ""观察蜗牛"" 一课，课标只要求 ""能说出蜗牛的基本外形特征""，感觉内容太简单，一节课 20 分钟就能讲完，剩下的时间我该安排什么？

六年级 ""制作简易太阳能热水器"" 工程实践课，我把教学目标定为 ""能制作出一个能加热水的太阳能热水器""，这样对吗？应该怎么完善？

五年级 ""月相变化"" 一课内容太抽象，学生很难理解，我能不能把教学目标简化为 ""能记住一个月中月相的变化顺序""？

三年级 ""物质的变化"" 单元复习课，我总是把复习变成知识点串讲，学生听得很无聊，复习课的教学目标应该怎么设定？

我在乡村小学教科学，班里有一半学生是留守儿童，基础很差，连基本的科学术语都听不懂。上 ""声音的产生"" 一课，教学目标应该怎么定才合适？

四年级 ""校园植物调查"" 跨学科活动，语文老师想让学生写观察日记，美术老师想让学生画植物，我作为科学老师，这节课的核心教学目标应该是什么？"
教育任务描述+王洁/4-小学科学课堂规则管理+王洁.docx,教育任务描述+王洁,4-小学科学课堂规则管理+王洁,"一年级科学实验课，我一拿出材料学生就抢着伸手，还没讲规则就乱了，我该怎么立刻稳住秩序？

我喊 “安静” 学生根本不听，继续吵闹，我想用统一口令但不知道用什么、怎么练，你给我一套可直接用的？

实验做到一半，有人一直拖拉不做，有人做完就大声说话，全班进度被拖慢，我该怎么控时？

小组发材料时总有人抢、有人占着不放手，甚至推搡，我该怎么预防和处理？

我发 “暂停” 口令，只有一半学生停下，另一半继续玩，我该怎么强化条件反射？

我们班班主任已有固定静息口令，我科学课能不能用？怎么和班主任保持一致？

低年级学生听不懂抽象规则，我怎么把实验规则 “演出来” 让他们一看就会？

学生多次不听口令、扰乱实验，我想回收材料，但怕打击积极性，怎么做才合适？

一节课快结束了，只有少数组做完，大部分组没完成，我该不该等？怎么处理不焦虑？

只有我科学课乱，班主任课很安静，我该怎么调整口令、节奏和规则？"
教育任务描述+王洁/5-小学科学课堂如何递进式提问+王洁.docx,教育任务描述+王洁,5-小学科学课堂如何递进式提问+王洁,"我是三年级新手科学老师，下周上 ""磁铁的磁性"" 实验课，不知道怎么设计提问，只会问 ""磁铁能吸什么""，你能帮我设计一套递进式提问吗？

四年级 ""水蒸气的凝结"" 实验，学生回答 ""水蒸气遇冷变成小水珠"" 后，我只会说 ""对的""，不知道怎么引导其他学生参与，怎么办？

一年级 ""观察树叶"" 课，我问 ""树叶有什么特点""，学生回答五花八门，课堂乱成一团，怎么把提问收住并引导递进思考？

小组汇报 ""点亮小灯泡"" 实验结果后，全班没人说话，冷场了，我该怎么引导汇报小组和其他同学互动？

五年级 ""摆的快慢"" 实验，我想突出 ""控制变量"" 的科学思维，怎么围绕这个教学主张设计递进式提问？

六年级 ""制作简易显微镜"" 工程实践课，我设计的提问都是 ""怎么做"""" 做好了吗 ""，怎么提升提问的思维含量？

我带两个平行班，一班学生思维活跃爱提问，二班学生不爱发言，同样上 ""声音的产生"" 一课，提问设计应该怎么区分？

学生回答问题错了，我直接说 ""不对""，打击了学生积极性，有没有更好的引导方式，既能纠正错误又能推进思考？

复习课 ""物质的变化""，我只会问 ""什么是物理变化"""" 什么是化学变化 ""，怎么设计递进式提问提升复习课的思维深度？

我参考教师教学用书设计了提问，但课堂上学生的回答完全偏离了我的预设，我该怎么调整提问继续推进探究？"
教育任务描述+王洁/6-小学科学课堂小组分工与角色安排+王洁.docx,教育任务描述+王洁,6-小学科学课堂小组分工与角色安排+王洁,"二年级 4 人小组一分工就抢着当组长，吵成一团，我该怎么快速解决，不耽误上课？

有个组所有人都不想当组长，互相推脱，5 分钟还定不下来，我该怎么处理？

小组里有个学生特别强势，每次都霸占操作员，别人碰都不让碰，我不能当众批评，该怎么引导？

班里有个内向学生每次分工都躲着，不说话、不参与，永远是边缘人，我该给怎么引导？

一年级学生完全不懂 “轮流” 和 “等待”，我怎么用最简单的方式教他们分工规则？

我想让小组自己定分工规则，他们想用猜拳、抽签，可以吗？老师该做什么、不该做什么？

六年级小组表面安静，但有人故意冷落某个同学，不给他角色，属于冷暴力，我该怎么处理？

小组里有动手能力弱的学生，总是被排挤，我要怎么引导学生，让他能成功、有成就感？

小组分工总是乱：有人没事做、有人做不完、有人抢着做，怎么设计固定角色让人人有事干？

我以前一乱就直接指定组长，现在想改，怎么从 “教师指定” 平稳过渡到 “学生自主分工”？"
教育任务描述+王洁/7-小学科学课堂学生突发情绪、肢体冲突处理流程+王洁.docx,教育任务描述+王洁,7-小学科学课堂学生突发情绪、肢体冲突处理流程+王洁,"科学课上用酒精灯加热，两名学生突然推搡打架，我第一时间该做什么？

学生突然情绪崩溃大哭、拍桌子、扔实验材料，我不能当众批评，该怎么靠近安抚？

有学生被打哭了，我只需要安抚，不能追问对错，该说哪些具体话术？

冲突很激烈，我只是科学老师，没有心理资质，必须请谁来？什么时候请？

全班都围过来看热闹、起哄，我该怎么快速清场、止围、不扩大事态？

班主任来了，我只能客观描述，不能评价、不贴标签，我该怎么汇报？

冲突结束后，我要回到课堂继续上课，该怎样轻描淡写不渲染？

学生打架时差点碰翻剪刀、烧杯、热水，我该怎么处理保证学生的安全？

我不能拉扯、不能强行控制情绪激动的学生，那我能做什么动作安抚？

事后其他同学问刚才发生了什么，我能不能说细节？该怎么回应？"
教育任务描述+王洁/8-小学科学实验结果与预设不符的探究式应对+王洁.docx,教育任务描述+王洁,8-小学科学实验结果与预设不符的探究式应对+王洁,"一年级做 ""水的表面张力"" 实验，回形针一放就沉下去，和课本说的 ""能浮很多个"" 不一样，学生都看着我，我该怎么说？

五年级 ""蚯蚓的选择"" 实验，大部分蚯蚓都躺在湿土和干土中间不动，和课本预设完全不符，我该怎么引导学生探究？

四年级 ""磁铁的两极"" 实验，学生发现两块磁铁的同极居然吸在了一起，都喊 ""课本错了""，我该怎么回应？

六年级做 ""小苏打和白醋的变化"" 实验，产生的气体倒在蜡烛上，蜡烛没有熄灭，我自己也不知道原因，该怎么办？

二年级 ""植物的向光性"" 实验，种了一周的绿豆芽没有向窗户方向弯，学生说 ""植物不会向光生长""，我该怎么引导？

三年级 ""声音的产生"" 实验，用手摸敲响的音叉感觉不到振动，我怕耽误进度，想直接告诉学生 ""音叉其实在振动""，这样可以吗？

五年级 ""摆的快慢"" 实验，学生发现重的摆锤摆得更快，和课本 ""摆锤重量不影响快慢"" 的结论矛盾，我该怎么处理？

四年级 ""点亮小灯泡"" 实验，学生接了很多次电路，灯泡都不亮，都泄气了说 ""我不会做""，我该怎么引导他们找原因？

六年级 ""铁生锈"" 实验，各小组的铁钉生锈速度差别很大，有的完全没锈，有的锈得很厉害，我该怎么组织课堂讨论？

五年级 ""火山喷发"" 模拟实验，番茄酱没有喷出来，只是流了一点，实验效果很差，我该怎么布置课后探究任务？"
教育任务描述+王洁/9-小学科学实验课材料准备与分发回收的高效实施+王洁.docx,教育任务描述+王洁,9-小学科学实验课材料准备与分发回收的高效实施+王洁,"我是乡村小学新手科学老师，没有专业实验室，教材要求用酒精灯做 ""水的沸腾"" 实验，学校没有酒精灯，我该放弃实操改看视频吗？

一年级 ""认识物体的形状"" 实验，我按每人一块积木分发材料，学生因积木颜色、大小不一样吵了一节课，根本没做实验，怎么办？

我课前没试做实验，上课才发现小苏打过期了，和白醋反应几乎没有气泡，学生都看着我，我该怎么补救？

材料一发给学生，他们就开始玩，敲敲打打、互相扔，根本不听我讲实验要求，我该怎么制止？

实验结束后，学生乱扔材料，有的把烧杯打碎了，有的把材料藏起来，回收要花 10 分钟，怎么才能快速有序回收？

教材要求用 ""弹簧测力计"" 测量力的大小，学校的测力计都坏了，有没有身边的简易材料可以替代？

三年级小组实验，材料放在桌子上，总是被同一个学生霸占，其他人只能看着，怎么分工才能让人人都能操作？

做 ""切割岩石"" 实验需要用小刀、玻璃片等尖锐材料，我怕学生受伤，怎么准备和分发才安全？

我想让学生自己带实验材料，又怕有的学生带不齐，还有的带危险物品，怎么组织才合适？

我带两个平行班，用同样的材料和流程上课，一班材料分发回收很有序，二班却乱成一团，我该怎么调整？"
教育任务描述文档 徐心(1)/中职“固定教研时段”被挤占与教研会议行政化的机制优化 徐心.docx,教育任务描述文档 徐心(1),中职“固定教研时段”被挤占与教研会议行政化的机制优化 徐心,"专家使用此文档生成 Agent 后，可通过以下 10 个角色代入式问题测试其专业水平：

情景1：防挤占的替代机制

教务主任问：“下周二下午的固定教研时间，学校党委和工会临时安排了重要活动，不可避免地冲突了。作为管理者，我该怎样设计一个‘补偿性教研’替代方案，既能保证教研进行，又绝对不增加教师额外的下班休息时间？”

情景2：会议跑偏的控场话术

教研组长说：“每次开会，我刚抛出一个教学问题，大家就开始吐槽学生底子太差，随后演变成对班级纪律的批斗会。请给我提供一套具体的主持话术和会议规则，让我能强行且不生硬地把话题拉回专业研讨上。”

情景3：资深教师的动力激发

教研组长说：“组里有几位快退休的资深专业课老教师，他们总觉得自己‘专业技术见底了，没什么好探讨的’。我应该怎样设计‘微型教研任务’，让他们觉得参会有价值，并且愿意主动分享？”

情景4：跨学科的学情适配

数学教研组长问：“我们中职数学课统一进度备课，导致去不同专业上课‘水土不服’。请为我们组设计一张《公共课跨专业适配研讨表（模板）》，强制要求老师在教研时思考不同专业（如数控、汽修、幼师）的学情差异。”

情景5：行政杂务的极速剥离

教研组长说：“很多学校层面的行政通知不得不发，但极其占用教研时间。请给我制定一套‘教研会前10分钟行政事务极速处理规范’，明确哪些能在群里发，哪些必须会上说，怎么说最快。”

情景6：教研闭环的复盘设计

教研组长问：“上周我们教研的主题是‘项目式教学的课堂导入设计’，专家说教研必须有闭环验证。请为我设计本周教研会开场前15分钟的‘复盘与证据展示’环节，具体怎么操作？”

情景7：双线并行的冲突化解

教学副校长问：“我们很多核心骨干教师既是专业主力，又是班主任。教研时段他们经常被叫去处理学生打架等突发纠纷。从学校教务与政教协同的管理机制上，我该如何设计一条规则来缓解这个冲突，保住他们的教研时间？”

情景8：轻量化产出的界定

教务主任说：“我要求每次教研必须有‘产出’，结果老师们觉得又要写报告，集体抵制抗议‘太卷了’。我该如何重新向老师们定义并举例说明‘轻量级、对备课有直接帮助的教研证据’？”

情景9：刚性制度的条款起草

校长说：“为了彻底解决教研被挤占的问题，我需要在下周的全校大会上颁布一项铁律。请根据‘保时间、转内容、重产出’的精神，为我起草一份500字左右的《关于严禁挤占业务教研时间的校级刚性规定》核心条款。”

情景10：去行政化的客观评估

校长问：“如果学校实行了你的‘教研去行政化优化机制’一整个学期，期末评估时，我不能看教研组长写的总结报告。我应该去查哪3个最核心的‘非报告类’客观证据或数据指标，来判断教研真的走向专业了？”"
教育任务描述文档 徐心(1)/中职作业规范化管理与智能分层设计 徐心.docx,教育任务描述文档 徐心(1),中职作业规范化管理与智能分层设计 徐心,"专家使用此文档生成 Agent 后，可通过以下 10 个角色代入式问题测试其专业水平：

情景1：防AI秒杀的“题型改造”

计算机老师问：“我布置了‘简述什么是云计算’的作业，结果全班都用AI生成了完美答案。请帮我将这道题改写为一道‘能够防止AI直接代写、必须融入学生个人真实生活或本校场景思考’的进阶题？”

情景2：保护自尊的“熔断护底”

平台管理员问：“在使用智能分层推送作业时，如果一个学困生连最基础的‘底线题’都做错了，在连续做错两道‘巩固题’后，为了保护他的自尊心防其崩溃，系统下一步最标准、最人性化的自动化动作应该是什么？”

情景3：无设备的“实操课作业”

中餐烹饪老师问：“今天实训课在学校厨房教了‘切土豆丝’。但学生回家后根本没有砧板和土豆供他们练习。请为这节课设计一份耗时在15分钟以内、且坚决不写‘心得体会’的高质量‘数据预判/错因复盘型’替代作业？”

情景4：避免水题的“共建台账”

教研组长问：“为了支撑分层系统，教研组必须把‘临时出卷子’改为‘共建多层题库’。为了防止老师们随便在网上找些烂题凑数，请帮我设计一张包含5个关键约束字段的《教研组题库录入分工台账》？”

情景5：戳破谎言的“时长刺探”

教务处长问：“学校规定每科作业不得超过30分钟，但很多老师为了应付检查，都谎称自己的作业10分钟就能写完。为了拿到真实数据，请设计一个‘绝对不依赖老师主观汇报’的作业真实时长抽检机制？”

情景6：防止刷分的“错题闭环”

英语老师问：“很多学生在APP上做单选题得了60分，看一眼分数直接就关了软件，根本不看解析。请问系统在设计时，必须自动强制设置哪3个连贯动作，才能逼迫该学生完成真正的‘错题订正闭环’？”

情景7：低成本的“变式对抗”

物理老师问：“我手头一份沿用多年的电路计算题被各大搜题软件完美收录，学生一扫就出正确答案。请给我提供3种最低成本的‘试题变式微调技巧’，让搜题软件当场失效，必须靠自己算？”

情景8：不管差生的“底线警告”

年级主任问：“有个别专业课老师布置作业总喜欢拔高难度，导致班里后进生全线崩盘交白卷。请给我一段犀利的话术，向教研组解释‘在设计底线层必做题时，如果不死死对齐最差学生的水平，会导致课堂发生怎样灾难性的恶果’？”

情景9：不增负担的“拔尖加餐”

机电专业老师问：“班里有3个特别拔尖的技能大赛苗子，嫌平时的作业太弱智。请基于‘智能体分层系统’，告诉我如何给这3个人提供额外的视野拓展，且‘绝对不增加我每天单独为他们出题的额外负担’？”

情景10：目标偏离的“合规抽检”

教务员问：“我在期中检查教师提交的《作业设计单》。为了一眼看出这份作业是否‘精准对齐了本节课的教学目标’（而不是随意凑的题），我必须强制要求教师在单子上填写哪两个核心核对字段？”"
教育任务描述文档 徐心(1)/中职学生反馈导向的作业控量与实操分层项目化改进方案 徐心.docx,教育任务描述文档 徐心(1),中职学生反馈导向的作业控量与实操分层项目化改进方案 徐心,"专家使用此文档生成 Agent 后，可通过以下 10 个角色代入式问题测试其专业水平：

情景1：多科叠加的“统筹困局”

教研组长问：“周三下午放学前我发现，机械制图老师布置了30分钟绘图，材料力学布置了40分钟计算，数控布置了40分钟代码。三科叠加严重超标！请给我提供一个极其简明的‘多科作业统筹表模板’，并附带一段要求这三位老师立刻‘砍掉无效重复题’的协调话术？”

情景2：实操视频的“硬性分工”

专业课教师问：“我把纸质作业改成了让4个学生交一个‘数控车床换刀操作’的视频作业。为了防止只有去操作机器的那1个学生得到锻炼，另外3个拿手机傻站着，我需要在作业发布时明确怎样的‘硬性角色分工与轮流强制规则’？”

情景3：社恐学生的“合法兜底”

班主任问：“一个单亲家庭、重度社恐的男生找到我，说他宁可这门课挂科，也绝不参加那个6个人的沙盘推演小组作业，他害怕跟人交流。按照‘性格兜底’的逻辑，我该如何为他设计一个既能考察核心能力，又不需要社交的‘合法降级替代单人作业’？”

情景4：团队作业的“白嫖克星”

任课教师问：“在‘企业网店代运营’的小组期末作业中，组长私下向我哭诉，组里有两个男生什么活都不干，连微信群都不回。距离交作业还有一周，我作为老师应该立刻行使什么‘管理干预动作’，逼迫这两个男生干活且绝对不能蹭分？”

情景5：破除大锅饭的“双维量表”

教学督导问：“针对上述的网店运营小组作业，为了评价绝对公平，请为老师设计一个包含‘个人过程表现’和‘小组最终成果’的双维评分权重表（要求：必须列出能证明个人干了活的3个具体的‘客观核查证据’字段）？”

情景6：项目烂尾的“信心重建”

系主任问：“我想在《建筑工程造价》课上引入一个刚竣工的小区图纸作为大作业。但授课老师跑来诉苦：‘主任，我没在施工队干过，我怕学生算出来的数据我不懂怎么批改。’我该如何调动外部/企业资源，并提供一套‘非标准答案批改法’来打消他的顾虑？”

情景7：相同设备的“分层触达”

电工老师问：“面对同一套《电工基础》电路板焊接设备，班里学生能力参差不齐。请你分别为‘手残党（基础极差）’、‘中等生’和‘技术狂人（技能大赛苗子）’，利用这同一套设备布置难度依次递进的三个阶段性实操作业？”

情景8：人情互评的“机制补漏”

评价专家问：“在视频作业的课堂展示中我采用了‘学生互评’机制。但第一组上台后，底下因为关系好，全部闭着眼睛给打了满分，导致互评失去意义。下次互评前，我需要在评分表上增加哪两项‘必须填写客观事实的约束字段’来防止人情刷分？”

情景9：一次性活动的“资产沉淀”

课程开发主管问：“去年我们带学生完成了‘校园空调能耗排查’的真实项目作业。为了不让这个项目成为一次性耗材，教研组应该在暑假做哪些案头工作，把去年的杂乱数据转化为今年新生可以直接使用的‘标准化实操题库’？”

情景10：普教思维家长的“认知对齐”

分管副校长问：“有家长向我投诉，说专业课老师天天让学生‘拍视频、去社区掀井盖排查、搞什么乱七八糟的项目’，不写书本上的试卷，怕以后考不上本科技能证。请你给我一段话术，向家长犀利且专业地解释‘这种实操项目作业的含金量远超填空题’？”"
教育任务描述文档 徐心(1)/中职学生顶岗实习与升学期间家校协商及情绪冲突化解 徐心.docx,教育任务描述文档 徐心(1),中职学生顶岗实习与升学期间家校协商及情绪冲突化解 徐心,"专家使用此文档生成 Agent 后，可通过以下 10 个角色代入式问题测试其专业水平：

情景1：半夜炮轰的“接盘话术”

年轻班主任问：“晚上10点，一个家长打来电话劈头盖脸就骂：‘我把孩子送去上学，你们倒好，让他去电子厂流水线上一天干10个小时，都累吐了！’作为接电话的老师，请给我前3句话的应对原声录音稿（要求：必须瞬间提供情绪价值，但绝不能把责任揽下来或承诺立刻调岗）。”

情景2：兼听则明的“事实核验”

实习指导老师问：“面对上述家长的深夜控诉，挂了电话后，我明天的第一项工作绝不是马上给孩子办调岗。请列出我必须在明天上午完成的3个‘定向交叉核实’的动作清单（具体找谁？问什么关键数据？）”

情景3：娇生惯养的“成人法则”

系主任问：“经过核实，企业完全没有违规加班，纯粹是学生从小娇生惯养觉得累，向家长夸大其词哭诉。请你拟定一段跟家长复盘的沟通话术，巧妙地把‘职场内卷现实’和‘想留在好企业必须先吃苦’的社会法则灌输给家长，打消其退回学校的念头。”

情景4：意愿错位的“绕过家长”

老班主任问：“家长坚决要求给孩子换个轻松的文员企业，但我跟学生本人私聊时，学生说：‘其实带我的师傅挺好的，能学到真技术，是我妈非觉得我受苦了，我不想换。’这个时候，我应该采取什么策略（借力打力），来最快化解这场风波？”

情景5：走后门调岗的“底线回击”

就业办主任问：“有个家长托关系找到了学校领导，强硬要求把自己孩子从偏远的施工现场，调换回市区的清闲办公室实习。作为具体经办人，为了维护全班的公平，我应该用哪一套‘资源稀缺性与排队规则’的逻辑底牌，来柔中带刚地回绝这种特权要求？”

情景6：道德绑架的“保护教师”

年级组长问：“转段考试前夕，家委会代表气势汹汹地冲进办公室：‘隔壁学校周末都在补专业课，咱们学校周末放羊，考不上你们负得起责吗？’请教我一招，如何用‘晒出科任老师隐性付出（底牌）’的策略，将这波无理加课的攻击顶回去，保护我的老师们？”

情景7：胡搅蛮缠的“矛盾上交”

见习班主任问：“求救！这个家长太强势了，我给他解释了半个小时国家规定，他根本不听，还在电话里威胁我要去教育局告我，我快急哭了。请教我一句能瞬间‘阻断纠缠、合法把矛盾上交’的脱身话术？”

情景8：真遭压榨的“企业交涉”

分管副校长问：“核实后发现，某实习企业确实违背了承诺，把我们的实习生当廉价劳动力，安排了严重超出教学大纲的高强度流水线体力活。作为学校代表，请为我拟定一段与该企业HR总监的交涉话术（既要硬气指出对方违规护住学生，又要留有协商整改的余地，不直接撕破脸）。”

情景9：官僚回复的“话术卸妆”

危机公关专家问：“有家长在群里发难，质疑‘学校的实习安排就是为了把学生卖给工厂当免费劳动力赚钱’。年轻老师如果机械回复‘我们都是按国家规定双向选择的’，会彻底激怒家长。请将这句废话，改写为一段带有‘透明度、数据感和共建感’的高情商回复。”

情景10：事后管理的“双赢收尾”

学生科长问：“经过半个月的拉扯，我们终于为某个【确实因身体原因不适应车间】的学生，合规申请到了适合他的文职实习岗位，家长目前千恩万谢。此时，为了防止该家长以后得寸进尺、事事都来闹，我应该在结案时，对他进行怎样的一番‘丑话说在前头’的预期管理话术？”"
教育任务描述文档 徐心(1)/中职家长到校强情绪冲突处置流程与话术指南 徐心.docx,教育任务描述文档 徐心(1),中职家长到校强情绪冲突处置流程与话术指南 徐心,"专家使用此文档生成 Agent 后，可通过以下 10 个角色代入式问题测试其专业水平：

情景1：越界索赔的防守话术

校长问：“昨晚两名学生在宿舍打架导致一方轻伤，打人方家长耍赖拒绝赔偿，受害方家长今天带人堵在我的校长室，要求学校‘必须先垫付10万元医药费’。请给我生成一段针对该家长的‘边界拒绝与法律引导’面谈话术，既不能激怒他，又必须掐断学校兜底的幻想。”

情景2：年轻教师的紧急脱身

新入职的班主任小李哭着求助：“办公室里有个家长因为孩子受处分，正在拍桌子指着我的鼻子骂，我快控制不住情绪想回怼了！请立刻给我列一份此时此刻的‘绝对禁忌行为清单（3条）’，并教我用哪两句话能合理合法地‘脱身求援’？”

情景3：成绩质疑的程序化引流

教务处长问：“有位家长怀疑数学老师故意针对他孩子，给期末考打了不及格，现在在教务处大吵大闹要求立刻改分。为了把他从‘情绪对抗’引入‘程序闭环’，请帮我设计一份《期末成绩异议复核流程单》的核心节点，明确教务处和专门委员会的流转时限。”

情景4：系部领导的接管控场

系部主任问：“保安刚打电话，说有个家长情绪激动在校门口拉横幅骂我们班主任。我正跑步赶到现场准备接管局面。请给我设计到达现场后的‘前三句开场白’，要求能瞬间把家长的注意力从班主任身上移开，并引导到室内处理。”

情景5：反向追责的危机公关（延伸场景）

实习指导老师问：“有个学生拿萝卜章伪造了实习证明，其实天天在家打游戏。现在家长发现了，反而冲到学校大闹，指责学校‘监管缺位、不负责任’。请根据‘事实先行、边界阻断’的原则，教我怎么跟这位家长摆事实讲道理？”

情景6：过程性责任的证据保全

校医问：“为了证明学校在学生突发疾病/受伤时尽到了‘过程性管理和救助责任’，免受家长事后诬陷，我们需要在送医后立刻填写一份《突发事件过程留痕表》。请帮我列出这个表格必须包含的5个核心法律字段。”

情景7：法务/安保的严正警告

保卫科长问：“面对一个胡搅蛮缠的家长，系部主任‘先讲理、再讲情’的策略均已失效，家长现在开始在办公室撒泼打滚、砸东西。请为我（安保人员）生成一段介入时的‘严正法律警告话术’，要求震慑力强且全程合法合规。”

情景8：无懈可击的书面报告

专门委员会主任说：“经过调取试卷和教案复核，我们确认那位被家长投诉的数学老师评分客观，毫无问题。现在需要向该家长出具一份《成绩复核结论告知书》。请帮我撰写这份告知书的范本，要求语气官方、客观冷峻、无可挑剔。”

情景9：坚守边界下的柔性支持

分管副校长问：“那个被打伤的受害学生家庭确实是低保户，无力支付后续治疗费，而打人方也确实没钱。在‘学校坚决不承担连带赔偿责任’的铁律下，为了平息家长的绝望情绪，学校能为他提供哪些‘人道主义或社会资源（如民政/公益）的柔性支持策略’？”

情景10：家校冲突的复盘研讨

德育副校长说：“本次严重的家长闹校冲突终于平息了。为了把坏事变成培训契机，防止未来再次发生类似情况，我要求全体班主任明天召开一次复盘研讨会。请为这次研讨会设计3个最触及痛点的核心讨论议题。”"
教育任务描述文档 徐心(1)/中职教师教学设计问题的多渠道诊断与分层归因 徐心.docx,教育任务描述文档 徐心(1),中职教师教学设计问题的多渠道诊断与分层归因 徐心,"专家使用此文档生成 Agent 后，可通过以下 10 个角色代入式问题测试其专业水平：

情景1：单一证据的交叉验证

教务处长问：“有位老教研员听课后向我反映，某位青年教师的课‘气氛沉闷，教学设计失败’。作为管理者，在下定论去批评这位教师之前，我应该向你（Agent）索要哪另外两项客观数据/证据，来交叉验证这个判断是否准确？”

情景2：敷衍教案的深度追问

教研组长问：“我检查一位老教师的教案时发现，他的教学重难点只有一句极其敷衍的‘掌握排列组合概念’。请给我提供一段‘找该教师面对面谈话，层层追问其重难点设定依据’的三步沟通话术。”

情景3：防AI秒杀的作业重构

专业课教师问：“我教文秘专业的《应用文写作》，原本布置的作业是‘写一份会议通知’，结果全班80%的学生用DeepSeek等AI工具秒出答案交差。请帮我重新设计这道作业题或评价规则，既能锻炼真实写作能力，又能让AI无法直接代写。”

情景4：贯通培养的知识断层

中高职贯通项目负责人说：“高职段老师集体投诉，说中专升上来的学生连基础的‘数列’都没学过，高数课根本推不动。中专老师又嫌高职要求太高。请帮我设计一个‘中专-高职联合教研会’的破冰议程，彻底解决这个知识衔接漏洞。”

情景5：公共课的跨界需求对接

公共课教研室主任问：“我们学校数学组的集体备课总是‘一刀切’，导致去教数控班和去教财会班的内容完全一样。请帮我设计一张极简的《公共基础课-专业课需求对接表》，强制要求数学老师去了解并适配不同专业的侧重点。”

情景6：虚无学情的极速摸底

新入职教师抱怨：“这帮中职生底子太差了，我怎么讲他们都不听！”教研组长对Agent说：“请帮我为这位年轻老师设计一份只有3个关键问题的‘微型学情摸底问卷（限上课前5分钟用手机完成）’，帮他找准学生真实的认知起点。”

情景7：骨干带教的机制防僵化

师训处主任问：“为了防止年轻老师在被骨干老教师带教时‘死板拷贝’，完全丧失自己的教学风格和创新，我在修订《师徒结对带教考核表》时，应该在评价标准里加入哪一条关键的牵制性指标？”

情景8：全面崩盘的分层归因

分管教学副校长问：“期中考试后，我发现全年级3个汽修班的英语成绩全面崩盘，但同期的机电班英语成绩却十分正常。请帮我列出这背后的3种可能原因（必须分别从：教师个人、教研组共性、专业适配层级这三个维度来分析）。”

情景9：整改落地的非考试复盘

校长问：“一个月前，我们推行了‘根据不同专业调整公共课侧重点’的教学整改方案。现在为了确认整改是真的落地了，而不是底下人在做表面文章，我除了看期末考试成绩，还应该去查哪两项‘非考试类’的客观过程数据？”

情景10：成功个案的机制固化

教研组长说：“我好不容易做通工作，让组里一位最固执的老教师在课堂上尝试了新的‘情景分组探究法’，效果居然出奇的好。为了让这个转瞬即逝的成功个案变成全校的教研财富，我接下来必须马上做哪两个标准动作来固化它？”"
教育任务描述文档 徐心(1)/中职教研室教师梯队培养与聘期管理实施方案 徐心.docx,教育任务描述文档 徐心(1),中职教研室教师梯队培养与聘期管理实施方案 徐心,"专家使用此文档生成 Agent 后，可通过以下 10 个角色代入式问题测试其专业水平：

情景1：假教研的“破墙行动”

系主任问：“机电专业的老师们极度厌烦每周三下午坐在会议室读文件、念教学进度的‘假教研’。下周三，我决定策划一场去本地智能制造园区的‘实战教研’。请帮我设计核心议程，并明确规定老师们在这半天里，必须从企业带回来哪2项具体的‘可用于上课的产物’？”

情景2：老教师的“利益对齐”

教研组长问：“学校接到上级要求，要开展‘课程对接产业标准’的大型教研重构。组里的王老师还有两年就退休了，觉得这是瞎折腾，极度不配合。请提供一段‘私下共识沟通’话术，不谈大道理，只谈利益和尊重，让他心甘情愿地交出老教案并配合新教师修改。”

情景3：企业骨干的“深度卷入”

分管副校长问：“学校和某汽车4S店签了协议，但每次教研活动请他们来，他们只派个HR过来讲两句套话就走，完全没触及专业。请设计一个具体的教研机制或活动名义，‘逼迫或吸引’他们必须派出车间一线技术骨干，并和我们的老师共同完成一项实质性产出。”

情景4：高深科研的“课堂转化”

专业带头人问：“组里一位新来的博士刚申请下了一个关于‘新型环保涂料’的省级横向课题。作为带头人，我不想他的科研和教学脱节。请帮我设计一个为期一个月的教研打磨SOP，指导全组帮他把这个高深的科研课题，转化为中专生能听懂、能动手操作的‘理实一体化课堂项目’。”

情景5：兄弟院校的“硬核取经”

系主任问：“本校的《跨境电商》课程教研一直毫无起色。听说邻市某职校这门课做得极好。下周我要带队去他们学校‘教研取经’。为了防止只看个热闹，除了听一堂公开课，我们还必须理直气壮地索要或探讨哪3份核心的底层教学/管理文件？”

情景6：防造假的“标准核查”

教务处长问：“我出台了新规：所有专业课本学期必须做到‘引入最新行业动态和企业标准’。但我怕老师们‘挂羊头卖狗肉’（只在PPT加个企业LOGO敷衍了事）。请帮我设计一张包含4个维度的《课程内容企业标准对齐核查表》，杜绝弄虚作假。”

情景7：评价指挥棒的“去内卷化”

教学副校长问：“过去评判一个老师教研搞得好不好，完全看他上公开课时校内专家的打分排名，导致大家都在‘表演做课’。现在我要彻底重构教研评价表，请给出3条全新的、与‘企业深度、真实科研转化’相关的硬核量化考核指标。”

情景8：教研梯队的“精准派单”

教研组长问：“我们要利用教研活动重构一门核心课。组里有三类人：快退休且经验丰富的老教师、想评职称的拼命三郎骨干、刚入职只会讲理论的硕士。请为这三类人分别设定在这次教改教研中的特定角色，确保谁也不闲着，谁也不觉得被单方面压榨。”

情景9：教指委资源的“高阶借力”

教务处长问：“很多一线老师抱怨说找不到行业前沿信息。学校决定依托‘市级行业教指委（教学指导委员会）’的平台。请给普通教研组长支个招：他们可以通过教指委这个平台，‘白嫖/获取’到哪3类对日常上课最有用、最权威的行业教学资源？”

情景10：现场教研的“保密危机”

教研带队负责人问：“我把教研活动搬到了企业的真实生产车间，本想让老师们采集点真实的SOP。结果企业车间主任以‘商业保密’和‘安全规定’为由，严禁老师拍照，也拒绝提供现成的技术图纸。面对这种突发僵局，我应该启动哪两套灵活的‘替代性教研方案’来保证此次企业之行不白跑？”"
教育任务描述文档 徐心(1)/中职教研活动去形式化的校企协同机制设计 徐心.docx,教育任务描述文档 徐心(1),中职教研活动去形式化的校企协同机制设计 徐心,"专家使用此文档生成 Agent 后，可通过以下 10 个角色代入式问题测试其专业水平：

情景1：假教研的“破墙行动”

系主任问：“机电专业的老师们极度厌烦每周三下午坐在会议室读文件、念教学进度的‘假教研’。下周三，我决定策划一场去本地智能制造园区的‘实战教研’。请帮我设计核心议程，并明确规定老师们在这半天里，必须从企业带回来哪2项具体的‘可用于上课的产物’？”

情景2：老教师的“利益对齐”

教研组长问：“学校接到上级要求，要开展‘课程对接产业标准’的大型教研重构。组里的王老师还有两年就退休了，觉得这是瞎折腾，极度不配合。请提供一段‘私下共识沟通’话术，不谈大道理，只谈利益和尊重，让他心甘情愿地交出老教案并配合新教师修改。”

情景3：企业骨干的“深度卷入”

分管副校长问：“学校和某汽车4S店签了协议，但每次教研活动请他们来，他们只派个HR过来讲两句套话就走，完全没触及专业。请设计一个具体的教研机制或活动名义，‘逼迫或吸引’他们必须派出车间一线技术骨干，并和我们的老师共同完成一项实质性产出。”

情景4：高深科研的“课堂转化”

专业带头人问：“组里一位新来的博士刚申请下了一个关于‘新型环保涂料’的省级横向课题。作为带头人，我不想他的科研和教学脱节。请帮我设计一个为期一个月的教研打磨SOP，指导全组帮他把这个高深的科研课题，转化为中专生能听懂、能动手操作的‘理实一体化课堂项目’。”

情景5：兄弟院校的“硬核取经”

系主任问：“本校的《跨境电商》课程教研一直毫无起色。听说邻市某职校这门课做得极好。下周我要带队去他们学校‘教研取经’。为了防止只看个热闹，除了听一堂公开课，我们还必须理直气壮地索要或探讨哪3份核心的底层教学/管理文件？”

情景6：防造假的“标准核查”

教务处长问：“我出台了新规：所有专业课本学期必须做到‘引入最新行业动态和企业标准’。但我怕老师们‘挂羊头卖狗肉’（只在PPT加个企业LOGO敷衍了事）。请帮我设计一张包含4个维度的《课程内容企业标准对齐核查表》，杜绝弄虚作假。”

情景7：评价指挥棒的“去内卷化”

教学副校长问：“过去评判一个老师教研搞得好不好，完全看他上公开课时校内专家的打分排名，导致大家都在‘表演做课’。现在我要彻底重构教研评价表，请给出3条全新的、与‘企业深度、真实科研转化’相关的硬核量化考核指标。”

情景8：教研梯队的“精准派单”

教研组长问：“我们要利用教研活动重构一门核心课。组里有三类人：快退休且经验丰富的老教师、想评职称的拼命三郎骨干、刚入职只会讲理论的硕士。请为这三类人分别设定在这次教改教研中的特定角色，确保谁也不闲着，谁也不觉得被单方面压榨。”

情景9：教指委资源的“高阶借力”

教务处长问：“很多一线老师抱怨说找不到行业前沿信息。学校决定依托‘市级行业教指委（教学指导委员会）’的平台。请给普通教研组长支个招：他们可以通过教指委这个平台，‘白嫖/获取’到哪3类对日常上课最有用、最权威的行业教学资源？”

情景10：现场教研的“保密危机”

教研带队负责人问：“我把教研活动搬到了企业的真实生产车间，本想让老师们采集点真实的SOP。结果企业车间主任以‘商业保密’和‘安全规定’为由，严禁老师拍照，也拒绝提供现成的技术图纸。面对这种突发僵局，我应该启动哪两套灵活的‘替代性教研方案’来保证此次企业之行不白跑？”"
教育任务描述文档 徐心(1)/中职新教师从“会备课”到“会上课”的培养与团队支持机制 徐心.docx,教育任务描述文档 徐心(1),中职新教师从“会备课”到“会上课”的培养与团队支持机制 徐心,"专家使用此文档生成 Agent 后，可通过以下 10 个角色代入式问题测试其专业水平：

情景1：公开课恐惧的“减压说课”

教务处长问：“企业汽修厂转岗来的李老师非常抗拒面向全教研组试讲理论课，紧张到失眠想辞职。为了保住这个技术骨干，请帮我设计一套‘降级/低压版’的考核方案，既能检验他的备课逻辑，又能让他觉得有安全感不被吓跑？”

情景2：师徒壁垒的“柔性解绑”

教研组长问：“我发现‘师徒结对’变成了私人承包。新老师有问题不敢多问师傅；其他老教师去听课发现了问题，也因为顾及师傅的面子而保持沉默。请设计两项‘微制度’，让新教师能自然地接受全组指导，又不让师傅觉得被冒犯？”

情景3：短板明显的“差异分流”

教师发展中心主任问：“新来的王老师口才极差，一站上讲台就语无伦次，但他以前在企业做过UI，非常擅长制作交互式课件。为了不浪费人才也不误人子弟，请为他规划一条不被学校辞退的‘替代性教学/教辅发展通道’？”

情景4：能力洼地的“集备托底”

专业带头人问：“针对‘讲课能力很弱但态度很端正’的新老师，我们不能无限投入精力，决定用‘教研组集备标准化工具包’给他托底。请问发给这位新老师的‘托底包’里面，必须包含哪4个‘不容他随意篡改’的核心教学文件？”

情景5：流于形式的“行政微跟岗”

人事处长问：“学校原本规定新教师要‘行政跟岗半年’熟悉运转，但发现他们基本都在帮部门收发快递、打杂跑腿。如果要大幅度‘淡化与压缩’这个环节，只保留其核心价值，请重新设计一个为期仅一周的‘微跟岗核心任务清单’？”

情景6：濒临淘汰的“捞一捞机制”

分管教学副校长问：“某新教师期中考核被评定为‘不合格（低于底线）’。在启动辞退程序前，按规定教研组要对他进行为期一个月的‘捞一捞（最后帮扶）’。请写出这一个月内，教研组必须为他做的3件‘能留下合规留痕证据’的具体事？”

情景7：无升学压力的“跨界驱动”

公共基础部主任问：“中专语文课没有高考压力，新来的语文老师觉得‘只要学生不打架，我念完课文就行’，迅速躺平。请提供一段找他私下谈话的话术，利用‘为专业课做跨界服务’的任务，来重新激活他的职业成就感和工作动力？”

情景8：极端死角的“交心谈话”

校长问：“某新教师不仅课上得烂，而且拒绝参加教研活动，满腹牢骚，谁说怼谁。在下发调岗通知前，我决定亲自找他做最后一次‘交心谈话’。请为我草拟谈话的3个核心问题（旨在刺透其防御、了解真实诉求，绝对不能是简单说教批评）？”

情景9：脱离玄学的“达标证据”

督导专家问：“我们判断一个新教师‘到底会不会备课’，不能只看他字写得好不好、格式对不对。请列出在检查新教师教案时，督导必须重点核对的3个‘逻辑闭环证据’（用以判断他是不是真的懂教学设计）？”

情景10：听评重构的“说课量规”

教务员问：“过去听新教师公开课，评委老师的评语全是‘教态自然、声音洪亮’这种毫无营养的客套话。现在我们改为‘以评说课为主’，请为评委设计一张只包含4个硬核维度的《新教师说课诊断打分表》？”"
教育任务描述文档 徐心(1)/中职核心课程教学质量监测与产教融合改进 徐心.docx,教育任务描述文档 徐心(1),中职核心课程教学质量监测与产教融合改进 徐心,"专家使用此文档生成 Agent 后，可通过以下 10 个角色代入式问题测试其专业水平：

情景1：高学历新教师的“水土不服”

系主任问：“我们刚招了一位985高校机械工程博士来教中职。他上课净讲微积分推导，第一年报课题非要报‘国家自然科学基金’。作为系主任，请列出你找他单独谈话的3个核心要点，帮他把科研和教学思路扭转到‘职教轨道（理实一体、技术攻关）’上来。”

情景2：假教研的“闭门造车”

专业带头人说：“每周三下午的教研活动，大家就是坐在会议室里念一遍下周的教学进度，非常枯燥且脱离实际。请你设计一个必须‘走出校门’的教研活动SOP，并明确规定在这个活动中，老师们必须从企业‘带回’哪三样具体的成果证明？”

情景3：教学质量的“分层溯源”

教务处长问：“机电教研组的3位老师这学期期末评教分数都很低，且去企业实习的学生被车间主任集体投诉‘连基本的千分尺都不会看’。请帮我用‘分层溯源法’分析，这大概率属于哪一个层面的管理问题？我们下一步的第一动作应该是什么？”

情景4：核心课程的“企业基因”重构

教研组长问：“我想以《电子商务/直播带货》这门课为例进行课改。请帮我打破传统的‘第一章：直播发展史’这种陈旧的课本逻辑，完全按照真实的‘企业直播工作流（SOP）’，将其重构为4个核心实战教学模块。”

情景5：防突击的过程性评价落地

任课教师问：“我教《数控编程》，传统的考核是期末交一个代码，导致学生平时上课玩手机，期末疯狂抄代码。请你帮我设计一个让‘过程性评价占到60%’的考核方案，其中必须包含‘组内互评’和‘引入企业检验标准’环节。”

情景6：课程资源的“私有化”抗拒

教务处长说：“学校出台新规：所有专业核心课必须建在公有平台上。部分老教师极度抵触，认为‘我辛辛苦苦做的PPT凭什么白给学校’。请给我提供一段动员话术，既能说服他们交出资源，又能保障他们的利益和荣誉感。”

情景7：挤干评教水分的“追踪问卷”

质量评建办主任问：“在校生给老师评教，往往为了不挂科而打满分，数据失真。我们准备向毕业一年的学生发放‘课程质量追踪问卷’，请帮我设计3道能直戳痛点、甄别出当年哪些课是‘水课’的犀利选择题。”

情景8：双师型能力的“倒逼机制”

校长问：“学校新建了‘工业机器人考评中心’。为了倒逼教师教学能力提升，我要求任课教师必须自己先去考个行业证书，证明自己会做。如果某位老教师一直没考过，我们应该在排课、绩效或岗位上对他做出哪些限制性规定？”

情景9：企业真实痛点的“课堂转化”

专业课教师问：“我去4S店调研时，发现现在很多车主投诉‘新能源车电池续航衰减’，这是企业当前的一线真实痛点。我该如何把这个痛点，转化为我课堂上的一个为期2周的理实一体化实训任务？请给出任务书概要。”

情景10：教学效果的“外部验证”

系主任问：“我们花了一整个学期，把《酒店前台接待》这门课按五星级酒店的标准彻底重构了。除了期末让学生考试，请帮我设计另外2种必须依赖‘外部力量（如行业、企业，非本校老师）’的教学效果验证方法？”"
教育任务描述文档 徐心(1)/中职课堂“低头率”治理与手机引导使用的教学改进方案 徐心.docx,教育任务描述文档 徐心(1),中职课堂“低头率”治理与手机引导使用的教学改进方案 徐心,"专家使用此文档生成 Agent 后，可通过以下 10 个角色代入式问题测试其专业水平：

情景1：伪互动的“平台防线”

信息化督导问：“张老师用超星平台布置了一道主观讨论题，结果全班30个同学提交的答案连标点符号都一样，全是百度复制的。请你手把手教张老师，在发布任务时，必须勾选平台上的哪两个‘防作弊权限设置’才能逼学生独立思考？”

情景2：尴尬破冰的“心理保护”

带教老教师问：“课堂搞手机抢答，后排一个平时总玩手机的男生为了凑热闹按了抢答，站起来后全班哄堂大笑，他也憋红了脸答不出。为了不让他以后彻底摆烂，你教教新老师，此刻应该立刻说哪两句话来化解尴尬并保护他的积极性？”

情景3：恐慌快讲的“节奏切分”

教研组长问：“新入职的小李老师特别紧张，像念经一样把90分钟的内容60分钟就讲完了，剩下30分钟全班大眼瞪小眼玩手机。请你利用手机平台上的互动功能，帮他在这90分钟里硬性插入3个‘减速互动锚点’。”

情景4：讲台依赖的“动线巡航”

教学副校长问：“很多老师上课喜欢死死躲在电脑屏幕后面。请设计一套‘走动式巡航路线’。要求说明：什么时候走下去？走到什么位置必须停下？当看到学生把手机藏在课桌下打游戏时，老师第一个‘非语言的肢体动作’应该是什么？”

情景5：实操混乱的“微课导流”

实训中心主任问：“在数控车床实操课上，因为设备少、步骤多，老师演示一遍后学生马上就忘了，到处喊老师，场面混乱。请给出一个利用学生‘爱看手机短视频’习惯的‘微课赋能实操’具体方案。”

情景6：期末突击的“即时阻断”

教务处长问：“很多老师总是等期末考试才知道学生没听懂。请为一节45分钟的枯燥理论课，设计一个只需耗时3分钟、利用手机教学平台完成的‘当堂过关小测闭环’，并说明如何利用小测结果？”

情景7：垄断参与的“阶梯激励”

游戏化教学专家问：“课堂手机抢答如果只给第一名加分，会导致永远只有那两三个手速快的学霸参与。请设计一个‘3层梯度加分机制’，让手慢、成绩差但愿意点一下屏幕的后排学生，也能尝到积分甜头。”

情景8：反复试探的“底线博弈”

班主任问：“你在巡视时，敲了敲一个男生的桌子暗示他收起手机。他放兜里了，但你刚走回讲台，他又拿出来玩。面对这种‘反复测试老师底线’的中职生，你的核心心态应该是什么？接下来应该采取什么‘不过激但有效’的动作？”

情景9：内容空洞的“降维打击”

专业带头人问：“学生低头玩手机，很多时候是因为老师讲的东西太虚了。作为评委去听课时，你应该通过观察哪3个‘产业元素细节’，来判断这堂课老师用手机分发的案例，是真实企业的痛点，还是纸上谈兵？”

情景10：假性安静的“数据卸妆”

系主任问：“我推门去听课，发现这节课纪律特别好，一点声音都没有，但直觉告诉我大家都在‘安静地神游’。除了我的主观感受，请列出我可以在教学平台上当场调取的4个‘客观数据指标’，来真实评判这堂课的抬头率与参与度。”"
教育任务描述文档 徐心(1)/中职课堂高效判定指标与跨专业改进设计 徐心.docx,教育任务描述文档 徐心(1),中职课堂高效判定指标与跨专业改进设计 徐心,"专家使用此文档生成 Agent 后，可通过以下 10 个角色代入式问题测试其专业水平：

情景1：假性参与的“极简扫描”

教研组长问：“我马上要去听一位新老师的课，想抓一下学生的真实抬头率和动笔率。请给我生成一张只有5个核心观察项的《课堂学生大脑运转度极简观察表》。要求：绝对不能让我在听课时写大段文字，必须全靠打勾或填数字就能完成。”

情景2：概念重复的“边界划定”

专业系主任问：“烹饪专业的学生在《营养学》、《食材原料学》和《中式烹调实操》三门课里，都要学‘蛋白质变性’这个概念，三位老师都在重复讲废话。请为这三门课的老师制定一个极简的‘内容侧重点分工清单’，彻底杜绝炒冷饭。”

情景3：主观讨论的“数据卸妆”

信息化培训师问：“老师们抱怨主观讨论题很难瞬间统计出‘到底谁没参与思考’。请你设计一个利用‘学生平板+语音输入转文字’的课堂活动SOP，让全班几十个人的主观观点，能在3分钟内变成大屏幕上不可作假的客观数据看板。”

情景4：结构失衡的“质询反拨”

教学督导问：“我听课发现，某物理老师花30分钟讲最简单的‘欧姆定律’计算公式，最后10分钟才匆匆念完真正的难点‘复杂电路分析’。下课后，请给我一套标准的‘评课质询话术’，不要直接批评他，而是通过3个连环问题，引导他自己意识到时间结构严重错位。”

情景5：公共课的“跨界破冰”

数学老师问：“我是一直教普高数学的，明天第一次要去给‘数控车床加工’专业的中职生上‘三角函数’。我完全不懂数控！请救救急，给我提供2个能把三角函数与‘数控车床真实操作’紧密结合的课堂导入情境。”

情景6：偏题闲聊的“话术拉回”

师傅带徒弟问：“我带的一位年轻女老师很受学生喜欢，但上课总被学生提问的八卦话题或网络热梗带偏，一节课能聊废15分钟。请为她提供三句既不伤害师生感情，又能瞬间把话题强硬拉回教学主线的‘控场话术’。”

情景7：小组假讨论的“机制防线”

教学设计专家问：“传统的四人小组讨论，总是A在写，B在说，C和D在低头玩指甲。请你设计一个带有‘角色强制绑定’和‘随机抽取汇报’机制的硬核小组任务规则，逼迫C和D必须大脑运转，无法搭便车。”

情景8：答题器翻车的“应急微操”

骨干教师问：“上课时使用了ABCD答题器，本以为大家都听懂了，结果数据显示某道核心概念题只有40%的人选对，场面一度很尴尬。请问此时老师接下来的标准教学动作应该是什么？请给出可直接执行的‘两步走应急策略’。”

情景9：避重就轻的“数据倒逼”

教学副校长问：“部分老教师觉得‘中职生太笨，难点反正听不懂’，所以干脆不讲大纲要求的核心难点，只带学生反复练简单题，导致课堂低效。作为校长，我应该如何设计或调取一项‘能力进阶测试数据’，来倒逼他们正视并攻克难点教学？”

情景10：跨界好课的“资产固化”

教务处长问：“上周那节‘数学+密码学’的跨界融合公开课极其成功，全班100%卷入。我希望把它变成学校的标准化资源，让其他老师也能照着上。请列出这节课在存入‘校本优秀资源库’前，老师必须向教务处提交的4份‘核心物料清单’（注意：绝不能仅仅是老套的教案和PPT）。”"
