source,author,task,rubric
任务描述_张铭姿/信息科技抽象概念”知识显化.md,任务描述_张铭姿,信息科技抽象概念”知识显化,"**对智能体知识显化设计的评价**：

| 维度 | 权重 | 优秀（A） | 合格（B） | 不合格（C） |
|------|------|-----------|-----------|-------------|
| **概念理解的深化** | 30% | 设计的表征准确呈现了概念的核心特征，学生能理解概念本质 | 表征基本准确，但对核心呈现不够突出 | 表征不准确或误导学生 |
| **可视化表达的清晰性** | 25% | 表征简洁易懂，视觉上无歧义，一看就能理解 | 表征基本清晰，某些地方可优化 | 表征复杂或有歧义 |
| **学生认知负荷评估** | 25% | 充分考虑学生认知发展阶段，设计的表征负荷适中 | 基本适应学生认知水平 | 认知负荷过高或不符合学生水平 |
| **教学实施的可操作性** | 20% | 表征易于教师实施，不需复杂工具或大量时间准备 | 基本可操作，需要一定准备 | 实施困难或需要特殊技能 |"
任务描述_张铭姿/公开课情境导入设计助手.md,任务描述_张铭姿,公开课情境导入设计助手,"**对智能体情境导入方案的评价**：

| 维度 | 权重 | 优秀（A） | 合格（B） | 不合格（C） |
|------|------|-----------|-----------|-------------|
| **情境与知识点的逻辑契合度** | 30% | 情境设计与知识点逻辑严密，能自然引出学习需求（如""装满盒子""直接对应""凑十""） | 情境有趣，但与知识点关联不够紧密 | 情境与知识脱节，仅为装饰，引不出学习问题 |
| **本地化程度与文化适配** | 25% | 充分运用本地特色地标、文化、生活素材，激活学生的文化认同感 | 有一定本地化考虑，但深度不够 | 使用通用素材，未考虑本地特色，无法激发学生共鸣 |
| **AI应用的合理性** | 25% | AI生成的素材清晰准确，逻辑正确，时长控制得当（<5分钟），服务教学目标 | 素材基本可用，有小的技术瑕疵但不影响教学 | 素材有错误（如逻辑错误）或过度使用AI导致重点转移 |
| **实施可操作性与时间成本** | 20% | 建议明确具体，教师能在30分钟-1小时内完成素材生成与教案整合 | 可操作但需要调整，时间成本在1-2小时 | 建议过于复杂，时间成本过高，新教师难以实施 |"
任务描述_张铭姿/学生告状与琐事处理判官.md,任务描述_张铭姿,学生告状与琐事处理判官,"**对智能体分流建议的评价**：

| 维度 | 权重 | 优秀（A） | 合格（B） | 不合格（C） |
|------|------|-----------|-----------|-------------|
| **分类标准的清晰性** | 30% | 明确区分""紧急（安全/健康）""""课堂相关""""琐事""三类，判断标准具体可操作，教师能快速决策 | 有分类框架，但标准不够清晰，教师需要判断 | 分类模糊，教师无法快速判断优先级 |
| **话术的实用性** | 25% | 提供具体的课堂阻断、证据固定、自理引导等话术，教师能直接使用或微调 | 有话术建议，但不够具体或不够自然 | 缺乏具体话术，教师需要自己想 |
| **教学连续性保护** | 25% | 强调分流的目的是维持教学进度，建议既能回应学生又不过度打断课堂 | 基本考虑教学连续性，但重点不够突出 | 忽视对教学连续性的保护 |
| **教师心理支持** | 20% | 明确""不是所有琐事都需要教师处理""，帮助教师放下""青天大老爷""的角色期待，设定合理边界 | 基本支持，但不够充分 | 可能强化教师的全能责任感 |

**过程评价维度：**

| 维度 | 权重 | 分级描述 |
|------|------|----------|
| **问题解决效能** | 30% | 优秀：能在30秒内完成告状分类与分流，教学中断<1分钟；合格：处理得当但中断2-3分钟；不合格：陷入长时间调解，课堂停滞 |
| **育人效能** | 30% | 优秀：通过话术引导学生自主解决或寻求合适帮助（如""你去把他叫来""），逐步减少告状频率；合格：解决当下问题但未培养自主性；不合格：简单压制或过度代劳 |
| **社会情感支持** | 20% | 优秀：对真实求助（如身体疼痛）给予及时关怀，对虚假告状温和而坚定；合格：基本区分真假；不合格：忽视真实需求或过度严厉 |
| **教师心理负荷** | 20% | 优秀：教师感到""有掌控感""而非""头大了""；合格：能应对但感疲惫；不合格：产生""敷衍""心态或情绪崩溃 |

**结果评价（量规）：**

- **告状频次变化率**：一学期内非紧急告状次数下降50%以上为优，下降20-50%为良，无明显变化为差
- **学生自主性指标**：能自主解决简单冲突（如""你把他叫来""后双方自行和解）的比例
- **教学连续性指数**：因告状导致的教学中断次数每周<3次为优，3-5次为合格，>5次为不合格"
任务描述_张铭姿/抓小动作与注意力监控助手.md,任务描述_张铭姿,抓小动作与注意力监控助手,"**对智能体监控方案的评价**：

| 维度 | 权重 | 优秀（A） | 合格（B） | 不合格（C） |
|------|------|-----------|-----------|-------------|
| **监控方案的可实施性** | 30% | 方案对硬件要求明确，成本评估清晰，能在普通班级快速部署 | 方案基本可行，但部分细节不够明确，需教师自行完善 | 方案脱离现实，硬件成本过高或无法落实 |
| **隐私保护机制设计** | 25% | 明确提出数据本地存储、自动覆盖、访问权限控制等完善方案，符合伦理审查 | 有隐私保护意识，但不够细致完整 | 未充分考虑隐私风险，或建议方案存在伦理漏洞 |
| **证据取证的可信度** | 25% | 提出的取证逻辑清晰，能有效解决""学生否认""问题，证据具有法律约束力 | 基本能取证，但细节不够精细，容易被学生质疑 | 取证方法不清晰或容易被规避 |
| **对教学完整性的保护** | 20% | 强调监控不应对教学造成干扰，提出""无感监控""和教育激励相结合的方案 | 基本考虑教学完整性，但缺乏具体执行细节 | 过度强调监控，可能导致师生关系紧张 |"
任务描述_张铭姿/教学活动逻辑检查员.md,任务描述_张铭姿,教学活动逻辑检查员,"**对智能体建议的评价**：

| 维度 | 权重 | 优秀（A） | 合格（B） | 不合格（C） |
|------|------|-----------|-----------|-------------|
| **场景理解准确度** | 30% | 完整理解了职高学段、学生分层、120分钟连排课的所有限制条件，诊断精准 | 理解了大部分关键条件，诊断基本准确 | 忽视了学段特征或学生特点，诊断偏离实际 |
| **问题识别准确率** | 25% | 能精准指出""投纸片""类逻辑断裂、伪信息化等核心问题，未遗漏关键缺陷 | 识别了主要问题，但遗漏了个别细节问题 | 未识别核心问题或识别错误 |
| **建议的可操作性** | 25% | 重构建议具体可行，教师能在半天备课内快速调整采用，实施成本低 | 建议基本可行，但需教师进一步调整才能使用 | 建议过于宽泛或无法直接实施 |
| **差异化与创新性** | 20% | 超出教师原有思路，提出""分层任务卡""""错误代码辨析""等创新做法 | 建议基本实用，但创新性不足 | 建议平庸，无法为教师增值 |"
任务描述_张铭姿/教师课堂说话习惯分析助手.md,任务描述_张铭姿,教师课堂说话习惯分析助手,"**对智能体语言优化建议的评价**：

| 维度 | 权重 | 优秀（A） | 合格（B） | 不合格（C） |
|------|------|-----------|-----------|-------------|
| **问题诊断的准确性** | 30% | 准确识别教师的具体语言问题（口头禅、冗长、频繁重复等），并指出这些问题对课堂管理的具体影响 | 能识别主要问题，但诊断不够深入 | 诊断模糊或偏离实际 |
| **优化方案的实用性** | 30% | 提供具体的改进方案（A/B对比、标准化模板等），教师能直接应用或快速调整 | 有优化建议，但需要进一步调整 | 建议过于理想化，难以实施 |
| **效果评估的科学性** | 20% | 提出明确的可测量目标（如响应时间从8秒降至3秒），帮助教师评估改进效果 | 基本有评估思路，但标准不够量化 | 缺乏评估标准 |
| **教师心理的体恤** | 20% | 理解教师的""表演性话术""压力，建议回归自然状态，减少心理负荷 | 基本尊重教师实际，但支持不足 | 忽视教师的心理压力 |
| **口头禅密度** | 30% | 每5分钟≤1次无效口头禅（""对不对""""是不是""） | 每5分钟2-3次，但不影响核心指令 | 每5分钟>3次，或出现在关键指令中 |
| **指令清晰度** | 40% | 使用""动词+对象""短句（≤8字），配合固定口令应答（如""12-坐正""） | 指令明确但缺乏固定应答模式，偶有模糊指代 | 长句解释（>15字）、模糊指代（""这个""""那个""）占比>30% |
| **语言权威性** | 30% | 陈述句为主（>80%），后果明确（""请站一会儿""），商询句<10% | 商询句（""好吗""""可以吗""）占比10-20% | 过度使用商询语气（>20%）或无效重复（""不要吵了""重复3次以上） |"
任务描述_张铭姿/教材内容与真实教学条件的适配与调整方案.md,任务描述_张铭姿,教材内容与真实教学条件的适配与调整方案,"**对智能体适配方案的评价**：

| 维度 | 权重 | 优秀（A） | 合格（B） | 不合格（C） |
|------|------|-----------|-----------|-------------|
| **对学情的实际了解** | 30% | 充分考虑了本地学生的基础水平、学习兴趣、生活背景，方案高度贴近实际 | 基本了解学生情况，方案基本贴切 | 对学情缺乏深入了解，方案偏离实际 |
| **适配方案的现实性** | 25% | 调整方案充分考虑了学校的硬件条件、教师能力、时间限制，完全可行 | 方案基本可行，需要一定资源投入 | 方案超出学校条件范围，难以实施 |
| **实施难度的评估** | 25% | 清晰评估了方案对教师教学工作量的影响，提出了降低难度的具体措施 | 基本评估了难度，有部分措施 | 未充分评估实施难度，可能导致教师过载 |
| **对课标的遵循度** | 20% | 在适配过程中严格遵循了课程标准的基本要求，核心知识点未被削弱 | 基本遵循课标，核心要求基本保留 | 适配方案明显偏离课标或削弱了核心目标 |"
任务描述_张铭姿/教研会发言避坑助手.md,任务描述_张铭姿,教研会发言避坑助手,"**对智能体发言建议的评价**：

| 维度 | 权重 | 优秀（A） | 合格（B） | 不合格（C） |
|------|------|-----------|-----------|-------------|
| **避坑的精准性** | 30% | 准确指出新教师可能犯的具体错误，避坑建议直指问题本质 | 基本能帮助新教师规避常见错误 | 避坑建议模糊或不切实际 |
| **发言的独特性** | 25% | 建议既不重复前人已说的内容，又能从新视角评价课堂 | 建议有一定新意，但创意不足 | 建议缺乏独特性或与教学主题偏离 |
| **理论依据的专业性** | 25% | 结合课标、教学理论等专业依据，建议显得专业有权威 | 有理论支持，但深度不够 | 缺乏理论依据，显得不够专业 |
| **对教师尊重的体现** | 20% | 既给出批判性建议，又体现对授课教师的尊重和理解 | 基本尊重授课教师，但表述可改进 | 语气显得指责或不尊重 |
| **建设性程度** | 25% | 提出具体可操作的小措施（如""调整提问等待时间至5秒""、""对自闭症学生不强制订正""） | 给出明确改进方向 | 仅批评无建议 | 为不同而不同，刻意挑刺 |
| **表达适切性** | 20% | 在""教研组长很凶""的压力下，既能指出问题又维护授课者尊严 | 语气客观，就课论课 | 过于委婉失去价值或过于生硬 | 使用AI套话（""充分体现新课程理念""）或冒犯性语言 |"
任务描述_张铭姿/校园信息生态安全维护与“点对点”实名溯源管理任务.md,任务描述_张铭姿,校园信息生态安全维护与“点对点”实名溯源管理任务,"**对智能体安全方案的评价**：

| 维度 | 权重 | 优秀（A） | 合格（B） | 不合格（C） |
|------|------|-----------|-----------|-------------|
| **问题识别的全面性** | 30% | 能全面识别校园信息生态的各类问题（虚假信息、人身攻击、隐私泄露等） | 识别了主要问题类型，但覆盖面不够全 | 仅识别了表面问题，遗漏了深层风险 |
| **方案的操作可行性** | 25% | 提出的溯源和管理方案教师在实际班级管理中完全可行，无需额外投入 | 方案基本可行，需要一定的准备工作 | 方案过于复杂或难以在实践中落实 |
| **隐私保护的周密性** | 25% | 充分考虑了学生隐私权，在追踪问题的同时未对无关学生造成隐私侵犯 | 基本保护隐私，但某些环节可更严谨 | 追踪过程侵犯隐私，存在法律风险 |
| **技术实现的现实性** | 20% | 所需的技术手段简便易用，一线教师无需IT专业知识即可操作 | 基本可实现，需要一定技术支持 | 需要复杂的技术支持或特殊设备 |"
任务描述_张铭姿/特殊学生课堂陪跑助手.md,任务描述_张铭姿,特殊学生课堂陪跑助手,"**对智能体融合教育方案的评价**：

| 维度 | 权重 | 优秀（A） | 合格（B） | 不合格（C） |
|------|------|-----------|-----------|-------------|
| **学生个性化理解** | 25% | 准确识别该生的情绪触发点、依赖关系、学习偏好等特点，建议具有高度针对性 | 基本了解学生特点，建议有一定针对性 | 建议忽视学生个性差异，过于通用 |
| **现实可行性与教师负担评估** | 25% | 清晰评估额外时间投入（是否超过10分钟/天），避免教师过度消耗；提出高效的分层策略 | 基本考虑可行性，但对时间成本评估不够细致 | 建议理想化但不考虑教师实际负担 |
| **融合与公平的平衡** | 25% | 既照顾特殊学生，又保障班级其他学生的权益和教学进度，找到真正的平衡点 | 基本兼顾两方，但平衡不够精准 | 过度倾斜一方，可能引发新的问题 |
| **对教师心理的支持** | 25% | 帮助教师放下""拯救""心态，明确教师能做什么、做不了什么，减少过度自责 | 有一定心理支持意识 | 可能强化教师的责任内疚感 |"
任务描述_张铭姿/老师写材料与看文件助手.md,任务描述_张铭姿,老师写材料与看文件助手,"**对智能体文档处理建议的评价**：

| 维度 | 权重 | 优秀（A） | 合格（B） | 不合格（C） |
|------|------|-----------|-----------|-------------|
| **理解准确性** | 30% | 准确把握文件的核心内容，快速定位关键信息，不遗漏不错误 | 基本理解，但有遗漏 | 理解偏差或给出错误信息 |
| **快速处理能力** | 25% | 能在极短时间内处理长文档，提供精炼的总结或答案 | 处理速度尚可，总结不够精炼 | 处理缓慢或输出冗长 |
| **行动导向性** | 25% | 既说明情况，更清晰指出教师应该怎样做，帮助快速决策 | 基本有指导，但不够具体 | 缺乏行动指导 |
| **时间成本评估** | 20% | 明确评估教师需投入时间，帮助快速判断优先级 | 基本考虑，但不明确 | 忽视时间成本 |

**过程评价维度**：
- **时间效能**：相比传统手写节省70%以上时间（从2小时压缩至30分钟内），确保教师""晚上还能刷抖音""的休息权
- **合规通过率**：通过学校形式检查的概率>90%，避免因""与别人重复""被教研组长批评
- **真实教学保留度**：文档中保留具体班级特征（如""教师子女班""与""普通班""差异）、具体学生案例（如""那个20以内计算只做5道题的孩子""），而非空洞套话

**结果评价量规（以""教研评课稿""为例）**：

| 维度 | 权重 | 优秀（A） | 合格（B） | 不合格（C） |
|------|------|-----------|-----------|-------------|
| **格式规范** | 30% | 完全符合学校师带徒/教研组格式（标题、称呼、三段式结构、字数） | 基本符合，需微调段落 | 结构混乱，缺少""优点/不足/建议""等必要模块 |
| **事实真实性** | 40% | 包含具体课堂细节（如""周一第一节推门听课时学生死气沉沉""、""控制电脑后学生告状""） | 有基本事实但较笼统 | 明显AI套话，与""常态课很普通，现学现卖""的实际脱节 |
| **观点创新性** | 20% | 在前人发言基础上提出新视角（如从""纪律好""转向""探讨低活力下的深度学习""） | 观点一般但不重复他人 | 与前面教师发言重复，触发教研组""不能再说了""规则 |
| **行动指导性** | 10% | 提出的改进措施具体可操作（如""针对50人大班额，建议增加监控辅助管理""） | 建议较泛但可行 | 建议空洞（如""加强管理""），无法解决""100个作业改不完""的实际困境 |"
任务描述_张铭姿/老师带徒弟经验抓取器.md,任务描述_张铭姿,老师带徒弟经验抓取器,"**对智能体经验抓取的评价**：

| 维度 | 权重 | 优秀（A） | 合格（B） | 不合格（C） |
|------|------|-----------|-----------|-------------|
| **经验提取的系统性** | 30% | 能系统地从师傅的课堂行为中提取显性和隐性知识，形成完整的知识框架 | 基本能提取主要经验，但缺乏系统性 | 提取不完整或重点不突出 |
| **知识显化的有效性** | 25% | 将隐性经验转化为具体可操作的话术、策略和参数，新教师能直接应用 | 有显化，但具体程度不够 | 仍停留在抽象描述 |
| **新教师的易用性** | 25% | 提供的知识对新教师来说易于理解和应用，能快速缩短学习曲线 | 基本易用，但需调整 | 复杂难懂，难以应用 |
| **知识转化的适当性** | 20% | 既保留师傅的核心经验智慧，又经过合理调整以适应不同新教师的情况 | 基本适当，但灵活性不足 | 过度调整或原汁原味缺乏改编 |

**对过程的评价：**
- **问题解决效能**：
  - 新教师能否准确识别出3个以上具体的教学行为差异（如识别出""师傅在知识点讲解后必有全班重复环节""）
  - 新教师能否将观察转化为可执行指令（如将""师傅很有威严""转化为""使用'小眼睛看黑板'口令+3秒沉默等待""）
- **育人效能**：
  - 是否关注到""培优辅差""的差异化策略（对优等生中午答疑，对后进生课后留堂）
  - 是否建立""不抛弃特殊学生""（如自闭症学生、学习障碍学生）的包容机制，同时守住""90%学生基本得会""的底线
- **社会情感支持**：
  - 师徒对话中是否包含""放下助人情节，尊重他人命运""的心理调适建议，避免新教师因个别学生不及格产生过度自责

**对结果的评价（量规）：**

| 评价维度 | 权重 | 优秀（A） | 合格（B） | 待改进（C） |
|---------|------|----------|----------|------------|
| **行为迁移准确度** | 30% | 能复现师傅的3个以上关键动作（如即时重复、纪律优先原则），且时机恰当 | 能复现1-2个关键动作，但时机把握不准（如过早或过晚停顿） | 仅模仿表面形式（如语气温柔），未掌握实质行为（如未建立口令系统） |
| **学生专注度提升** | 30% | 课堂发呆率降低50%以上，学生能主动回应""小眼睛""等口令，回答问题时声音洪亮 | 课堂秩序改善，但仍有部分学生""人在屏幕前，手在抠键盘"" | 课堂仍依赖""吼""维持，学生出现""老师我没有说话""的抵赖行为 |
| **知识掌握度** | 25% | 单元测验90%学生达标，后进生（如之前只做对5道题的学生）能及格 | 80%学生达标，但仍有固定不及格人数拉低平均分 | 大量学生""脑袋空空""，只能照抄笔记但无法理解（""无脑抄""） |
| **评课贡献度** | 15% | 在教研会上提出基于行为观察的独特见解（如""师傅在练习课中使用了3次全班重复""），不重复他人观点 | 能说出优缺点，但多为泛泛而谈（如""课堂气氛好""） | 使用AI生成评价稿，内容空洞或违反""不重复""规则 |"
任务描述_张铭姿/老师零基础补课助手.md,任务描述_张铭姿,老师零基础补课助手,"**对智能体补能建议的评价**：

| 维度 | 权重 | 优秀（A） | 合格（B） | 不合格（C） |
|------|------|-----------|-----------|-------------|
| **考纲精准性** | 30% | 精准解析考纲核心考点，明确区分""必须深学""与""只需了解""，帮助教师快速定位学习重点 | 解析基本准确，但对考点的深度要求区分不够清晰 | 遗漏关键考点或超纲引导，导致教师学习方向偏离 |
| **知识转化可行性** | 30% | 提供""教师版""理论讲解与""学生版""案例并行，帮助教师既理解原理又能转化为教学语言 | 有理论有案例，但转化的具体例子不够丰富，教师需自行补充 | 仅提供理论或仅提供案例，脱离教学转化的实际需求 |
| **教师时间成本评估** | 25% | 清晰估算补能时间（4小时内可掌握一个陌生章节），设计分层学习路径，降低教师学习压力 | 有时间预估，但学习路径不够清晰，教师可能走弯路 | 未评估时间成本，或建议超出新教师承受范围 |
| **风险识别与把关** | 15% | 主动标注需教师人工核实的内容（如代码、外部链接、产业案例），体现""AI辅助而非替代""的原则 | 基本标注，但不够细致，教师容易遗漏隐患 | 未标注风险，或直接输出内容未经核实 |"
任务描述_张铭姿/职高三连节大课组织员.md,任务描述_张铭姿,职高三连节大课组织员,"**对智能体的课堂组织建议的评价**：

| 维度 | 权重 | 优秀（A） | 合格（B） | 不合格（C） |
|------|------|-----------|-----------|-------------|
| **时间节奏设计合理性** | 25% | 清晰划分三阶段（独立攻坚-AI协作-学生主讲），时间分配与120分钟课堂相适配，含具体的转场指令 | 有三阶段划分，但时间分配缺乏灵活性，未考虑不同学生进度的差异 | 阶段划分模糊或时间不切实际，难以在实际课堂实施 |
| **角色分工清晰度** | 25% | 明确定义汇报员/AI检索员/记录员/监察员四个角色，每个角色的职责、权限、输出物都清楚 | 有角色分工，但职责边界不够清晰，学生可能存在重复或遗漏 | 角色定义模糊，学生不知道干什么 |
| **AI协作的风险管控** | 25% | 提出""禁止立即使用AI""""AI只提供提示不直接答案""等管控策略，含具体的技术手段（如锁定页面） | 有管控意识，但手段不够具体，容易被学生规避 | 未考虑""AI代写代做""的风险，或管控措施过于严苛影响学习 |
| **学生融入与差异适配** | 25% | 为普高转职高、基础差的学生设计""阶梯角色""（从记录员做起），体现融合教育思想 | 基本考虑学生差异，但缺乏具体的差异化安排 | 未考虑学生差异，可能导致部分学生被边缘化 |

**分级描述（以汇报质量为例）**：
- **优秀**：能解释代码逻辑，主动指出题目可能的陷阱（如""老师这道题好像做不出来""的质疑精神），回应其他组提问
- **合格**：能完整演示操作步骤，代码可运行，但缺乏深度解释
- **待改进**：仅展示结果，无法解释import语句等基本概念，明显AI代写痕迹"
任务描述_张铭姿/职高课堂“防带偏”实验助手.md,任务描述_张铭姿,职高课堂“防带偏”实验助手,"**过程评价维度**：
- **质疑效能**：学生能否主动指出题目或AI答案的可疑之处（如主动反馈""老师这道题好像做不出来""）
- **探究深度**：在发现陷阱后，能否追溯错误根源至代码逻辑层面而非表面语法
- **社会情感支持**：小组内部分工（汇报员、AI检索员、记录员）的协同效率与包容度

**结果评价量规（Python习题课）**：

| 维度 | 权重 | 优秀（4分） | 良好（3分） | 合格（2分） | 待改进（1分） |
|------|------|-------------|-------------|-------------|---------------|
| **错误识别** | 30% | 独立发现陷阱并准确指出错误类型（如逻辑死循环、边界条件缺失） | 在同伴提示下发现异常，能描述现象 | 经教师引导后意识到问题存在 | 始终未发现错误，直接提交错误答案或AI生成的错误代码 |
| **批判性分析** | 40% | 能解释AI为何出错（训练数据局限、上下文缺失等），并提出防范策略 | 能指出AI答案与题目要求的矛盾，但解释不够深入 | 意识到答案错误，但无法解释原因 | 发现错误后放弃思考，等待教师给出标准答案 |
| **知识建构** | 30% | 能独立编写正确代码，并总结此类错误的调试方法 | 在小组协作下完成正确代码，理解关键概念 | 能复制正确代码，但理解不透彻，无法迁移 | 即使知道错误，仍无法完成正确编程，依赖同学或AI代写 |

### 5、评价准则（基于智能体输出的评价维度）

**对智能体纠偏建议的评价**：

| 维度 | 权重 | 优秀（A） | 合格（B） | 不合格（C） |
|------|------|-----------|-----------|-------------|
| **偏差识别的准确性** | 30% | 能精准识别""思维惰性""等核心偏差，题目陷阱设计符合Python教学特点 | 识别了主要偏差，但对根源理解不够深入 | 未能识别关键偏差或设计不合理 |
| **干预建议的及时性** | 25% | 建议各环节时间点科学合理，能在120分钟内完整实施 | 环节设计基本合理，某些时间可优化 | 时间分配不合理，无法在课堂内完成 |
| **学科特色的体现** | 25% | 充分体现Python学科特点，如逻辑错误识别、代码调试等策略 | 基本体现学科特点，但建议不够具体 | 建议过于通用，忽视Python教学的特殊性 |
| **教师专业性的尊重** | 20% | 充分肯定教师的课堂应变能力，建议增强而非替代教师判断 | 基本尊重教师角色，但个别建议有替代意图 | 将教师边缘化，过度依赖AI指导 |

### 6
、案例对比

**正面案例（专家教师实践）**：
- **陷阱设计话术**：""我在教学设计会故意设计一两道错的题目，然后他们会发现没有答案。我就跟他们说，不管是AI给你的还是老师给你的，他都有一定可能性，比起你自己去模仿学习。另外一个很重要就是你要思考更天真。你拿着过来就用，那AI对你来说完全就没用了，那他学你就别学得了。""
- **临场应对**：当发现某学生题目未做但试图遮掩时，教师未直接批评，而是要求其讲解代码逻辑。学生能讲出""这是单分支""结构后，教师即时肯定：""你所有的题目终归就只是路径，你自己学懂学会了，你哪怕一道题都不做，我也不会怪你，但是前提是你要学懂。""同时，当学生质疑""这道题好像做不出来""时，教师表扬其敢于质疑的态度，并引导全班分析题目陷阱。
- **小组协作组织**：""按大学的那种小组分工...有一个人负责汇报，有一个人负责AI检索，有个人负责记录...专门负责记录你们组出现的问题""，确保120分钟长课时的有效利用。

**反面案例（典型误区）**：
- **机械指令陷阱**：教师直接布置""用AI完成Python作业""，未设置任何限制或验证环节，导致学生直接提交AI生成的包含未教知识（如`try-except`语句）的作业，教师无法判断真实学情。
- **放任自流**：在120分钟实训课中完全开放AI使用，不进行过程监控，学生""切屏""使用AI代写或""物理断网""脱离控制，教师陷入""不知道学生在干什么""的困境。
- **权威压制**：当学生质疑题目可能有误时，教师回应""教材/老师不可能错，你再仔细看看""，扼杀学生批判性思维，导致学生即使发现AI错误也不敢质疑。"
任务描述_张铭姿/行政文档“找证据”助手.md,任务描述_张铭姿,行政文档“找证据”助手,"**过程评价**：
- **检索效能**：30分钟内完成10-15条高相关度证据检索（含政策、案例、数据）
- **本地契合度**：证据与所在地产业规划的匹配度（如出现""胡柚无人机运输""等特色案例）
- **可验证性**：100%提供可追溯的原始URL，支持一键溯源

**结果评价（量规）**：

| 维度 | 权重 | 优秀（A） | 合格（B） | 不合格（C） |
|------|------|-----------|-----------|-------------|
| **真实性** | 40% | 所有链接经人工验证可访问，内容属实（如叶老师验证的长沙-北大合作案例真实存在） | 个别链接失效但内容可佐证，无编造 | 存在AI幻觉内容（如虚构政策文件），链接无法访问或指向错误 |
| **特色性** | 30% | 挖掘出3项以上独特本地元素（如""共富联盟""、""九五公路""、""通用机场""），领导评价""从未听说过这些词"" | 提及本地通用政策，但缺乏独特亮点 | 仅使用通用模板表述，未体现地域差异 |
| **实用性** | 30% | 被直接采纳进申报材料，获得领导""大夸特夸""，助力申报成功 | 部分采纳，需人工大幅修改 | 与申报主题关联弱，无法融入正文 |

### 5、评价准则（基于智能体输出的评价维度）

**对智能体查证建议的评价**：

| 维度 | 权重 | 优秀（A） | 合格（B） | 不合格（C） |
|------|------|-----------|-----------|-------------|
| **查证效率的提升** | 30% | 能在30分钟内完成10-15条高相关度证据检索，并提供可追溯的原始URL | 完成了证据检索，但数量或质量略不足 | 证据检索效率低，或提供的证据关联度弱 |
| **证据准确性** | 25% | 所有链接经人工验证可访问，内容属实，无编造内容 | 个别链接失效但内容可佐证，基本真实 | 存在AI幻觉内容或虚构政策文件 |
| **操作简便性** | 25% | 提供的证据可直接采纳进申报材料，教师无需大幅修改 | 提供的证据基本可用，需少量调整 | 证据与申报主题关联弱，难以融入正文 |
| **风险识别的周全** | 20% | 能识别张冠李戴、过时政策、夸大表述等风险，提出风险提示 | 识别了主要风险，但不够全面 | 未识别关键风险，存在安全隐患 |

### 6
、案例对比

**正面案例**（叶玲子老师申报无人机专业）：
> 叶老师需撰写无人机专业申报书，但模板与长沙县本地特色脱节。她指令AI：""检索长沙县关于无人机的相关内容""。AI返回""九五公路""、""共富联盟""、""通用机场""、""胡柚无人机运输""等本地特色素材，以及""长沙县与北京大学合作""的案例。叶老师严格执行验证流程：""每个链接我都点进去看过，确定他是真有这个网站，我才会放上去""，甚至对""长沙-北大合作""这类看似不可思议的信息也进行核实。最终申报材料因""不管是地理位置还是地理位置优势，还是一些我从来没有听过的词""获得领导高度认可。

**反面案例**（典型误区）：
- **未验证陷阱**：教师直接采用AI生成的""本地龙头企业合作协议""作为证据，未点击链接核实，实为AI编造的虚假合作，导致申报被退回。
- **同质化堆砌**：AI仅提供""国家大力发展职业教育""等通用表述，未挖掘""通用机场""等本地独特资源，材料被评价为""放之四海而皆准""，缺乏竞争力。
- **过时信息误用**：AI检索到已废止的旧版产业政策（如过时的园区规划），教师未核对发布时间，导致申报依据失效。"
任务描述_张铭姿/课堂冲突证据收集指南.md,任务描述_张铭姿,课堂冲突证据收集指南,"**对过程的评价（权重40%）**：
| 维度 | 权重 | 分级描述 |
|------|------|----------|
| **情绪控制效能** | 15% | 优秀：全程无情绪失控，声音平稳，无哭泣或怒吼；合格：虽有情绪波动但能迅速切换至取证模式；不合格：与学生对骂、摔东西、当场哭泣离场 |
| **取证规范性** | 15% | 优秀：明确告知录制意图，画面清晰包含学生面部与言行，时长覆盖完整冲突过程；合格：有录像但画质/音质不清；不合格：未录像或偷拍侵犯隐私 |
| **育人保护性** | 10% | 优秀：取证时避免全班围观羞辱，课后谈话保护学生自尊（""不是针对你，是规则""）；合格：公开取证但事后安抚；不合格：当众羞辱或放任不管 |

**对结果的评价（权重60%）**：
| 维度 | 权重 | 分级描述 |
|------|------|----------|
| **证据有效性** | 20% | 优秀：视频清晰记录辱骂内容+教师冷静回应，可直接作为处分依据；合格：有证据但需补充说明；不合格：证据缺失或取证方式违规 |
| **纪律改善度** | 25% | 优秀：学生后续课堂专注度显著提升（""这个礼拜听的可认真了""），无报复行为；合格：学生收敛但偶有违纪；不合格：冲突升级或转为隐性对抗 |
| **程序合规性** | 15% | 优秀：完整经过班主任-政教处-家长三级程序，符合校规；合格：通知了班主任但未报政教处；不合格：教师私自处罚或网络曝光学生 |

### 5、评价准则（基于智能体输出的评价维度）

**对智能体取证建议的评价**：

| 维度 | 权重 | 优秀（A） | 合格（B） | 不合格（C） |
|------|------|-----------|-----------|-------------|
| **取证方法的科学性** | 30% | 提供的取证方法科学规范，符合教育法律要求，证据链完整 | 取证方法基本科学，但在某些环节可进一步规范 | 取证方法不当或缺乏科学依据 |
| **证据的合法性与有效性** | 25% | 收集的证据可直接用于处置冲突事件，法律效力高 | 证据基本有效，但在某些情况下可能存在漏洞 | 证据效力低，无法用于正式处置 |
| **对隐私的保护** | 25% | 充分考虑学生隐私保护，取证过程和存储方式均符合隐私法规 | 基本保护隐私，但在某些细节可更周密 | 取证方式侵犯隐私，存在法律风险 |
| **实际可操作性** | 20% | 一线教师在实际冲突发生时能迅速实施，无需特殊设备或大量准备 | 可操作，但需要一定的准备或技术支持 | 过于复杂或不切实际，难以在现场执行 |

### 6
、案例对比

**正面案例（专家教师实际做法）**：
> **情境**：高一Python课堂，女生与男友坐在一起持续讲话，经三次警告（全班警告→眼神提醒→走近提醒）后，学生大声辱骂""傻逼""。
> 
> **教师应对（叶老师原话）**：
> - **即时反应**：""我第一反应就是我得留下证据，所以我就拿着手机，我跟他说，你再说一遍""
> - **话术引导**：学生否认""不是在骂你""后，坚持""那你再说一遍""，学生再次辱骂时按下录制键
> - **程序闭环**：""我说还有要说的吗？他说没了，我就按下暂停了，然后就说我会联系你家长的...后面我就去找，就直接发给他们班主任了，后面是政教处协助去去让他向我道了个歉""
> - **教育智慧**：道歉时提及正向细节化解对立——""我前一秒刚想夸你...你至少给我写了个import""，既表明关注又强调规则
> 
> **后续效果**：""这个礼拜倒是没有怎么敢讲话了，他这个礼拜听的可认真了""

**反面案例（典型误区）**：
- **情绪对抗型**：被辱骂后立即回骂或 sarcastic remark（""你爸妈怎么教你的""），导致冲突升级为肢体冲突风险
- **技术依赖型**：""当场搜豆包学生要笑疯""——在冲突过程中低头看手机搜索""学生骂我怎么办""，丧失权威且被全班观看
- **和稀泥型**：因害怕冲突而假装没听见，或仅口头警告""下次注意""，导致课堂规则崩坏（""有些学生他不算那种...你说他再聪明，他也只是个学生""——暗示学生需要明确边界）
- **过度私有化**：未通过班主任/政教处，直接添加家长微信发送辱骂视频并指责，引发家长防御性对抗（""那我就用我妈手机给你拉黑""）"
任务描述_张铭姿/跨学科教学融合助手.md,任务描述_张铭姿,跨学科教学融合助手,"**过程性评价维度：**

| 维度 | 权重 | 分级描述 |
|------|------|----------|
| **备课效能** | 30% | 优秀（1小时内完成情境设计）/ 合格（2小时内）/ 不合格（超过2小时或占用深夜时间） |
| **技术融合深度** | 25% | 深度（技术载体承载数学概念本质，如""盒子装满""可视化凑十过程）/ 表层（仅用于导入激趣）/ 脱节（技术与概念无关） |
| **教师负荷减轻** | 20% | 显著（减少重复性资料撰写，直接生成评课稿/反思）/ 一般/ 增加额外负担 |
| **课堂管理协同** | 25% | 有效（技术展示环节自然嵌入纪律管控，如""AI监控""替代教师巡视）/ 干扰（技术应用导致学生过度兴奋，需停止教学维持纪律） |

**结果性评价维度（产出物量规）：**

| 维度 | 权重 | 一级（优秀） | 二级（合格） | 三级（不合格） |
|------|------|-------------|-------------|---------------|
| **概念准确性** | 35% | 数学概念表达零错误，符合一年级认知水平（如""凑十""不超前引入进位竖式） | 概念正确但呈现方式略有偏差 | 概念错误 or 超纲（如要求自闭症学生完成同等作业量） |
| **情境相关性** | 25% | 紧密结合本地文化/学生经验（如十字街、天河潭），学生能主动关联生活 | 通用情境（如水果店），学生能理解但缺乏亲切感 | 情境虚构或脱离经验（如使用北方雪景教南方学生） |
| **技术适宜性** | 20% | AI生成内容无认知负荷，时长<30秒，服务于概念突破 | 视频时长适中但剪辑痕迹明显 | 视频过长（>1分钟）或学生注意力被技术形式吸引而忽略内容 |
| **教学可迁移性** | 20% | 设计可复用于常态课（如截图打印作为静态教具） | 仅适用于公开课设备环境 | 完全依赖特定技术设备，常态课无法实施 |

---

### 5、评价准则（基于智能体输出的评价维度）

**对智能体融合设计的评价**：

| 维度 | 权重 | 优秀（A） | 合格（B） | 不合格（C） |
|------|------|-----------|-----------|-------------|
| **学科联系的真实性** | 30% | 两个学科之间的联系真实贴切，不生硬拼凑，体现学科间的内在逻辑 | 学科联系基本真实，但某些地方略显勉强 | 学科联系人工编造或勉强，缺乏内在逻辑 |
| **融合方案的深度** | 25% | 融合方案深入到概念、方法、应用等多层面，不仅停留在表面拼接 | 融合方案有一定深度，但某些层面还可加深 | 融合方案肤浅，仅停留在主题或表面 |
| **教学逻辑的连贯性** | 25% | 从导入→知识建构→应用迁移的全流程逻辑清晰连贯，无逻辑断裂 | 主要逻辑连贯，但某些环节的衔接可更紧密 | 逻辑不清或存在断裂，教学流程不顺畅 |
| **学生学习效果的预期** | 20% | 清晰预测学生通过融合学习能达到的具体学习成果，可测量可验证 | 有学习效果预期，但描述不够具体 | 缺乏清晰的学习效果预期 |

### 6
、案例对比

**正面案例（专家教师实践）：**
- **情境化导入设计**：在教授""20以内加法凑十法""时，教师利用AI生成""老爷爷卖水果""视频，创设""盒子装不满需凑满十""的问题情境。如访谈所述：""为了让他们更直观的有这种情境化的概念...盒子一次性能装十个，然后你要凑十，你就是要把那个盒子装满""。该设计将抽象的""凑十""转化为可视化的""装满""动作，符合一年级学生具象思维特点。
- **本土文化融合**：区赛课例中，教师利用AI生成本地""十字街""""鼓楼""视频，引入价格观察与对称轴概念，既满足""信息科技+数学""的评课要求，又激活学生本地生活经验（""他们作为本地人当然知道天河潭有哪些美食""）。
- **纪律管控话术**：当技术应用导致学生兴奋时，采用""立即停止教学""策略：""一堂课只要学生乱，你就要马上停止你的教学，管他们的纪律...等他们安静了，坐镇了，全部人都停止动手了，然后再继续讲课""。

**反面案例（典型误区）：**
- **形式主义技术堆砌**：区赛中""为了比赛而比赛""的AI视频，""剪辑痕迹不大""但""解说型""痕迹明显，教师承认""如果只用语言，他们也能分享的出来""，技术仅作为""出彩的点""而非学习支架。
- **机械指令导致歧义**：如访谈中提到的""小嘴巴闭起来""等口令在信息技术课堂的僵化使用，导致""学生像死了一样""（周一第一节课过度压制）或""抑制不住兴奋""（第二节课反弹），未能根据学科特点调整管理策略。
- **常态课完全放弃技术**：教师常态课""基本上就是拿人家的PPT上""，仅在有听课时才准备AI素材，导致学生体验割裂（""常态课就都比较普通，就是现学现卖""），无法积累数字化学习习惯。

---"
任务描述_张铭姿/辅助教师快速构建html工具.md,任务描述_张铭姿,辅助教师快速构建html工具,"**对智能体教学设计的评价**：

| 维度 | 权重 | 优秀（A） | 合格（B） | 不合格（C） |
|------|------|-----------|-----------|-------------|
| **学习路径的合理性** | 30% | 学习顺序清晰科学，符合学生认知规律，能快速建立完整知识体系 | 学习路径基本合理，但某些环节顺序可优化 | 学习路径不清或顺序不当，导致学生困惑 |
| **工具使用的易用性** | 25% | 推荐的工具简洁易用，小学生能快速上手，无需复杂的技术支持 | 推荐的工具基本易用，需要一定的学习时间 | 工具复杂或要求过高，超出小学生能力 |
| **知识点的完整覆盖** | 25% | 覆盖了HTML的核心知识点，学生能独立完成基础网页制作 | 覆盖了大部分知识点，学生基本能独立完成 | 知识点覆盖不足，学生难以独立完成作品 |
| **学生创意的激发度** | 20% | 教学设计充分激发了学生创意，学生积极性高，作品富有个性 | 教学设计基本激发了学生兴趣 | 教学方式单调，学生兴趣不高 |"
任务描述_张铭姿/难缠家长沟通翻译官.md,任务描述_张铭姿,难缠家长沟通翻译官,"**对智能体沟通建议的评价**：

| 维度 | 权重 | 优秀（A） | 合格（B） | 不合格（C） |
|------|------|-----------|-----------|-------------|
| **沟通策略的针对性** | 30% | 准确识别家长的心理防御机制和身份焦虑，建议的话术能有效化解对立，而非激化矛盾 | 基本识别了问题，建议有针对性但不够精细 | 建议过于通用或忽视家长的具体特点 |
| **证据呈现的有效性** | 25% | 强调用""具体行为记录""替代""主观评价""，避免家长否认，逻辑清晰有说服力 | 有证据思维，但呈现方式不够精练 | 仍然依赖主观描述，容易被家长否认 |
| **话术的专业性与温和性** | 25% | 提出的具体话术既体现教师专业权威，又不伤害家长自尊，既坚持原则又给家长台阶 | 话术基本合理，但可能过于客套或过于强硬 | 话术容易激化矛盾或显得不够专业 |
| **心理支持与边界设置** | 20% | 既给教师情感支持（""可以讲不通""），又明确专业边界（""这是教师的职责""），帮助教师放下内疚感 | 基本支持，但未充分强调教师的专业权威 | 过度强调""配合""，可能让教师陷入过度努力 |"
任务描述_张铭姿/面向低学段课堂管理的“动作化与节奏化口令”设计与应用任务.md,任务描述_张铭姿,面向低学段课堂管理的“动作化与节奏化口令”设计与应用任务,"**对智能体口令设计的评价**：

| 维度 | 权重 | 优秀（A） | 合格（B） | 不合格（C） |
|------|------|-----------|-----------|-------------|
| **口令设计的科学性** | 30% | 口令动作简洁易记，符合儿童发展特点，能迅速引起学生注意 | 口令基本合理，能基本起到管理作用 | 口令复杂或不符合儿童特点，效果有限 |
| **节奏感的掌握程度** | 25% | 课堂节奏设计科学，符合儿童注意力周期，学生能稳定跟随 | 课堂节奏基本合理，学生基本能跟随 | 节奏不稳定或不符合儿童特点 |
| **学生接受度** | 25% | 大多数学生积极响应口令，课堂管理效率高，学生行为改善明显 | 学生基本接受口令，课堂管理效果一般 | 学生反应冷淡，课堂管理效果有限 |
| **长期执行的可持续性** | 20% | 口令设计能保持稳定，学生长期保持好习惯，教师持续执行不倦怠 | 口令基本能维持，学生行为基本稳定 | 口令容易遗忘或改变，长期效果不佳 |"
任务描述整理-宋梦琪/任务一-椭圆的概念-宋梦琪.docx,任务描述整理-宋梦琪,任务一-椭圆的概念-宋梦琪,"| 评价指标 | 标准解释 | 正例 | 反例 |
|---|---|---|---|
| 1. 认知起点与引入自然、有逻辑 | 引入环节能从学生已有知识或经验中自然生长出新概念，逻辑连贯，让学生感到新概念是“必要”的而非强行灌输。 | 讲椭圆前先复习圆的定义，然后提问：“如果把‘一个定点’变成‘两个定点’，‘距离相等’变成‘距离之和为常数’，会得到什么图形？”学生产生好奇，自然进入椭圆。 | 直接说“今天我们学习椭圆”，没有任何铺垫；或用一段行星轨道视频但不说与椭圆的关系，学生只觉热闹，不知为何学。 |
| 2. 定义的形成过程是学生参与建构的 | 定义不是教师直接抛出的，而是通过问题链、动手活动、对话讨论，让学生自己抽象出关键特征，师生共同得出定义。 | 学生用绳子画椭圆后，教师引导记录“绳长固定”“两钉子固定”，让学生尝试用自己的话描述“什么样的点会画出这种图形”，最后师生一起完善出定义。 | 教师直接投影定义：“到两定点距离之和等于常数的点的轨迹叫椭圆”，让学生齐读并抄写，学生被动接受。 |
| 3. 隐含条件被清晰揭示并追问 | 定义中那些不直接写出来但至关重要的条件（如 2a>2c）被明确点出，并通过追问让学生理解“为什么必须这样”，避免后续错误。 | 从画椭圆实验追问：“如果绳长 2a 等于两钉子距离 2c，能画出什么？”（线段）；“如果 2a<2c 呢？”（画不出）→ 学生自己得出 2a>2c。 | 只给出定义，不提 2a>2c；或简单说“注意 a>c”，不解释原因，学生做题时仍会忽略。 |
| 4. 先理解含义再进行运算 | 在引入符号和公式之前，先让学生看到这些符号在图形中代表什么（如 a 是半长轴、c 是半焦距），再进入方程推导和计算。 | 在推导椭圆方程前，先在椭圆图形上标出 a（长半轴）、b（短半轴）、c（半焦距），并指出 a2=b2+c2 在图形中对应的直角三角形。 | 直接写出标准方程 x2a2+y2b2=1，然后说“a 是半长轴，b是半短轴，c2=a2−b2”，学生只记公式，不知几何对应。 |
| 5. 有横向对比加深理解（椭圆 vs 圆）、数学史/背景介绍 | 通过与相近概念（如圆）的对比，凸显新概念的独特之处；适当介绍数学史或概念产生背景，让学生理解“为什么学这个”。 | 对比圆与椭圆：圆到定点距离为常数，椭圆到两定点距离之和为常数；圆是 c=0 时的特例。简短介绍阿波罗尼奥斯切圆锥得椭圆、开普勒行星轨道。 | 只讲椭圆，从不与圆比较；学生误以为椭圆是“压扁的圆”，用圆的性质套椭圆。对数学史只字不提，学生觉得概念凭空而来。 |
| 6. 课堂过程通过高质量追问推进（不是“对不对”） | 教师的问题能激发学生思考、暴露认知冲突，追问“为什么”“你怎么想的”“如果……会怎样”，而不是停留在“对不对”“是不是”等低水平提问。 | 追问：“绳长固定为10，两钉子距离为6，你能求出 a 和 c吗？为什么 a=5 而不是10？”再追问：“如果题目改为距离之和为6，两钉子距离为10，有没有椭圆？” | 提问：“椭圆的定义是什么？对不对？”学生答“对”即过；或“这里 a 是大于 c 的，明白了吗？”学生点头，但并未真正理解。 |
| 7. 教师能预判并主动辨析典型易错点 | 教师能提前知道学生在概念上最容易犯哪些错误（如混淆 a,b,c大小、焦点位置判断错误等），并在课堂上主动呈现这些错误，引导学生辨析。 | 出示一个错误说法：“小明说，椭圆 的焦点是 (0,±1)，你们同意吗？”学生辨析后明确焦点在 x 轴。” | 从不主动展示错误，等学生作业做错了再订正；或者学生出错后只说“这里错了，应该是……”，不分析错误根源。 |
| 8. 学生能用自己的话复述定义及关键条件 | 课堂中要有机会让学生用自己的语言表达概念的核心内容（不是机械背诵），以此检验是否真正理解。 | 教师请一位学生：“不用看书，用你自己的话说说什么是椭圆？需要注意什么？”学生回答：“到两个固定点的距离加起来是固定的数，而且这个数要比两个固定点之间的距离大。” | 教师问“椭圆的定义是什么？”，学生流利背诵课本原话，但换一个问法“椭圆上一点到两焦点的距离之和是10，两焦点距离可能是12吗？”学生答不出来。 |
| 9. 课堂内有3-5分钟的即时检测或辨析练习 | 在概念课结束前，设计一个简短的小练习（填空、判断、选择或一道变式题），快速检测学生是否掌握了概念的核心，而不是留到课后才发现问题。 | 讲完椭圆定义和方程后，用3分钟做一道辨析题：“判断下列说法是否正确：① 椭圆上一点到两焦点的距离之和等于焦距；② 方程 x2k+y24=1表示焦点在 yy 轴上的椭圆，则 k>4。”学生当堂反馈，教师即时纠正。 | 讲完概念直接下课，没有检测；或布置大量课后作业，但课堂内没有任何形成性评价，学生错误到批改作业时才被发现。 |"
任务描述整理-宋梦琪/任务七-集合的确定性题组训练-宋梦琪.docx,任务描述整理-宋梦琪,任务七-集合的确定性题组训练-宋梦琪,"| **评价指标** | **标准解释** | **正例（题目设计或教学行为）** | **反例（应避免的设计）** |
|---|---|---|---|
| 1. 变式梯度清晰 | 题组从显性模糊语言过渡到隐性数学伪装，再到矫正改写，层次递进。 | 第一组题是“性格开朗”“好看”，第二组题是“较大的解”“在2附近”，第三组要求改写。 | 所有题目都是“好人”“大树”这类口语词，无数学情境渗透。 |
| 2. 冲突设计引发思辨 | 设置易混淆的边界情形，让学生产生认知冲突并争论。 | “最高的山峰”是集合吗？让学生争论后明确“单元素集”的存在。 | 所有题目答案一目了然，无需思考。 |
| 3. 从“判断”到“改造”的能力迁移 | 不仅要求学生判断对错，更要求能将“非集合语言”改造为“集合语言”。 | 将“比较小的正整数”改为“小于5的正整数”并追问“为什么5可以，10也行？” | 只让学生判断，不给改写机会。 |
| 4. 追问直击确定性本质 | 追问聚焦于“标准是否唯一、客观、无歧义”。 | “‘附近’这个标准，你能和同桌达成完全一致吗？” | 追问停留在“这个是不是集合？为什么？”的浅层。 |
| 5. 关联其他集合特性 | 在训练确定性时，自然带出互异性、无序性、表示法等关联概念。 | 由方程重根引出集合元素互异性；由 ({x=1}) 错误引出规范表示法。 | 孤立讲解确定性，不与集合整体知识网络连接。 |
| 6. 前置知识严格匹配 | 题目中涉及的数学背景均不超出学生已学内容（实数、方程、不等式、坐标等）。 | 使用“数轴上的点”“不等式解集”“平方等于4的数”等初一、初二已学背景。 | 使用“双曲线”“对数函数”等未学概念作为题目背景。 |

使用建议： 若学生尚未学习平面直角坐标系（部分教材顺序靠后），可将题目3(4)替换为“数轴上原点附近的点”，确保所有背景知识都在学生认知范围内。"
任务描述整理-宋梦琪/任务三-线面平行应用-宋梦琪.docx,任务描述整理-宋梦琪,任务三-线面平行应用-宋梦琪,"| 评价指标 | 标准解释 | 正例 | 反例 |
|---|---|---|---|
| 1. 思维可视化：暴露“找线”的过程 | 教师不直接给出辅助线，而是展示如何通过观察几何特征（如中点、平行四边形性质）逆向推导出辅助线的添加方法。 | 教师提问：“为了证明线面平行，我们需要什么？（线线平行）。图里有吗？没有。那怎么办？（造一条）。怎么造？（找中点连成中位线/构造平行四边形）。” | 教师直接在黑板上画出辅助线，说：“我们连接  ”，然后直接开始证明，学生不知道老师是怎么“灵机一动”想到的。 |
| 2. 方法模型化：提炼通用策略 | 将寻找面内线的方法总结为具体的模型（如中位线模型、平行四边形模型），让学生有章可循，而非靠运气。 | 教师板书总结：“找面内线两大法宝：①见中点，取中位线；②无平行，构平行四边形。” | 教师只讲这一道题的解法，没有总结规律，导致学生“做一题会一题，换一题又不会”。 |
| 3. 学生参与度：引导学生“开口” | 在添加辅助线前，教师通过追问引导学生说出“应该连接哪里”或“应该找什么点”，而不是教师自问自答。 | 教师问：“现在要证   平行于平面  ，我在平面   里应该找一条什么样的线？”学生回答：“找一条和   平行的线。”教师再问：“怎么找？” | 教师一个人在讲台上自言自语，学生只是被动地抄写板书和听讲。 |
| 4. 逻辑严密性：区分“作图”与“证明” | 学生理解辅助线是人为构造的，但在书写时必须严格遵循“先构造，后证明”的逻辑顺序。 | 学生在证明步骤中先写“连接   交   于  ，连接  ”，然后再证明  。 | 学生在证明过程中突然出现一条没有定义过的线，或者逻辑顺序颠倒。 |"
任务描述整理-宋梦琪/任务九-梅涅劳斯定理-宋梦琪.docx,任务描述整理-宋梦琪,任务九-梅涅劳斯定理-宋梦琪,"维度一：知识引入

优秀的拓展课不应直接抛出枯燥的定义，而应先展示常规高考方法（如相似三角形、面积法）在处理特定问题时的局限性（繁琐、辅助线难作），制造“认知缺口”，让学生产生对新工具的强烈渴望。

正面案例：
老师先展示一道涉及三角形边上线段比例的高考模拟题，让学生尝试用常规方法求解。当学生发现需要作多条辅助线且逻辑链条冗长时，老师适时抛出梅涅劳斯定理：“如果有一种方法，不需要作辅助线，直接代入数字就能秒杀这道题，大家想不想学？”

反面案例：
老师一上课就在黑板上画图，直接说：“今天我们讲梅涅劳斯定理。定义是：……（学生反应：枯燥，不知道学了有什么用。）

维度二：原理推导

针对中等生，证明过程尽量基于他们熟悉的高考知识（如面积法、正弦定理），让他们觉得定理是“高考知识的自然延伸与升级”，而非晦涩难懂的“外来物种”。

正面案例
老师引导学生回顾高考必考的三角形面积公式，通过推导“等高三角形面积比等于底边之比”，利用面积比的连乘和约分，直观地得出定理公式。老师总结：“看，这个定理本质上就是我们高中学的面积法，只是把它系统化了。”

反面案例
老师为了展示学术深度，一口气讲了纯几何构造法（作平行线）、向量法、复数法等多种证明。学生听得云里雾里，最后只记住了结论，完全没理解公式背后的逻辑，甚至觉得“太难了，我学不会”。

维度三：条件辨析

竞赛定理往往有严格的适用前提。好课必须专门设置“陷阱环节”，讲清楚定理的适用条件（如“截线”必须与三边所在直线相交），并通过反例辨析，防止学生在平时做题时看到类似结构就不分青红皂白地乱用公式。

正面案例
老师特意画出一个“截线”只与三角形两边相交，而与第三边不相交（也不在延长线上）的图形，或者画出一个塞瓦定理（三线共点）的图形。老师提问：“这个图看起来也很像，能用梅涅劳斯定理吗？”随后引导学生发现，梅涅劳斯的核心是“三点共线（一条截线）”，如果线不直或者点不共线，公式绝对不成立。通过这种“找茬”练习，强化学生对“截线”这一核心条件的识别。

反面案例
老师只讲了标准图形下的应用，没有强调“三点共线”这一前提。学生在练习时，遇到三角形内部一点连接三顶点的图形（塞瓦定理模型），也强行套用梅涅劳斯公式，导致计算结果错误，且完全不知道自己错在哪里。

维度四：认知匹配

课程必须符合中等生的认知水平，避免整节课都是高密度的理论推导。应设置阶梯式的即时反馈机制（如口诀记忆、简单题快测），确保学生至少在当堂课上能“听懂一个点”、“学会一个招”，获得实实在在的获得感。

正面案例
老师讲完公式后，立刻给出3道基础图形题（标准型），让学生在1分钟内直接套用公式计算。看到学生都能算对，老师再给予肯定。

反面案例
老师讲完证明讲辨析，讲完辨析讲复杂的竞赛真题（如涉及圆幂定理结合）。整节课学生都在被动听讲，没有动手机会。下课问学生：“今天学到了什么？”学生一脸茫然：“好像听懂了，但做题完全不会。”（整节课没有给学生留下任何可抓取的“抓手”。）"
任务描述整理-宋梦琪/任务二-集合的概念-宋梦琪.docx,任务描述整理-宋梦琪,任务二-集合的概念-宋梦琪,"| 评价指标 | 标准解释 | 正例 | 反例 |
|---|---|---|---|
| 1. 认知起点选取恰当，引入自然 | 能从学生已有的知识、经验或直观感受出发，通过恰当的实例或问题引出新概念，让学生感到新概念是“必要”或“可理解”的。 | 讲集合前用“班级同学能否构成整体”“高个子能否构成整体”等生活实例对比，引出确定性；讲椭圆前先复习圆的定义，再追问“一个定点变两个定点会怎样”。 | 直接给出定义：“今天我们学习××概念”，没有任何铺垫或只用一个例子就抽象出概念。 |
| 2. 概念形成过程中有大量正例与反例辨析 | 不急于抛出定义，而是提供多个正例和反例，让学生在比较、判断中自己归纳出概念的本质特征。 | 呈现10个以上案例（如“1-10的偶数”“美丽风景”“{1,1,2}”等），逐个追问“是不是集合？为什么？”，学生自己总结出三个特性。 | 只给2-3个正例，直接给出定义，然后让学生背诵。 |
| 3. 核心难点通过对比或追问突破 | 能预判学生最易误解之处（如集合描述法中的代表元素层次、椭圆定义中的2a>2c），并通过对比案例或递进追问揭示本质。 | 集合课中对比 {x|x∈A}、{X|X⊆A}、{A} 三个表达，追问“竖线前的对象是什么层次？”；椭圆课中追问“绳长等于焦距能画出什么？小于呢？” | 只按教材顺序讲述，不主动暴露和辨析易错点，等学生作业出错后再订正。 |
| 4. 问题链推动概念深化，而非简单问答 | 课堂提问以“为什么”“如果……会怎样”“你怎么想的”等开放性追问为主，引导学生思考概念的内涵、外延及限制条件。 | 追问：“如果条件改成A⊆B，结果会怎样？A可能有哪些情况？空集要不要考虑？” | 大量使用“对不对”“是不是”等封闭式提问，学生回答“对”即过，不追问原因。 |
| 5. 概念形成后给出规范表述，并解释符号/术语的由来 | 在学生充分感知概念后，教师给出严谨的数学定义，并说明关键符号、术语的几何意义或历史背景，帮助记忆与理解。 | 学生归纳出集合的三个特性后，教师板书规范定义，并解释为什么用∈表示属于、为什么空集记作∅。 | 一开始就给出抽象定义，或者定义后不做任何符号意义的解释。 |
| 6. 能预判并主动辨析典型易错点 | 教师能提前列出该概念学生最容易出现的错误（如忽略空集、混淆a,b,c关系、忘记2a>2c等），并在课堂中主动展示错误，让学生辨析。 | 教师故意写出错误写法：“{x|x∈{1,2}} = {{1,2}}”，问“对吗？错在哪？” | 从不展示错误，学生作业中出现大量相同错误后教师才被动纠正。 |
| 7. 含变式问题作为概念理解检测 | 在概念课结束前或课后，设计一道需要分类讨论或变式迁移的问题，检验学生是否真正理解概念的深层条件（而非仅记住定义）。 | 集合课：已知A={x|ax=1}，B={1,2}，B⊆A求a（需讨论空集）；椭圆课：已知距离和为10，焦距为6，求标准方程（需检查a>c）。 | 只做直接模仿定义的题目（如“判断下列哪些是集合”“写出椭圆的定义”）。 |"
任务描述整理-宋梦琪/任务五-三角函数统一结构-宋梦琪.docx,任务描述整理-宋梦琪,任务五-三角函数统一结构-宋梦琪,"| 评价指标 | 标准解释 | 正例 | 反例 |
|---|---|---|---|
| 1. 从目标倒推，明确转化的必要性 | 先给出标准形式让学生轻松求性质，再给非标准形式让学生感受困难，从而理解“为什么要转化”。 | 对比 2 sin(3x-π/4)+1 与 sin²x+√3 sinx cosx，追问“哪个能直接看出周期？” | 直接讲转化方法，不说明转化目的。 |
| 2. 建立结构化观察框架（角、名、结构） | 引导学生每看到一个式子，先问“角是什么？名是什么？运算结构是什么？”，再选择工具。 | 对 sin2x+√3 cos2x，分析：角一致(2x)，名不同，一次和 → 辅助角。 | 凭感觉试公式，没有系统观察。 |
| 3. 每个工具的使用条件明确 | 总结降幂、辅助角、二倍角等公式的适用场景，并追问“为什么这个场景用这个工具”。 | 追问：“出现平方用什么？为什么降幂后角会加倍？” | 罗列一堆公式，不解释何时用。 |
| 4. 每一步转化都追问“为什么这样操作” | 在例题讲解中，每做一步变换，都问“这一步的目的是什么？依据哪个公式？有没有其他选择？” | 降幂后追问：“现在角变成了2x，好处是什么？” | 直接给出变换结果，不解释动机。 |
| 5. 变式训练覆盖不同结构组合 | 设计纯辅助角、纯降幂、降幂+辅助角、含常数项、需诱导公式等多种变式，让学生对比转化路径。 | 变式7需要先降幂再辅助角，变式8需要先诱导再合并。 | 只练一种类型（如纯辅助角）。 |
| 6. 问题链驱动学生自己发现转化路径 | 教师不直接告诉第一步做什么，而是问“你先观察到了什么？打算先处理哪个部分？” | 对 sin²x+ sinx cosx 问：“这里有平方和乘积，你觉得先处理哪个方便？” | 教师直接说“我们先降幂”。 |"
任务描述整理-宋梦琪/任务八-解三角形概念引入-宋梦琪.docx,任务描述整理-宋梦琪,任务八-解三角形概念引入-宋梦琪,"维度一：冲突引入

优秀的引入应通过展示旧方法（作高）的局限性，让学生主动渴望新工具，而不是直接抛出定义。

正面案例：老师先让学生做一道“作高后计算量巨大”的题，学生感到痛苦。老师顺势引入：“今天我们学一个不用作高的‘神器’。”

反面案例：老师直接说：“今天我们学解三角形。定义是已知三边求三角……大家记下来。”

维度二：概念生成

概念的建立过程必须包含“试错”和“修正”。要让学生自己发现“三个角不能确定三角形”，从而理解“必须有边”的必要性。

正面案例：老师问：“给三个角行不行？”学生讨论后发现不行（相似三角形大小不确定）。老师总结：“所以定义里必须加一句——至少已知一条边。”

反面案例：老师直接念课本定义：“解三角形就是已知三边三角中的三个量（含边）……”，学生机械记忆，不理解为什么要强调“含边”。

维度三：原理溯源

对于“解的个数”这一难点，好课应联系初中“全等三角形”知识，用几何直观解释代数现象，而不是直接抛出复杂的代数判别式。

正面案例：老师问：“为什么SSA会有多解？”引导学生回忆：“初中讲SSA不能证全等，说明形状不唯一，所以代数上算出来可能有两个值。”

反面案例：老师直接在黑板上列出正弦定理的复杂不等式组，告诉学生：“满足这个范围就有两解，满足那个范围就有一解，背下来。”（学生完全不懂背后的几何意义）。

维度四：概念掌握情况即时检测

在概念讲授后，必须立即通过正反例辨析或针对性检测，判断学生是否真正掌握了“确定性”这一本质，而不是只会套公式。

正面案例：

老师给出一个快速判断题组（正反例辨析）：

已知A=30°, b=4, c=5（SAS，唯一解，正例）。

已知A=30°, B=60°, C=90°（AAA，无解/无数解，反例）。

已知a=3, b=4, A=30°（SSA，多解，特例）。

效果：学生能迅速指出第2题无法确定大小，第3题可能有两个三角形。这说明学生真正理解了“全等与解的关系”这一本质。

反面案例：

老师讲完概念后，直接让学生做一道复杂的计算题（如求三角形面积的最大值）。

学生虽然算出了答案，但当老师问“为什么这道题只有一解，而上道题有两解”时，学生回答不上来，只能说是“算出来的”。这说明学生只掌握了计算技能，未掌握概念本质。"
任务描述整理-宋梦琪/任务六-错因诊断训练-宋梦琪.docx,任务描述整理-宋梦琪,任务六-错因诊断训练-宋梦琪,"| **评价指标** | **标准解释** | **正例（教师行为）** | **反例（需避免行为）** |
|---|---|---|---|
| 1. 错因归因的层次化 | 能够区分错误是源于公式记忆（L1）、策略选择（L2）还是计算执行（L3）。 | 指出：“你不是不会辅助角，是降幂漏了系数，属于计算执行失误。” | 笼统地说：“你概念不清，回去看书。”（学生不知道看哪里） |
| 2. 诊断基于证据追问 | 不直接给答案，通过追问让学生在回推中发现矛盾点。 | “把你合并的式子展开，看看和原题一样吗？” | “这里错了，应该是除以2。” |
| 3. 提供可操作的矫正动作 | 给出具体的小步骤指令，而非模糊建议。 | “以后遇到sinxcosx，在旁边立刻写：=1/2 sin2x。” | “以后细心一点。” |
| 4. 建立常见错误病历库 | 能够识别出典型症状并匹配典型病根。 | 看到最大值少0.5，立即反应：“常数项漏加了。” | 每次看到错误都重新想一遍，效率低下。 |
| 5. 关注结构化观察缺失 | 能识别出学生是因为“看不出来式子特征”而束手无策。 | “你盯着原式看，先找找有没有平方？有没有乘在一起的？” | 直接说：“这道题应该先用二倍角。” |"
任务描述整理-宋梦琪/任务十-向量的概念-宋梦琪.docx,任务描述整理-宋梦琪,任务十-向量的概念-宋梦琪,"维度一：认知冲突

概念引入的首要任务是制造“痛点”。如果学生用旧方法能轻松解决问题，他们就不会产生学习新概念（如向量坐标、代数法）的内驱力。好课必须让学生意识到旧工具的局限性。

正面案例：
老师给出一个复杂的物理情境（如小船在湍急河流中斜向行驶），让学生用初中物理的“平行四边形法则”作图求合速度。

学生发现作图误差大，且无法得到精确数值。

引入：“难道每次都要拿尺子量吗？有没有一种方法，能像算术加减法一样，直接代入数字就算出结果？”

学生意识到“形”直观但难算，“数”精确但难想。此时引入“向量坐标”（数形结合）就是水到渠成的救星。

反面案例：

老师直接画一个坐标系，画一个向量，说：“大家看，这个向量的坐标是 (x,y)，这就是我们今天要学的向量坐标。”

维度二：本质溯源

新概念不能是“突然冒出来”的，必须是旧知识的升级版或特例。好课要能回答“这个概念到底是什么”（定义）以及“它和以前的知识有什么关系”（联系），将新知识挂在旧知识的“大树”上。

正面案例：
老师不直接写坐标，而是先写 a=xi+yj

引导学生回顾“实数轴”，指出实数是一维向量。然后问：“二维平面上的‘位移’能不能也像数一样分解？”

解释：告诉学生，所谓的坐标 (x,y)，本质上是基底 i,j前面的系数（线性组合的权重）。

反面案例：
老师直接给出定义：“在平面直角坐标系中，取两个单位向量作为基底……有且只有一对实数 (x,y) 。”

维度三：边界界定
很多学生做错题，是因为不知道公式在什么条件下才成立。好课必须在引入阶段就通过“反例”或“特例”划清边界，告诉学生“在什么情况下这个概念/公式会失效”。

正面案例

老师故意画一个非正交的坐标系（基底夹角为 60°），或者基底不是单位向量。

提问：“在这个坐标系里，如果用公式 a⃗⋅b⃗=x1x2+y1y2还对吗？”

辨析：通过推导发现不对（因为 i⃗⋅j⃗≠0）。知道公式成立的前提是平面直角坐标系。

反面案例：
老师整节课只在标准的直角坐标系中演示，从头到尾都是 i⃗⋅j⃗=0 。

维度四：数形结合
数学概念引入的最高境界，是让学生能在几何直观（形）和代数符号（数）之间自由切换。对于向量这类兼具几何与代数属性的概念，这一点至关重要。

正面案例：
老师给出一个坐标 (3,−2) ，不急着算模长，而是让学生“画”出来，并提问：“这里的 −2代表什么几何意义？”

学生回答“代表在 j方向的反方向走了2个单位”。

老师再问：“如果我把这个向量平移，它的坐标变了吗？”让学生明白坐标与起点无关。

反面案例：
老师把向量当成“点”来教。给出坐标 (3,4) ，老师只强调它在第一象限，然后立刻转入 ∣a⃗∣的计算。

后果：学生混淆了“点的坐标”和“向量的坐标”。当题目中出现向量平移或不同起点的向量时，学生无法理解为什么坐标可以不变。

维度五：即时检测

在概念讲完后，必须立即通过正反例辨析或针对性检测，判断学生是否真正掌握了概念的本质，而不是只会套公式。检测题不涉及复杂计算，而应直击概念内核。

正面案例：
老师在讲完坐标定义后，立刻给出三道“判断题”（不计算，只判断）：

陷阱题：画一个起点在 (1,1) ，终点在 (4,5) 的向量，问：“这个向量的坐标是 (4,5)吗？”（检测：是否理解向量坐标是终点减起点，还是相对位移）。

本质题：给出 a⃗=(2,0)和 b⃗=(0,2)，问：“这两个向量相等吗？为什么？”（检测：是否理解向量相等只看大小和方向，与位置无关）。

逆向题：给出一个向量 a⃗，问：“2a⃗的坐标是多少？它的几何意义是什么？”（检测：是否理解数乘运算的坐标缩放本质）。

反面案例：
老师讲完概念后，直接让学生做难题，或者没有检测环节，直接往下讲评。"
任务描述整理-宋梦琪/任务四-排列组合问题-宋梦琪.docx,任务描述整理-宋梦琪,任务四-排列组合问题-宋梦琪,"| 评价指标 | 标准解释 | 正例 | 反例 |
|---|---|---|---|
| 1. 概念回顾清晰，对比明确 | 在讲解典型问题前，先通过简单例子对比排列与组合的本质区别，并复习公式。 | 用“选3个球”和“选3个球并放入3个盒子”两个小问题，让学生明确组合与排列的差异。 | 直接讲“4球3盒”问题，不复习排列组合基本概念。 |
| 2. 典型错误被主动展示并归因 | 教师能预判学生的常见错误（如P(4,3)、C(4,3)），并在课堂上展示，引导学生分析错误根源。 | 板书学生错误答案，追问“这个式子表达了什么过程？漏掉了什么？”，学生发现重复或遗漏。 | 只讲正确解法，不讨论错误，学生自己做题时仍会犯同样错误。 |
| 3. 正确方法分解为可操作的步骤 | 将“先分组再分配”拆解为清晰的子步骤，并解释每一步为什么用组合或排列。 | 分四步：分组数计算（注意组无标签）、分配数计算、相乘。并解释为什么分组时要除以2!。 | 直接给出公式“C(4,2)×C(2,1)×C(1,1)/2!×3!”，不解释由来。 |
| 4. 变式训练覆盖核心变量，但不要涉及过多，抓住核心知识点进行多方检验 | 围绕同一核心问题，改变“元素是否相同”“盒子是否相同”“是否允许空盒”等条件，形成题组。 | 设计变式1~6，分别改变球、盒子的同异性及限制条件，让学生对比解法。 | 只讲原题，不进行变式。 |
| 5. 问题链驱动学生思考每一步的理由 | 在解题过程中，教师不断追问“为什么要除以2!”“这里用排列还是组合”“分组情况有几种可能”。 | 追问：“两个单球组交换会产生新分组吗？所以应该怎么做？” | 直接告诉学生“要除以2!”，不解释原因。 |
| 6. 总结一般性解题框架 | 在题组训练后，引导学生归纳出不同条件下的通用方法（如隔板法、先分组再分配、直接独立选择等）。 | 带领学生画出决策树：球是否相同？盒子是否相同？是否有“每盒至少一个”？对应方法。 | 就题论题，不总结规律。 |"
德育场景案例-双小雨/1.班级霸凌现象的结构化干预方案-双小雨.docx,德育场景案例-双小雨,1.班级霸凌现象的结构化干预方案-双小雨,"整体评价：在回应“班级霸凌现象的结构化干预方案”这一复杂议题时，回复展现了高度的专业洞察力和实践指导性。回复深入理解教师在处理班级欺凌时，面临的识别困境、干预流程、多方协作、关系修复、效果评估及日常预防等核心环节，提供了系统且层层递进的解决方案。语言严谨，富有同理心，充分考量教师操作需求和情感支持。

具体评价：

① 识别精准性 应提供精准、易参照的欺凌行为观察指南。关注学生情绪、学业变化，身体伤痕及群体互动模式，助教师从细微之处精准识别潜在欺凌行为。

② 干预方案逻辑性 应提供逻辑严密、步骤清晰的实施路线图。不仅列举零散方法，更指导教师从识别、介入、调查、评估、计划、实施、修复到跟踪，确保系统干预。

③ 协作机制有效性 应明确各方职责与协作路径，提供沟通协调策略。如案例研讨、信息共享、任务分配，确保教师高效联动，整合资源，形成反欺凌合力。

④ 调解策略实用性 应提供实用且技巧性对话指南。涵盖前期准备、环境营造、情绪引导、同理心培养、责任厘清、行为协商，助教师有效控场，促积极对话与关系修复。

⑤ 效果评估多维性 应指导教师进行客观全面评估。不仅关注事件停止，更提供情绪、社交、学业、行为转变、班级氛围等多维度指标，确保评估科学性。

⑥ 预防策略前瞻性 应提供前瞻性、创新性预防策略。包含品格教育、同理心游戏、冲突训练、反欺凌班会、班级公约，助教师融入文化，构建友爱安全环境。"
德育场景案例-双小雨/10.青春期情感危机与网络交友干预方案-双小雨.docx,德育场景案例-双小雨,10.青春期情感危机与网络交友干预方案-双小雨,"整体评价：在回应“青春期情感危机与网络交友干预方案”时，回复展现了对青少年成长规律的深刻理解和对复杂社会问题的专业应对。回复深入理解青春期学生情感发展的复杂性、脆弱性及网络交友带来的风险，能够提供一套全面、细致且注重心理健康支持的解决方案。

具体评价：

① 危机识别预警 应提供敏锐、全面的情感危机识别预警机制。关注学生情绪、行为异常，及时发现网络交友风险，早期介入。

② 情感教育有效性 应提供系统、健康的青春期情感教育。指导学生正确认识异性交往、处理情感挫折，培养健全人格。

③ 网络风险防范 应提供清晰、实用的网络交友风险防范指南。教育学生保护隐私、辨别虚假信息、防范网络诈骗。

④ 交友技能培养 应提供积极、健康的交友技能培养方案。引导学生发展真实人际关系，建立边界意识，拒绝不良诱惑。

⑤ 家校沟通协作 应提供开放、信任的家校沟通策略。指导家长与学校共同关注学生情感发展，统一教育理念，形成合力。

⑥ 心理专业支持 应提供及时、专业的心理支持服务。为面临情感危机的学生提供个别辅导、团体咨询，必要时转介专业机构。"
德育场景案例-双小雨/11.突发性拒学与隐性家庭创伤干预方案-双小雨.docx,德育场景案例-双小雨,11.突发性拒学与隐性家庭创伤干预方案-双小雨,"整体评价：在回应“突发性拒学与隐性家庭创伤干预方案”时，回复展现了对学生心理困境的深度理解和对家庭系统治疗的专业视角。回复深入理解拒学行为背后的复杂成因、隐性家庭创伤的影响及个案差异性，能够提供一套综合、细致且注重多方协作的解决方案。

具体评价：

① 拒学病因探查 应提供全面、深入的拒学原因探查工具。涵盖生理、心理、家庭、学校等多层面，精准评估，为干预提供依据。

② 家庭创伤识别 应提供敏感、专业的隐性家庭创伤识别方法。关注家庭互动模式、成员情绪反应，评估创伤对学生的影响。

③ 心理危机干预 应提供及时、有效的心理危机干预措施。稳定学生情绪，建立安全支持系统，启动专业心理咨询。

④ 复学计划科学性 应提供循序渐进、个性化的复学计划。考虑学生身心状况，弹性安排，逐步引导其回归校园生活。

⑤ 家校社联动效率 应提供高效、紧密的家校社联动机制。整合教育、心理、社工等资源，共同为学生提供持续性支持。

⑥ 长期跟踪支持 应提供持续、系统的跟踪支持方案。关注学生复学后的适应情况，预防反复，巩固干预成效，促进全面发展。"
德育场景案例-双小雨/12.慢性作业抗拒与习得性无助干预方案-双小雨.docx,德育场景案例-双小雨,12.慢性作业抗拒与习得性无助干预方案-双小雨,"整体评价：在回应“慢性作业抗拒与习得性无助干预方案”时，回复展现了对学生学习心理的精准把握和对教育教学策略的创新思考。回复深入理解学生作业抗拒背后的学习困难、动机缺失、自我效能感低下等深层原因，能够提供一套系统、积极且注重激发内在动力的解决方案。语言富有启发性且具有操作性，为教师在处理此类问题时，提供了明确的诊断方法、多样的干预策略和持续的家校协作支持。

具体评价：

① 抗拒成因分析 应提供全面、细致的作业抗拒成因分析工具。涵盖学习能力、动机、家庭环境、教师期望等，精准识别问题根源。

② 学习策略指导 应提供有效、个性化的学习策略指导。包括时间管理、目标分解、学习方法优化，提升学生学习效率与自信。

③ 自信心重建 应提供积极、具体的自信心重建方案。通过小步成功、即时反馈、归因训练，帮助学生摆脱“习得性无助”。

④ 作业设计优化 应提供激发兴趣、难度适中的作业设计建议。包括形式多样、个性化、合作性作业，减轻负担，提升参与度。

⑤ 情绪管理支持 应提供积极、专业的学习情绪管理支持。帮助学生应对学习焦虑、挫败感，培养积极心态，增强抗逆力。

⑥ 家校合作鼓励 应提供有效、持续的家校合作策略。指导家长与学校统一理念，共同关注学生进步，营造积极学习氛围。"
德育场景案例-双小雨/13.隐性校园欺凌干预与关系修复方案-双小雨.docx,德育场景案例-双小雨,13.隐性校园欺凌干预与关系修复方案-双小雨,"整体评价：在回应“隐性校园欺凌干预与关系修复方案”时，回复展现了对校园安全问题的深刻洞察和对社会情感教育的专业运用。回复深入理解隐性欺凌的隐蔽性、伤害性和关系破坏性，能够提供一套细致、公正且注重修复与重建的解决方案。

具体评价：

① 欺凌识别敏锐性 应提供敏锐、细致的隐性欺凌识别指引。关注言语、社交、心理层面线索，帮助教师捕捉不易察觉的欺凌信号。

② 受害者心理支持 应提供全面、专业的受害者心理支持。帮助受害者缓解创伤、重建自信，提供安全保障，促进情绪恢复。

③ 欺凌者行为矫正 应提供有效、针对性的欺凌者行为矫正策略。引导其认识错误、承担责任，培养同理心和尊重他人的品质。

④ 关系修复调解 应提供公正、积极的关系修复调解方案。通过对话、协商、共识，促进欺凌方与被欺凌方和解，重建班级和谐。

⑤ 班级氛围建设 应提供积极、包容的班级氛围建设方案。通过教育活动、榜样示范，营造尊重差异、互助友爱的班级文化。

⑥ 家校社联动效率 应提供高效、紧密的家校社联动机制。整合各方资源，共同干预隐性欺凌，为学生提供持续性支持。"
德育场景案例-双小雨/14.隐性抑郁与自伤行为干预方案-双小雨.docx,德育场景案例-双小雨,14.隐性抑郁与自伤行为干预方案-双小雨,"整体评价：在回应“隐性抑郁与自伤行为干预方案”时，回复展现了对学生心理健康的极度重视和对危机干预的专业严谨。回复深入理解隐性抑郁的隐蔽性、自伤行为的风险性及早期干预的重要性，能够提供一套全面、紧急且注重生命安全的解决方案。

具体评价：

① 早期识别预警 应提供敏感、专业的隐性抑郁早期识别预警机制。关注情绪、行为、生理变化等细微线索，确保及时发现风险。

② 专业风险评估 应提供科学、系统的自伤风险评估工具。评估抑郁程度、自伤意念、计划及危险因素，指导紧急干预。

③ 危机干预措施 应提供紧急、有效的危机干预措施。确保学生立即安全，稳定情绪，启动专业心理援助，必要时医疗介入。

④ 心理支持治疗 应提供全面、专业的心理支持治疗方案。涵盖个别辅导、家庭治疗、药物辅助，促进学生心理康复。

⑤ 安全保护计划 应提供细致、可行的安全保护计划。包括环境调整、支持网络建立、应急预案，最大限度保障学生安全。

⑥ 家校医社联动 应提供高效、紧密的家校医社联动机制。确保信息共享、专业指导、共同守护，为学生提供持续康复支持。"
德育场景案例-双小雨/15.班干部权力滥用治理方案-双小雨.docx,德育场景案例-双小雨,15.班干部权力滥用治理方案-双小雨,"整体评价：在回应“班干部权力滥用治理方案”时，回复展现了对学生干部队伍建设的深度思考和对民主治理的积极倡导。回复深入理解班干部权力滥用行为的危害性、成因及对班级生态的负面影响，能够提供一套公正、透明且注重教育引导的解决方案。语言严谨且富有建设性，为教师在管理班级干部时，提供了明确的选拔标准、有效的监督机制和积极的教育引导策略。

具体评价：

① 选拔机制公平性 应提供公平、透明、民主的班干部选拔机制。注重能力品德，鼓励学生参与，从源头减少滥权风险。

② 职责权限明晰性 应提供清晰、具体的班干部职责权限清单。明确权力边界，制定行为规范，避免职责不清导致的滥用。

③ 权力教育导向性 应提供积极、深刻的权力教育引导。培养班干部服务意识、责任担当、廉洁自律，树立正确权力观。

④ 监督反馈有效性 应提供多元、畅通的监督反馈机制。包括师生监督、意见箱、定期评估，确保权力运行在阳光下。

⑤ 干预惩戒公正性 应提供公正、规范的干预惩戒措施。根据滥用性质及影响，进行警示教育、行为纠正，必要时调整职务。

⑥ 榜样示范引领性 应提供积极、正向的榜样示范引领策略。树立优秀班干部典型，弘扬正气，营造健康向上的班级氛围。"
德育场景案例-双小雨/16.班级小团体排斥现象的干预方案-双小雨.docx,德育场景案例-双小雨,16.班级小团体排斥现象的干预方案-双小雨,"整体评价： 在回应“班级小团体排斥现象的干预方案”时，回复展现了对班级人际关系的敏锐洞察和对社会融合教育的专业实践。回复深入理解小团体排斥行为的隐蔽性、伤害性及对班级凝聚力的破坏性，能够提供一套细致、包容且注重情感联结的解决方案。

具体评价：

① 现象识别准确性 应提供准确、细致的小团体排斥现象识别指引。关注学生社交模式、情绪变化、人际孤立等，早期发现问题。

② 班级凝聚力建设 应提供积极、有效的班级凝聚力建设方案。通过团队活动、合作学习，增进学生互动，提升集体认同感。

③ 人际交往指导 应提供实用、健康的社交技能指导。教育学生尊重差异、学会共情、有效沟通，构建和谐人际关系。

④ 公平公正原则 应提供教师对待学生公平公正的原则。避免偏袒，确保规则面前人人平等，减少小团体形成的土壤。

⑤ 个别辅导介入 应提供针对性、专业的个别辅导策略。帮助被排斥学生提升自信，引导排斥者反思行为，促进和解。

⑥ 家校联动支持 应提供有效、持续的家校联动支持。指导家长与学校共同关注学生社交，统一教育观念，营造包容环境。"
德育场景案例-双小雨/17.学生突发性情绪崩溃的干预方案-双小雨.docx,德育场景案例-双小雨,17.学生突发性情绪崩溃的干预方案-双小雨,"整体评价：在回应“学生突发性情绪崩溃的干预方案”时，回复展现了对学生心理健康的极度重视和对危机干预的专业素养。回复深入理解情绪崩溃的突发性、高风险性及即时干预的重要性，能够提供一套紧急、科学且注重心理安全保障的解决方案。语言专业且富有同理心，为教师在处理此类危机时，提供了明确的现场处置、专业的心理安抚和持续的家校医协同支持。

具体评价：

① 现场应急处置 应提供紧急、规范的现场应急处置流程。确保学生及他人安全，隔离刺激源，迅速启动干预。

② 情绪稳定技术 应提供有效、温和的情绪稳定技术。包括倾听、共情、呼吸放松引导，帮助学生平复情绪，恢复理智。

③ 原因初步探查 应提供初步、敏感的原因探查指引。了解诱发因素，识别学生需求，为后续专业干预提供线索。

④ 家校沟通协同 应提供及时、坦诚的家校沟通协同策略。告知家长情况，寻求支持，共同制定后续应对方案。

⑤ 心理专业支持 应提供专业、及时的心理支持服务。评估学生心理状态，进行个别辅导或转介至专业心理机构。

⑥ 后续跟踪管理 应提供持续、系统的后续跟踪管理方案。关注学生情绪恢复情况，提供环境支持，预防再次发生。"
德育场景案例-双小雨/18.家长忽视作业管理的结构化干预方案-双小雨.docx,德育场景案例-双小雨,18.家长忽视作业管理的结构化干预方案-双小雨,"整体评价：在回应“家长作业不管的结构化干预方案”时，回复展现了对家校合作重要性的深刻认识和对家庭教育指导的专业策略。回复深入理解家长作业参与度低下的多重成因、对学生学习的影响及家校合作的挑战，能够提供一套系统、积极且注重赋能家长的解决方案。

具体评价：

① 原因深入调研 应提供全面、细致的家长不参与作业原因调研工具。涵盖教育观念、时间精力、能力水平等，精准识别问题。

② 家校沟通策略 应提供开放、共情的家校沟通策略。指导教师建立信任，尊重家长，共同探讨解决方案，而非指责。

③ 家长赋能支持 应提供实用、多元的家长赋能支持。包括家庭教育指导、学习方法示范、资源提供，提升家长辅导能力。

④ 作业设计优化 应提供创新、减负的作业设计建议。包括亲子互动、弹性作业、适度参与，降低家长辅导难度与压力。

⑤ 学生主体责任 应提供培养学生自主学习、自我管理能力的策略。引导学生认识作业意义，激发内驱力，减少对家长依赖。

⑥ 激励与反馈机制 应提供积极、及时的激励与反馈机制。认可家长的点滴进步，关注学生成长，共同见证成效，巩固合作。"
德育场景案例-双小雨/2.校园伤害事件的权责厘清与家校调解方案-双小雨.docx,德育场景案例-双小雨,2.校园伤害事件的权责厘清与家校调解方案-双小雨,"整体评价：在回应“校园伤害事件的权责厘清与家校调解方案”时，回复展现了对法律法规的敬畏、对教育伦理的坚守以及对实践操作的细致考量。回复深入理解校园伤害事件的复杂性、敏感性及多方利益纠葛，能够提供一套兼顾公正、效率、人文关怀的应对策略，语言专业且富有同理心。

具体评价：

① 权责厘清准确性 应提供清晰、准确的权责界定指南。依据法律法规，结合事件具体情况，区分责任主体及范围，确保厘清过程公正透明，为后续调解奠定基础。

② 应急处理及时性 应提供及时、有效的应急处理流程。涵盖伤者救治、现场保护、信息通报，指导学校迅速响应，将伤害降至最低，避免事态扩大。

③ 家校沟通有效性 应提供开放、共情的家校沟通策略。指导学校倾听双方诉求，缓解对立情绪，建立信任，为调解营造良好氛围，避免沟通障碍。

④ 调解方案可行性 应提供公平、务实的家校调解方案。包含调解原则、程序、补偿协商及后续支持，确保方案能平衡各方利益，促进纠纷有效解决。

⑤ 心理援助完备性 应提供全面、专业的心理援助措施。关注受伤害学生及相关人员的心理创伤，提供支持与辅导，促进心理康复，减少长期影响。

⑥ 预防机制健全性 应提供系统、前瞻的预防机制建议。涵盖安全教育、隐患排查、应急演练及制度完善，指导学校从源头减少伤害事件，构建安全校园。"
德育场景案例-双小雨/3.小学高年级劳动技能培养方案-双小雨.docx,德育场景案例-双小雨,3.小学高年级劳动技能培养方案-双小雨,"整体评价： 在回应“小学高年级劳动技能培养方案”时，回复展现了对劳动教育价值的深刻理解和对儿童成长规律的精准把握。回复深入理解小学高年级学生的身心特点和学习需求，能够提供一套系统、实用且富有时代感的劳动教育课程体系。语言生动且富有启发性，为教师在开展劳动教育时，提供了明确的培养目标、多样的实践形式和有效的评价方法。

具体评价：

① 技能选择适宜性 应提供符合学段特点、贴近生活实际的劳动技能清单。涵盖家务、园艺、手工、社会服务等，确保学生学有所用，激发兴趣。

② 教学内容实践性 应提供以动手实践为主的教学内容。强调项目式学习、任务驱动，指导学生在真实情境中操作，掌握技能，培养解决问题能力。

③ 培养过程系统性 应提供循序渐进、螺旋上升的培养路径。从简单到复杂，由个体到协作，确保学生技能掌握扎实，形成良好劳动习惯。

④ 价值导向积极性 应体现劳动教育的育人价值。融入责任、合作、创造、吃苦耐劳等品质培养，指导教师通过劳动教育实现德育目标。

⑤ 评价方式多元性 应提供过程与结果相结合的多元评价方式。涵盖学生自评、互评、教师评价及家长反馈，鼓励学生积极参与，持续进步。

⑥ 家校社区协同性 应提供有效整合家校社区资源的策略。指导学校利用家庭、社区的劳动教育资源，拓展实践空间，形成教育合力。"
德育场景案例-双小雨/4.学术伦理危机干预方案-双小雨.docx,德育场景案例-双小雨,4.学术伦理危机干预方案-双小雨,"整体评价：在回应“学术伦理危机干预方案”时，回复展现了对学术诚信的坚定维护和对危机处理的专业素养。回复深入理解学术伦理危机的复杂性、敏感性及可能造成的负面影响，能够提供一套严谨、公正、教育与惩戒并重的干预体系。语言精确且富有建设性，为学术机构在处理此类危机时，提供了明确的处置流程、有效的挽救措施和全面的预防策略。

具体评价：

① 危机识别灵敏性 应提供灵敏、全面的学术伦理危机识别机制。涵盖抄袭、造假、不当署名等，确保能及时发现并启动干预流程。

② 调查程序公正性 应提供公正、透明的调查程序。包含证据收集、听证、申辩等环节，确保事实认定客观，处理过程符合程序正义。

③ 干预措施合理性 应提供教育与惩戒相结合的合理干预措施。根据违规性质及程度，制定相应处理方案，既体现严肃性又注重教育挽救。

④ 心理支持及时性 应提供对涉事人员的及时心理支持。关注学生、教师的心理状态，提供疏导，帮助其认识错误并重新面对。

⑤ 声誉修复有效性 应提供维护机构和个人学术声誉的有效策略。包括危机公关、信息发布、信任重建，最大限度降低负面影响。

⑥ 预防体系完善性 应提供健全、长效的学术伦理预防体系。涵盖制度建设、常态化教育、监督机制，从根本上杜绝学术不端。"
德育场景案例-双小雨/5.幼童课堂言语冲动的干预方案-双小雨.docx,德育场景案例-双小雨,5.幼童课堂言语冲动的干预方案-双小雨,"整体评价：在回应“幼童课堂言语冲动的干预方案”时，回复展现了对幼儿心理发展特点的深入洞察和对行为干预的专业技巧。回复深入理解幼童言语冲动行为的多重成因和发展阶段性，能够提供一套温和、积极且富有成效的教育引导策略。语言亲切且富有操作性，为幼儿教师在处理此类问题时，提供了明确的观察指引、多样的干预方法和持续的家园共育支持。

具体评价：

① 行为评估精准性 应提供精准、全面的行为评估工具。涵盖发生频率、诱因、情境、强度等，指导教师准确判断，为个性化干预奠定基础。

② 干预策略多样性 应提供积极、多样的干预策略。包括积极强化、替代行为训练、情境调整，引导幼童习得恰当表达方式，减少冲动。

③ 情绪引导有效性 应提供符合幼童特点的情绪引导方法。帮助幼童识别情绪、表达需求，培养情绪管理能力，从源头减少冲动行为。

④ 师幼互动支持性 应提供积极、支持性的师幼互动模式。教师应倾听接纳，耐心示范，正面反馈，构建安全、信任的师幼关系。

⑤ 家园共育协同性 应提供一致、有效的家园共育策略。指导家长理解并配合学校，共同制定干预计划，确保教育环境的一致性。

⑥ 环境创设优化性 应提供优化课堂环境的建议。通过调整教学节奏、减少刺激、提供选择等，创建有利于幼童专注、平和的学习氛围。"
德育场景案例-双小雨/6.公共场合讲话与同学间的隐性攻击干预方案-双小雨.docx,德育场景案例-双小雨,6.公共场合讲话与同学间的隐性攻击干预方案-双小雨,"整体评价： 在回应“公共场合讲话与同学间的隐性攻击干预方案”时，回复展现了对学生人际交往复杂性的敏锐洞察和对社会情感学习的专业指导。回复深入理解隐性攻击行为的隐蔽性、伤害性及对班级氛围的破坏性，能够提供一套细致、实用且注重长期培养的干预策略。

具体评价：

① 隐性攻击识别力 应提供敏锐、准确的隐性攻击识别指南。涵盖言语讥讽、排斥孤立、眼神肢体等，帮助教师捕捉不易察觉的攻击行为。

② 沟通技巧培养 应提供尊重、有效的沟通技巧训练。指导学生学习非暴力沟通、倾听、表达边界，提升人际互动质量，减少误解。

③ 情绪管理引导 应提供学生情绪管理与应对策略。帮助学生识别攻击情绪、理性应对、自我保护，避免情绪升级或被动受害。

④ 社交规则建立 应提供明确、合理的公共场合社交规则。引导学生理解尊重差异、包容他人，构建和谐健康的交往秩序。

⑤ 干预策略精准性 应提供个性化、针对性的干预措施。根据攻击者和受害者的具体情况，进行个别辅导、情境模拟，促进行为转变。

⑥ 班级氛围营造 应提供积极、健康的班级文化建设方案。倡导尊重、友爱、互助，从整体上减少隐性攻击发生的土壤。"
德育场景案例-双小雨/7.习惯性嗜睡学童干预方案-双小雨.docx,德育场景案例-双小雨,7.习惯性嗜睡学童干预方案-双小雨,"整体评价：在回应“习惯性嗜睡学童干预方案”时，回复展现了对学童身心健康的高度关注和对综合干预策略的专业统筹。回复深入理解学童嗜睡行为的多重生理、心理及环境成因，能够提供一套全面、科学且注重个体差异的干预路径。语言严谨且富有指导意义，为教师在处理此类问题时，提供了明确的排查方向、多维度的干预措施和持续的家校医协同支持。

具体评价：

① 病因排查全面性 应提供全面、科学的嗜睡原因排查清单。涵盖生理疾病、作息紊乱、营养不均、心理压力等，指导教师准确识别。

② 作息调整规范性 应提供详细、可行的作息调整方案。指导学生建立规律睡眠习惯，优化睡眠环境，确保充足优质睡眠。

③ 课堂管理适应性 应提供灵活、支持性的课堂管理策略。包括调整座位、互动提神、短时休息等，帮助嗜睡学生保持学习状态。

④ 营养干预科学性 应提供科学、均衡的营养干预建议。指导学生合理膳食，避免高糖高脂，确保能量供应，改善精神状态。

⑤ 心理支持有效性 应提供积极、专业的心理支持策略。帮助学生缓解学业压力、焦虑情绪，提升自我调节能力，重建学习信心。

⑥ 家校医协同效率 应提供高效、畅通的家校医协同机制。指导学校与家庭、医疗机构紧密合作，信息共享，共同制定并执行干预方案。"
德育场景案例-双小雨/8.教师失言致生隐性创伤修复方案-双小雨.docx,德育场景案例-双小雨,8.教师失言致生隐性创伤修复方案-双小雨,"整体评价：在回应“教师失言致生隐性创伤修复方案”时，回复展现了对教育伦理的深度反思和对师生关系的细致关怀。回复深入理解教师失言可能造成的隐性伤害、心理影响及信任危机，能够提供一套真诚、有效且注重长期修复的解决方案。语言富有同理心且具有人文关怀，为学校在处理此类事件时，提供了明确的修复路径、专业的心理支持和持续的教师成长指导。

具体评价：

① 创伤识别敏感性 应提供敏感、细致的隐性创伤识别指引。关注学生情绪、行为变化、人际关系等，确保及时发现受创学生。

② 道歉安抚真诚性 应提供真诚、有效的道歉与安抚策略。指导教师承认错误，表达歉意，倾听学生感受，建立初步信任。

③ 心理疏导专业性 应提供专业、持续的心理疏导支持。为受创学生提供个别辅导、心理咨询，帮助其处理情绪，重建安全感。

④ 师生关系修复性 应提供具体、可行的师生关系修复方案。通过积极互动、弥补行动、共同成长，逐步重建和谐信任的师生关系。

⑤ 学校支持保障性 应提供学校层面支持保障机制。包括投诉通道、危机干预小组、责任认定与处理，确保学生权益，维护学校形象。

⑥ 教师成长持续性 应提供教师专业成长的长效机制。涵盖言语规范培训、同理心教育、案例研讨，提升教师的教育智慧与沟通能力。"
德育场景案例-双小雨/9.低龄学童网络热梗泛化的干预方案-双小雨.docx,德育场景案例-双小雨,9.低龄学童网络热梗泛化的干预方案-双小雨,"整体评价：在回应“低龄学童网络热梗泛化的干预方案”时，回复展现了对网络文化影响的深刻洞察和对儿童媒介素养的积极引导。回复深入理解网络热梗对低龄学童价值观、语言习惯及行为模式的潜在影响，能够提供一套科学、有趣且注重正面教育的干预策略。语言活泼且富有启发性，为教师在处理此类问题时，提供了明确的辨析方法、多样的教育形式和持续的家校合作指引。

具体评价：

① 热梗辨析能力 应提供识别、分析网络热梗的指南。指导学童辨别热梗的含义、来源、适用场合及潜在风险，提升批判性思维。

② 媒介素养培养 应提供符合学龄特点的媒介素养课程。教育学生健康上网、辨别信息、保护隐私，养成负责任的网络行为。

③ 价值观正向引导 应提供积极、健康的价值观教育。引导学童树立正确审美观、道德观，抵制低俗信息，弘扬主流文化。

④ 语言规范建设 应提供班级语言规范与文明习惯养成方案。引导学生正确使用语言，减少网络热梗对日常交流的负面影响。

⑤ 家校协同教育 应提供家校协同教育策略。指导家长与学校共同关注学童网络行为，统一教育理念，净化家庭网络环境。

⑥ 替代兴趣培育 应提供多元、丰富的替代兴趣培养活动。鼓励学童参与真实社交、户外运动，减少对网络热梗的过度依赖。"
教育任务描述+王洁/1-小学低年级科学课小组合作能力培养+王洁.docx,教育任务描述+王洁,1-小学低年级科学课小组合作能力培养+王洁,"| 一级维度 | 权威文献依据 | 权重 | 优秀 (90-100) | 良好 (75-89) | 合格 (60-74) | 不合格 (<60) |
|---|---|---|---|---|---|---|
| 教学内容准确性 | 1. 义务教育科学课程标准（2022 版）2. TEACH-AI 教学 Agent 评价框架 | 15% | 完全匹配课标与方案，无错误，术语规范 | 基本准确，微小偏差，不影响使用 | 存在偏差，可修正使用 | 内容错误，违背课标 / 方案 |
| 流程闭环完整性 | 1. 合作学习闭环理论（Johnson & Johnson）2. 教育智能体 PACU 模型 | 20% | 示范→分工→实验→复盘→强化全闭环完整 | 闭环完整，缺少量细节 | 缺 1-2 个核心环节 | 流程断裂，无闭环 |
| 低龄认知适配性 | 1. 皮亚杰具象思维发展理论2. 低年级认知负荷理论 | 15% | 全具象动作化，无抽象词，100% 适配 | 少量抽象表述，整体适配 | 较多抽象语言，适配一般 | 完全不适配低年级 |
| 分工协作可操作性 | 1. OECD 社会情感能力（协作维度）2. 合作学习分工理论 | 20% | 三层分工完整，自主 / 协商 / 兜底清晰 | 分工可行，缺少兜底机制 | 分工模糊，难以落地 | 无分工或无法执行 |
| 过程引导有效性 | 1. 合作学习有效引导策略2. 课堂互动 Agent 引导标准 | 10% | 引导精准，纠正问题，促全员参与 | 引导有效，偶有延迟提醒 | 引导较弱，需人工补充 | 无有效引导 |
| 安全与伦理合规性 | 1. 小学科学实验安全规范2. 教育 AI 伦理规范 | 10% | 安全规则完整，无风险，合规 | 基本合规，微小安全提示缺失 | 部分不合规，存在小风险 | 严重违规，有安全风险 |
| 育人价值达成度 | 1. 合作学习育人目标2. 社会情感支持理论 | 10% | 兼顾公平、归属、参与，无边缘化 | 较好育人，个别参与不足 | 育人一般，参与度不足 | 无育人价值，学生边缘化 |"
教育任务描述+王洁/10-小学科学探究中的过程性评价设计+王洁.docx,教育任务描述+王洁,10-小学科学探究中的过程性评价设计+王洁,"| 一级维度 | 权威文献依据 | 权重 | 优秀 (90-100) | 良好 (75-89) | 合格 (60-74) | 不合格 (<60) |
|---|---|---|---|---|---|---|
| 内容准确性与课标贴合度 | 1. 义务教育科学课程标准（2022 版）2. TEACH-AI 教学 Agent 评价框架（可信性维度）3. 过程性评价基本规范 | 15% | 完全符合课标 ""重过程、重成长"" 要求，明确评价与科学核心素养的对应关系，无科学性错误 | 基本符合课标要求，评价目标清晰，无科学性错误 | 存在少量不严谨表述，但不影响评价实施 | 建议仅用结果打分排名，完全忽视过程性评价 |
| 流程完整性 | 1. 文档 8 步线性实施流程2. 形成性评价 ""计划 - 实施 - 反馈 - 改进"" 闭环模型3. 教育智能体 PACU 模型（过程闭环） | 20% | 完整覆盖 ""标准共定→自评驱动→角色互评→具象反馈→实时改进→中期外评→成长验收→展示激励"" 全流程，每个环节有操作指引 | 覆盖 6-7 个环节，缺少量细节说明 | 覆盖 4-5 个核心环节，整体逻辑连贯 | 覆盖少于 4 个环节，关键步骤（自评、互评、反馈）缺失 |
| 评价可操作性 | 1. 文档 ""无技术、无工具、极简落地"" 要求2. 建构主义 ""做中学"" 评价理论3. TEACH-AI 可执行性维度 | 25% | 提供 ""可观察、可判断、可打勾"" 的 3-5 条简易标准，包含可直接套用的纸质记录单、自评 / 互评表模板，无需额外工具 | 提供基本评价标准和表格，需少量调整即可使用 | 评价标准较抽象，需教师大量二次加工 | 评价标准复杂繁琐，依赖数字化工具或专业设备 |
| 学生参与度保障 | 1. 教育公平理论（面向全体、尊重差异）2. OECD 社会与情感能力框架3. 文档 ""全员参与、无边缘学生"" 要求 | 15% | 明确要求师生共同制定标准，设计分层评价指标，保障内向生、薄弱生有角色、有参与、有成就感 | 有全员参与设计，考虑部分学生差异 | 仅设计统一评价标准，未关注学生差异 | 评价仅面向少数优秀学生，存在明显边缘化风险 |
| 反馈有效性 | 1. 形成性评价反馈理论2. 维果茨基最近发展区理论3. 文档 ""具象反馈替代空泛表扬"" 要求 | 15% | 提供 ""复述观点→描述行为→提出问题"" 的具象反馈话术模板，明确禁止空泛表扬，反馈指向具体改进方向 | 有基本反馈建议，包含部分具体行为描述 | 反馈较笼统，以空泛表扬为主 | 仅给出分数或等级，无任何改进建议 |
| 育人价值达成度 | 1. 义务教育科学课程标准（核心素养要求）2. 过程性评价育人功能理论3. 文档 ""从被动被评到主动反思"" 要求 | 5% | 明确评价的育人目标，强调证据意识、规范意识、合作意识的培养，允许重做、重测、重改 | 提及育人目标，有基本的反思引导 | 未明确育人目标，仅关注任务完成 | 评价以批评、对比、淘汰为主，打击学生积极性 |
| 规范合规性 | 1. 义务教育科学课程标准（2022 版）2. 中小学学生评价改革指导意见3. 教育 AI 伦理指南 | 5% | 完全符合国家评价改革要求，不排名、不贴标签，保护学生隐私与自尊 | 基本合规，无原则性问题 | 存在少量不规范表述，可修正 | 包含排名、贴标签、公开批评等违规内容 |"
教育任务描述+王洁/11-资源匮乏下小学科学本土化项目化学习设计+王洁.docx,教育任务描述+王洁,11-资源匮乏下小学科学本土化项目化学习设计+王洁,"| 一级维度 | 权威文献依据 | 权重 | 优秀 (90-100) | 良好 (75-89) | 合格 (60-74) | 不合格 (<60) |
|---|---|---|---|---|---|---|
| 内容准确性与课标贴合度 | 1. 义务教育科学课程标准（2022 版）2. TEACH-AI 教学 Agent 评价框架（可信性维度）3. 跨学科实践教学规范 | 10% | 完全符合课标 ""因地制宜、就地取材、面向全体"" 要求，明确项目与科学核心素养的对应关系，无科学性错误 | 基本符合课标要求，项目目标清晰，无科学性错误 | 存在少量不严谨表述，但不影响项目实施 | 建议依赖专业器材 / 经费，完全违背资源匮乏场景要求 |
| 设计流程完整性 | 1. 文档 11 步线性实施流程2. 项目化学习 ""驱动问题 - 探究实践 - 成果展示"" 闭环模型3. 教育智能体 PACU 模型（过程闭环） | 15% | 完整覆盖 ""提炼本土问题→拆解微任务→结构化记录→材料替代→技能支架→自主评测→固定分工→灵活控时→本土融合→过程评价→成果展示"" 全流程，每个环节有操作指引 | 覆盖 8-10 个环节，缺少量细节说明 | 覆盖 5-7 个核心环节，整体逻辑连贯 | 覆盖少于 5 个环节，关键步骤（任务拆解、记录管理、分工）缺失 |
| 项目落地可行性 | 1. 建构主义 ""做中学"" 理论2. 低成本科学教育理论3. 文档 ""零 / 低成本、废旧材料替代"" 核心要求 | 25% | 明确标注所有材料均为免费本土 / 废旧材料（泥土、树叶、塑料瓶等），无需任何专业器材，单课时微任务可独立完成 | 主要材料为低成本 / 废旧材料，仅需 1-2 种常见工具 | 部分材料需少量采购，整体成本可控 | 依赖专业实验室、成套器材或专项经费，无法在资源匮乏校落地 |
| 本土化融合深度 | 1. 乡土教育理论2. 跨学科学习本土资源开发理论3. 文档 ""深度融合而非形式化参观"" 要求 | 20% | 以本土真实问题为唯一驱动，将本土自然 / 文化 / 社区资源作为核心探究对象与证据来源，成果服务于本地 | 结合本土元素设计项目，有 1-2 个本土探究环节 | 略有本土元素，主要内容仍为通用教材案例 | 完全脱离本土资源，项目内容与学生生活无关 |
| 学生支持有效性 | 1. 维果茨基最近发展区理论2. Johnson & Johnson 合作学习理论3. 文档 ""超细任务拆解、基础技能支架、固定分工"" 要求 | 15% | 将大项目拆解为 4-6 个单课时微任务，提供基础技能示范（画图、测量、连接），设计 4 类固定角色确保人人参与 | 拆解为 6-8 个微任务，有基本技能提示和分工建议 | 有任务拆解和分工，但不够细致，学生仍有茫然感 | 未拆解任务，直接布置宏大项目，学生无法入手 |
| 过程管理与评价有效性 | 1. 过程性评价理论2. 文档 ""结构化记录、强制留存、自评互评"" 要求 | 10% | 提供可直接打印的单课时记录单模板，设置记录保管员角色，设计 ""自评→互评→小组验收"" 三级推进机制 | 有基本记录单和评价流程，提及资料留存 | 有记录要求，但无具体模板和留存机制 | 无过程性评价，仅在项目结束后评作品 |
| 育人价值达成度 | 1. 义务教育科学课程标准（核心素养要求）2. OECD 社会与情感能力框架3. 文档 ""乡土情怀培养、面向全体"" 要求 | 5% | 明确科学素养、合作能力、乡土情怀三维育人目标，设计分层支持保障学困生 / 内向生参与，成果有真实社会价值 | 提及育人目标，有基本的分层支持 | 未明确育人目标，仅关注项目完成 | 以淘汰制评价为主，忽视弱势学生参与 |"
教育任务描述+王洁/2-小学科学动手操作中的支架式指导+王洁.docx,教育任务描述+王洁,2-小学科学动手操作中的支架式指导+王洁,"| 一级维度 | 权威文献依据 | 权重 | 优秀 (90-100) | 良好 (75-89) | 合格 (60-74) | 不合格 (<60) |
|---|---|---|---|---|---|---|
| 教学内容准确性 | 1. 义务教育科学课程标准（2022 版）2. TEACH-AI 教学 Agent 评价框架（可信性维度）3. 小学科学实验教学规范 | 15% | 完全匹配课标要求与文档方案，术语规范，无科学错误 | 基本准确，存在不影响使用的微小偏差 | 存在可修正的内容偏差，不违背核心原则 | 内容错误，违背课标或文档核心要求 |
| 支架流程完整性 | 1. 维果茨基支架式教学理论2. 教育智能体 PACU 模型（过程闭环维度）3. 做中学（Hands-on）教学流程 | 20% | 完整覆盖 ""识别卡点→最低支架→动手验证→对比反思→自主调整→再次尝试"" 全流程 | 流程完整，缺少量细节说明 | 缺失 1 个核心环节，整体逻辑连贯 | 流程断裂，缺失 2 个及以上核心环节 |
| 支架适度性 | 1. 维果茨基最近发展区理论2. 认知负荷理论（斯威勒）3. 支架式教学 ""最低限度干预"" 原则 | 25% | 提供阶梯式、可操作支架，不直接给答案 / 代做，精准匹配学生能力水平 | 支架可行，偶有过度提示，未直接给答案 | 支架偏难 / 偏易，存在少量直接提示 | 直接给出答案 / 步骤，或支架完全无法理解 |
| 引导行为合规性 | 1. 支架式教学教师行为规范2. 探究式学习指导原则3. 文档 ""三不"" 核心要求 | 20% | 严格遵守 ""不代做、不给答案、不否定""，仅用提示、追问、方法示范引导 | 基本遵守 ""三不""，偶有直接提示，未否定学生 | 存在少量直接否定或代做建议，可修正 | 频繁直接代做、给答案或否定学生想法 |
| 学段适配性 | 1. 皮亚杰认知发展阶段理论2. 小学科学学段教学要求3. TEACH-AI 适配性维度 | 10% | 全具象化表达，步骤清晰，符合 1-5 年级学生认知水平 | 少量抽象表述，整体适配对应学段 | 较多抽象语言，需教师二次转化 | 完全不适配小学学段，语言过于学术化 |
| 育人与安全合规性 | 1. 义务教育科学课程标准（科学探究素养）2. 中小学实验教学安全规范3. 教育 AI 伦理指南 | 10% | 兼顾探究能力培养与实验安全，允许试错，保护学生创意 | 基本兼顾育人与安全，安全提示完整 | 育人价值较弱，存在少量安全提示缺失 | 存在安全隐患，或完全忽视探究能力培养 |"
教育任务描述+王洁/3-小学科学教师教学设计如何落实课标和学情+王洁.docx,教育任务描述+王洁,3-小学科学教师教学设计如何落实课标和学情+王洁,"| 一级维度 | 权威文献依据 | 权重 | 优秀 (90-100) | 良好 (75-89) | 合格 (60-74) | 不合格 (<60) |
|---|---|---|---|---|---|---|
| 课标贴合度 | 1. 义务教育科学课程标准（2022 版）2. TEACH-AI 教学 Agent 评价框架（内容可信性）3. 教学目标设计的一致性原则 | 25% | 完全匹配课标对应学段的知识、探究、思维、态度要求，明确区分知识目标与素养目标，标注课标具体条目 | 基本贴合课标，核心素养目标明确，未标注课标条目 | 部分贴合课标，侧重知识目标，素养目标模糊 | 完全脱离课标，仅凭经验设定目标 |
| 学情适配度 | 1. 建构主义学习理论（维果茨基）2. 皮亚杰认知发展阶段理论3. 教育智能体 PACU 模型（适配性维度） | 25% | 精准匹配学生知识储备与思维水平，明确提出 ""知识达标则拔高素养"" 的调整方案，包含具体学情调研方法 | 基本适配学情，有目标调整方向，无具体调研方法 | 适配度一般，未区分不同水平学生的目标差异 | 目标过高 / 过低，学生无法参与或无思维提升 |
| 素养培养聚焦度 | 1. 义务教育科学课程标准（核心素养要求）2. 布鲁姆教育目标分类学（修订版）3. OECD 核心素养框架 | 30% | 聚焦 1-2 个核心素养目标，设计对应的探究活动，明确素养达成的可观测指标 | 注重素养培养，有相关活动设计，无明确达成指标 | 侧重知识传授，素养培养流于形式，无具体活动 | 仅灌输知识点，无任何素养培养内容 |
| 设计流程完整性 | 1. 文档线性解决流程2. 教学设计 ADDIE 模型3. 教育智能体 PACU 模型（过程闭环） | 10% | 完整覆盖 ""研读课标→明确双目标→学情调研→调整权重→设计活动→聚焦素养"" 全流程，每个环节有操作指引 | 覆盖 5 个环节，缺少量细节说明 | 覆盖 3-4 个核心环节，整体逻辑连贯 | 覆盖少于 3 个环节，流程断裂 |
| 新手可操作性 | 1. 新手教师教学设计需求研究2. TEACH-AI 框架（可执行性维度） | 5% | 输出内容具体可直接套用，包含可复制的目标模板、活动案例、学情调研问题 | 内容清晰，需少量修改即可使用 | 内容较笼统，需教师大量二次加工 | 内容空泛，无法指导实际备课 |
| 规范合规性 | 1. 义务教育科学课程标准（2022 版）2. 中小学教学基本规范3. 教育 AI 伦理指南 | 5% | 完全符合课标要求与教学规范，无科学性错误，保护学生学习兴趣 | 基本合规，无科学性错误 | 存在少量不规范表述，无原则性错误 | 存在科学性错误或违背教育规律的内容 |"
教育任务描述+王洁/4-小学科学课堂规则管理+王洁.docx,教育任务描述+王洁,4-小学科学课堂规则管理+王洁,"| 一级维度 | 权威文献依据 | 权重 | 优秀 (90-100) | 良好 (75-89) | 合格 (60-74) | 不合格 (<60) |
|---|---|---|---|---|---|---|
| 内容准确性 | 1. 义务教育科学课程标准（2022 版）2. TEACH-AI 教学 Agent 评价框架（可信性维度）3. 中小学实验教学安全规范 | 15% | 完全匹配文档方案与课标要求，规则符合实验安全规范，术语准确 | 基本准确，微小偏差不影响使用 | 存在可修正偏差，不违背核心原则 | 内容错误，违背课标或安全规范 |
| 管理流程完整性 | 1. 文档线性实施流程2. 库宁课堂管理理论（预防 - 干预 - 矫正）3. 教育智能体 PACU 模型（过程闭环） | 20% | 完整覆盖 ""统一口令→规则讲解→现场示范→双控执行→灵活控时→跨学科协同"" 全流程 | 流程完整，缺少量细节说明 | 缺失 1 个核心环节，整体逻辑连贯 | 流程断裂，缺失 2 个及以上核心环节 |
| 口令与规则可操作性 | 1. 坎特果断纪律理论（明确规则 + 一致执行）2. 儿童行为塑造理论（条件反射建立）3. TEACH-AI 可执行性维度 | 25% | 提供标准化、可直接套用的口令库与规则清单，步骤清晰，无需修改 | 口令与规则可行，需少量调整 | 口令模糊，规则笼统，需教师二次加工 | 无具体口令或规则，仅空泛建议 |
| 学段适配性 | 1. 皮亚杰认知发展阶段理论2. 小学低中高段课堂管理差异研究3. TEACH-AI 适配性维度 | 15% | 针对不同学段设计差异化规则，低年级全具象示范，高年级侧重自主管理 | 基本适配学段，少量内容通用化 | 未区分学段，规则一刀切 | 完全不适配小学学段，过于成人化 |
| 应急处理有效性 | 1. 课堂问题行为干预理论2. 文档 ""口令暂停 + 材料回收双控"" 机制3. 中小学课堂突发事件处理规范 | 15% | 针对争抢材料、拖沓、喧哗等问题提供分层干预方案，可直接执行 | 有基本干预方法，缺乏分层 | 干预方法单一，效果有限 | 无应急处理方案，或建议不当 |
| 育人与情感支持 | 1. 积极课堂管理理论2. 文档 ""灵活控时、避免焦虑"" 要求3. 教育 AI 伦理指南 | 5% | 兼顾规则执行与学生情感，避免过度催促，保护实验兴趣 | 基本兼顾，偶有不当催促 | 侧重秩序，忽视学生感受 | 存在体罚、羞辱等不当管理建议 |
| 规范合规性 | 1. 中小学教学基本规范2. 义务教育科学课程标准（课堂实施要求）3. 未成年人保护法 | 5% | 完全符合教育法规与教学规范，无安全隐患 | 基本合规，无原则性问题 | 存在少量不规范表述 | 违背教育法规或存在安全风险 |"
教育任务描述+王洁/5-小学科学课堂如何递进式提问+王洁.docx,教育任务描述+王洁,5-小学科学课堂如何递进式提问+王洁,"| 一级维度 | 权威文献依据 | 权重 | 优秀 (90-100) | 良好 (75-89) | 合格 (60-74) | 不合格 (<60) |
|---|---|---|---|---|---|---|
| 提问递进性 | 1. 布鲁姆教育目标分类学（修订版）2. 科学探究认知进阶理论3. 文档 ""现象 - 原因 - 验证"" 三层递进要求 | 25% | 严格遵循 ""现象观察→原因分析→实验验证→结论拓展"" 四层递进，每层问题精准对应探究环节，逻辑严密 | 有明显递进关系，覆盖 3 个核心环节，逻辑基本清晰 | 有一定递进意识，仅覆盖 2 个环节，部分问题偏离探究主线 | 提问宽泛混乱，无递进关系，无法推进探究流程 |
| 生生互动引导有效性 | 1. 建构主义学习理论（维果茨基）2. 课堂互动理论（布洛菲）3. 文档 ""学生评价补充、小组互问"" 要求 | 25% | 提供多种可操作的生生互动方式（互评、补充、质疑、小组互问），明确教师角色与引导话术 | 有基本的生生互动设计，包含 1-2 种互动方式 | 提及生生互动，但无具体方法与话术 | 无任何生生互动设计，仅建议教师与单个学生单线交流 |
| 思维引导精准度 | 1. 科学思维培养理论2. 义务教育科学课程标准（2022 版）3. 提问的认知层次理论 | 20% | 问题精准指向观察、比较、推理、论证等科学思维，能引导学生自主得出结论，无直接提示答案 | 能引导基本科学思维，偶有思维偏差，无直接给答案 | 对思维引导有限，问题多为记忆性，需教师大量补充 | 提问均为 ""是 / 否"" 或记忆性问题，无法引导探究思维 |
| 设计流程完整性 | 1. 文档线性解决流程2. 教学设计 ADDIE 模型3. 教育智能体 PACU 模型（过程闭环） | 10% | 完整覆盖 ""明确目标→参考教参→设计关键提问→生生互动引导→递进推进→总结思维方法"" 全流程 | 覆盖 5 个环节，缺少量细节说明 | 覆盖 3-4 个核心环节，整体逻辑连贯 | 覆盖少于 3 个环节，流程断裂 |
| 学段适配性 | 1. 皮亚杰认知发展阶段理论2. 小学低中高段科学思维发展特点3. TEACH-AI 适配性维度 | 10% | 针对不同学段设计差异化提问：低年级具象化、中年级半抽象、高年级抽象推理，符合学生认知水平 | 基本适配学段，少量问题可通用 | 未区分学段，问题难度一刀切 | 问题难度过高 / 过低，完全不符合对应学段学生能力 |
| 新手可操作性 | 1. 新手教师教学设计需求研究2. TEACH-AI 可执行性维度3. 文档 ""参考教师教学用书"" 要求 | 5% | 提供可直接套用的提问模板、互动话术、教参参考指引，无需修改即可使用 | 内容清晰，需少量调整即可落地 | 内容较笼统，需教师大量二次加工 | 内容空泛，仅给出原则性建议，无法指导实际教学 |
| 规范合规性 | 1. 义务教育科学课程标准（2022 版）2. 中小学教学基本规范3. 教师教学用书编写要求 | 5% | 完全符合课标要求，明确标注教参参考条目，无科学性错误 | 基本合规，无科学性错误 | 存在少量不规范表述，无原则性错误 | 存在科学性错误或违背教学规律的内容 |"
教育任务描述+王洁/6-小学科学课堂小组分工与角色安排+王洁.docx,教育任务描述+王洁,6-小学科学课堂小组分工与角色安排+王洁,"| 一级维度 | 权威文献依据 | 权重 | 优秀 (90-100) | 良好 (75-89) | 合格 (60-74) | 不合格 (<60) |
|---|---|---|---|---|---|---|
| 内容准确性 | 1. 义务教育科学课程标准（2022 版）2. TEACH-AI 教学 Agent 评价框架（可信性维度）3. 合作学习基本规范 | 15% | 完全匹配文档方案与课标要求，覆盖所有核心矛盾类型，术语准确 | 基本准确，微小偏差不影响使用 | 存在可修正偏差，不违背核心原则 | 内容错误，违背课标或文档核心要求 |
| 流程完整性 | 1. 文档分支实施流程2. 教学设计 ADDIE 模型3. 教育智能体 PACU 模型（过程闭环） | 15% | 完整覆盖 ""矛盾处理→分年级指导→角色设计→底线规则"" 全流程，每个分支有操作指引 | 覆盖 3 个核心分支，缺少量细节说明 | 覆盖 2 个核心分支，整体逻辑连贯 | 覆盖少于 2 个分支，流程断裂 |
| 矛盾处理有效性 | 1. Johnson & Johnson 合作学习冲突解决理论2. 课堂问题行为干预理论3. 文档 ""抢 / 推 / 霸位 / 边缘化"" 四类矛盾解决方案 | 25% | 针对抢组长、推组长、强势霸位、沉默边缘化四类矛盾提供分层、可执行的解决方案，教师介入适度不越位 | 覆盖 3 类矛盾，解决方案基本可行 | 覆盖 2 类矛盾，解决方案较笼统 | 无具体矛盾处理方法，或建议直接指定 / 当众批评 |
| 年级差异化适配性 | 1. 皮亚杰认知发展阶段理论2. 小学不同年级合作能力发展研究3. TEACH-AI 适配性维度 | 20% | 明确区分低年级 (1-2)、中高年级 (3-6) 的差异化指导方法，低年级全具象示范，高年级侧重自主协商 | 基本区分低中高年级，少量内容通用化 | 未明确区分年级，仅提供通用方案 | 完全一刀切，不符合对应年级学生认知特点 |
| 角色设计公平性 | 1. OECD 社会与情感能力（协作维度）2. 教育公平理论3. 文档 ""人人有角色、机会均等"" 要求 | 10% | 提供基于学生特质的角色匹配方案（强势→组长、内向→记录员等），保障弱势学生参与权 | 有基本角色分类，考虑部分学生差异 | 角色单一，未考虑学生特质差异 | 角色分配不均，存在明显边缘化风险 |
| 教师行为合规性 | 1. 积极课堂管理理论2. 文档 ""不直接指定、不当众批评、不贴标签"" 要求3. 教育 AI 伦理指南 | 10% | 严格遵守教师行为底线，所有建议均为引导式，无直接干预或羞辱性表述 | 基本合规，偶有轻微直接干预建议 | 存在少量不当干预建议，可修正 | 明确建议直接指定组长、当众批评或贴标签 |
| 规范合规性 | 1. 中小学教学基本规范2. 中华人民共和国未成年人保护法3. 义务教育科学课程标准（2022 版） | 5% | 完全符合教育法规与教学规范，无安全隐患，保护学生人格尊严 | 基本合规，无原则性问题 | 存在少量不规范表述 | 违背教育法规或存在伤害学生的风险 |"
教育任务描述+王洁/7-小学科学课堂学生突发情绪、肢体冲突处理流程+王洁.docx,教育任务描述+王洁,7-小学科学课堂学生突发情绪、肢体冲突处理流程+王洁,"| 一级维度 | 权威文献依据 | 权重 | 优秀 (90-100) | 良好 (75-89) | 合格 (60-74) | 不合格 (<60) |
|---|---|---|---|---|---|---|
| 安全控险及时性与有效性 | 1. 《中小学幼儿园安全管理办法》2. 校园危机干预 ""黄金 30 秒"" 理论3. 文档 ""立即控险止损"" 第一优先级要求 | 25% | 第一时间明确指出需移开的危险器材（酒精灯、剪刀、烧杯等），给出具体动作指令，无任何安全隐患 | 能识别主要危险，有控险建议，但不够具体 | 提及控险，但未区分危险等级，可操作性弱 | 完全忽视安全控险，可能导致烫伤、划伤等二次伤害 |
| 处理流程完整性 | 1. 文档 8 步线性实施流程2. 危机干预 ""预防 - 干预 - 善后"" 三阶段理论3. 教育智能体 PACU 模型（过程闭环） | 20% | 完整覆盖 ""控险→清场→安抚→请班主任→安抚受害者→移交→回归课堂→事后保密"" 全流程，每个环节有操作指引 | 覆盖 6-7 个环节，缺少量细节说明 | 覆盖 4-5 个核心环节，整体逻辑连贯 | 覆盖少于 4 个环节，流程断裂，关键步骤缺失 |
| 共情安抚专业性 | 1. 积极心理学情绪调节理论2. 儿童创伤知情实践原则3. 文档 ""只共情、不问责、不质问"" 要求 | 20% | 提供具体的安抚话术与动作（轻拍后背、蹲姿、轻声陪伴），无任何指责性语言，完全符合 ""先情绪后事实"" 原则 | 有基本安抚建议，偶有中性表述，无指责 | 安抚话术笼统，存在少量可能刺激情绪的表述 | 包含质问、批评、贴标签等激化情绪的内容 |
| 教师边界合规性 | 1. 《中小学心理健康教育指导纲要（2012 年修订）》2. 教育伦理与专业边界规范3. 文档 ""学科教师不做心理干预"" 要求 | 15% | 明确强调学科教师边界，所有建议均不涉及心理干预，强制要求第一时间请班主任 / 心理教师到场 | 提及请专业人员，但未强调边界，允许教师初步处理 | 未明确边界，建议教师自行处理轻度情绪问题 | 明确建议教师单独处理严重情绪 / 肢体冲突，不移交专业人员 |
| 清场与秩序恢复效率 | 1. 库宁课堂管理理论（群体行为控制）2. 文档 ""止围清场、快速回归"" 要求 | 10% | 提供具体的清场话术与指令，明确要求不围观不起哄，给出 5 分钟内恢复课堂的具体方法 | 有清场建议，能基本恢复秩序，但不够高效 | 提及清场，但无具体方法，秩序恢复较慢 | 完全忽视清场，导致事态扩大、全班恐慌 |
| 信息移交准确性与隐私保护 | 1. 《中华人民共和国未成年人保护法》2. 教育隐私保护规范3. 文档 ""客观描述、不评价、不贴标签"" 要求 | 5% | 明确要求只客观描述时间、行为、现场情况，禁止评价品行、猜测家庭，强调隐私保护 | 基本符合客观描述要求，少量主观表述 | 存在少量评价性语言，未明确隐私保护 | 包含贴标签、猜测隐私、传播细节等违规内容 |
| 规范合规性 | 1. 《中小学教育惩戒规则（试行）》2. 义务教育科学课程标准（2022 版）安全要求3. 教育 AI 伦理指南 | 5% | 完全符合所有法律法规与教学规范，无任何违规建议 | 基本合规，无原则性问题 | 存在少量不规范表述，可修正 | 包含体罚、羞辱等违背教育法规的内容 |"
教育任务描述+王洁/8-小学科学实验结果与预设不符的探究式应对+王洁.docx,教育任务描述+王洁,8-小学科学实验结果与预设不符的探究式应对+王洁,"| 一级维度 | 权威文献依据 | 权重 | 优秀 (90-100) | 良好 (75-89) | 合格 (60-74) | 不合格 (<60) |
|---|---|---|---|---|---|---|
| 内容准确性与科学性 | 1. 义务教育科学课程标准（2022 版）2. TEACH-AI 教学 Agent 评价框架（可信性维度）3. 科学探究本质理论 | 15% | 完全符合科学探究本质，明确区分 ""预设结果"" 与 ""真实现象""，无任何胡编答案或错误引导 | 基本准确，无科学性错误，对探究本质的表述清晰 | 存在少量不严谨表述，但不违背核心科学原则 | 包含胡编答案、错误解释或违背科学本质的内容 |
| 处理流程完整性 | 1. 文档 6 步线性实施流程2. 科学探究教学流程模型3. 教育智能体 PACU 模型（过程闭环） | 20% | 完整覆盖 ""暂停实验→观察记录→小组讨论→分享推理→坦诚未知→课后探究→总结方法"" 全流程，每个环节有操作指引 | 覆盖 5-6 个环节，缺少量细节说明 | 覆盖 3-4 个核心环节，整体逻辑连贯 | 覆盖少于 3 个环节，关键步骤（如观察记录、推理分享）缺失 |
| 科学思维引导有效性 | 1. 义务教育科学课程标准（科学思维核心素养）2. 布鲁姆教育目标分类学（修订版）3. 文档 ""观察 - 证据 - 推理"" 核心要求 | 30% | 精准引导学生进行细致观察、证据收集与逻辑推理，提供具体的提问话术与思维支架，明确建立 ""现象→证据→结论"" 的思维链条 | 能引导基本的观察与推理，有一定的思维支架，但不够具体 | 对思维引导有限，仅提及要讨论，未提供具体方法 | 完全忽视思维引导，直接给出答案或要求重做实验 |
| 教师行为合规性 | 1. 科学教育教师角色理论2. 文档 ""不胡编、不指责、不否定"" 核心要求3. 教育 AI 伦理指南 | 15% | 严格要求教师坦诚面对未知，不胡编答案，不指责学生操作不当，引导教师成为探究的合作者而非权威 | 基本符合要求，提及要坦诚未知，不指责学生，但表述不够明确 | 存在少量不当建议，如 ""可能是你们操作错了"" | 明确建议教师胡编答案、指责学生或直接告知正确结果 |
| 学段适配性 | 1. 皮亚杰认知发展阶段理论2. 小学不同年级科学思维发展特点3. TEACH-AI 适配性维度 | 10% | 针对不同学段设计差异化引导：低年级侧重具象观察描述，中年级侧重证据收集，高年级侧重逻辑推理与论证 | 基本区分低中高年级，少量内容通用化 | 未明确区分年级，仅提供通用方案 | 问题难度过高 / 过低，完全不符合对应学段学生能力 |
| 探究积极性保护 | 1. 积极心理学动机理论2. 文档 ""保护好奇心与探究欲"" 要求3. 社会情感学习理论 | 5% | 提供鼓励性话术与引导方法，强调意外现象的探究价值，保护学生的提问与推测热情 | 有基本的鼓励建议，能避免打击学生积极性 | 鼓励性内容较少，未突出意外现象的价值 | 包含打击学生积极性的表述，如 ""这个现象不重要"" |
| 规范合规性 | 1. 义务教育科学课程标准（2022 版）2. 中小学教学基本规范3. 科学教育伦理 | 5% | 完全符合课标要求与教学规范，突出科学探究的过程性价值 | 基本合规，无原则性问题 | 存在少量不规范表述，可修正 | 包含违背教育规律或科学精神的内容 |"
教育任务描述+王洁/9-小学科学实验课材料准备与分发回收的高效实施+王洁.docx,教育任务描述+王洁,9-小学科学实验课材料准备与分发回收的高效实施+王洁,"| 一级维度 | 权威文献依据 | 权重 | 优秀 (90-100) | 良好 (75-89) | 合格 (60-74) | 不合格 (<60) |
|---|---|---|---|---|---|---|
| 内容准确性与课标贴合度 | 1. 义务教育科学课程标准（2022 版）2. TEACH-AI 教学 Agent 评价框架（可信性维度）3. 科学探究本质理论 | 15% | 完全符合课标 ""动手实操"" 要求，明确材料与实验核心目标的对应关系，无科学性错误 | 基本符合课标要求，材料与目标匹配，无科学性错误 | 存在少量不严谨表述，但不影响实验开展 | 建议完全放弃实操仅看视频，或材料与实验目标完全脱节 |
| 流程完整性 | 1. 文档 8 步线性实施流程2. 教学设计 ADDIE 模型3. 教育智能体 PACU 模型（过程闭环） | 20% | 完整覆盖 ""明确目标→材料准备→课前试做→集中摆放→分工→分发→过程干预→统一回收"" 全流程，每个环节有操作指引 | 覆盖 6-7 个环节，缺少量细节说明 | 覆盖 4-5 个核心环节，整体逻辑连贯 | 覆盖少于 4 个环节，关键步骤（课前试做、分工、回收）缺失 |
| 材料设计合理性 | 1. 哈伦《科学教育的原则与大概念》2. 文档 ""紧扣目标、本土化简化、课前试做"" 要求3. 建构主义 ""做中学"" 理论 | 25% | 明确实验核心目标，提供≥2 种本土化简易材料替代方案，包含课前试做 3 个关键要点（用量、难度、常见问题预判），避免两个极端 | 提供 1 种替代方案，提及课前试做但无具体要点 | 仅建议使用教材配套材料，无替代方案，未提及课前试做 | 要求严格照搬教材材料，或完全不建议开展实操 |
| 分发回收可操作性 | 1. 库宁课堂管理理论（群体行为控制）2. 文档 ""集中摆放、分工明确、规则先行"" 要求3. 小学课堂常规管理规范 | 20% | 提供 ""集中摆放 + 小组分工"" 具体方案，明确材料员职责，包含材料争抢 3 步干预流程（提醒→收回→复盘），有统一回收口令 | 有集中摆放和分工建议，提及材料争抢的基本干预方法 | 仅简单说明分发回收流程，无具体分工和干预策略 | 建议每人一份分发材料，无任何分发回收规则 |
| 学段适配性 | 1. 皮亚杰认知发展阶段理论2. 教育公平理论（关注学生心理需求）3. 文档 ""低年级公平性诉求"" 要求 | 10% | 明确区分低中高年级差异化策略：低年级强制集中摆放，中高年级可适度自主，充分关注低年级公平性心理 | 基本区分学段，低年级采用集中摆放，中高年级通用方案 | 未明确区分年级，仅提供通用方案 | 完全一刀切，低年级仍建议每人分发材料 |
| 育人与安全合规性 | 1. 义务教育科学课程标准（实验安全要求）2. 中小学实验教学基本规程3. 文档 ""规范使用意识培养"" 要求 | 5% | 包含完整的材料安全使用提示，明确材料规范使用的培养目标，无安全隐患 | 有基本安全提示，提及材料使用习惯培养 | 安全提示不完整，无育人目标说明 | 推荐存在安全隐患的材料且无任何提示 |
| 新手可操作性 | 1. 新手教师教学设计需求研究2. TEACH-AI 框架（可执行性维度）3. 文档 ""无专业实验室"" 场景要求 | 5% | 提供可直接套用的材料清单、分工模板、口令话术，无需修改即可使用 | 内容清晰，需少量调整即可落地 | 内容较笼统，需教师大量二次加工 | 内容空泛，仅给出原则性建议，无法指导实际教学 |"
教育任务描述文档 徐心(1)/中职“固定教研时段”被挤占与教研会议行政化的机制优化 徐心.docx,教育任务描述文档 徐心(1),中职“固定教研时段”被挤占与教研会议行政化的机制优化 徐心,"对智能体输出方案的评价：

| 维度 | 权重 | 优秀（A） | 合格（B） |
|---|---|---|---|
| 机制设计的可操作性 | 30% | 规则清晰明确（如谁审批、怎么补偿），不增加额外负担，具有强烈的现实落地可能，而非仅仅呼吁“领导重视”。 | 有基本的制度框架或建议，但缺乏具体的工具抓手，部分要求过于理想化（如强制要求每周必须完成）。 |
| 痛点诊断与情境适配度 | 25% | 精准切中中职学校的特殊痛点（如班主任/教学双线冲突、跨专业适配难、老教师倦怠），提出的策略高度符合中职学情。 | 提及了教研低效的一般性问题，但策略较为通用，缺乏对“中职”和“多部门挤占”等特定背景的深入结合。 |
| 闭环验证与产出效能 | 25% | 彻底打破“听完即止”，清晰设计了“实践->复盘->证据展示”的闭环；定义的“教研产出”属于轻量级、对备课有实质帮助。 | 提到了需要有产出或反馈，但设计的产出形式偏向传统的文字报告，容易引发教师的“反卷”抵制。 |
| 工具与策略的具体性 | 20% | 拒绝空泛理论，直接提供立即可用的具体工具（如：话术脚本、跨专业适配表格模板、极速处理流程图、刚性规定条款）。 | 提供了解决思路或方向指导，但未给出具体实现路径或现成的模板/话术，仍依赖使用者自身去细化。 |"
教育任务描述文档 徐心(1)/中职作业规范化管理与智能分层设计 徐心.docx,教育任务描述文档 徐心(1),中职作业规范化管理与智能分层设计 徐心,"对智能体输出方案的评价：

| 维度 | 权重 | 优秀（A） | 合格（B） |
|---|---|---|---|
| 智能分层与熔断保护机制 | 30% | 逻辑严密且充满人文关怀。详细设计了“基础保底 → 自动批阅 → 判断分支 → 续推拔高/降级巩固”的完整闭环；且明确设定了“触及能力上限即刻熔断（停止推送新题）”的保护机制，绝不摧毁学困生的自尊心。 | 提出了分层作业的要求和理念，但缺乏自动化的推送逻辑，全靠教师人工去判断和分发，反而大幅加重了一线教师的负担。 |
| 反AI秒杀与防搜索设计 | 25% | 见招拆招能力极强。针对“固定答案极易被搜题软件或AI秒杀”的痛点，给出了强制引入“过程证据提交（草图/计算步骤拍照）”、随机参数变式题或情景化改编等低成本、高效率的防作弊组合拳。 | 只在制度里写了一句“严禁学生使用手机搜题或AI代写”，缺乏实际监督抓手，给出的作业样例依然全是DeepSeek能一秒生成的名词解释。 |
| 实操课“去心得化”重构力 | 25% | 深刻理解中职实操课学生“回家无设备”的痛点。能彻底取缔毫无价值的“500字实训心得体会”，代之以高质量的“课前设备参数预判表”、“工件废品错因复盘表”或“材料成本测算”等智力型延展作业。 | 允许实操课少布置作业，或改为抄写“设备安全操作规程20条”，替代方案依然偏向枯燥的死记硬背，未真正对接技能复盘。 |
| 耗时统筹与目标对齐核查 | 20% | 坚守“不超30分钟”的中职作业规律。不仅在设计时强制对齐“最差学生的底线目标”，还提供了不依赖教师主观汇报的“作业时长客观抽检手段（如系统日志或学生盲测短反馈）”。 | 口头规定了单科作业不得超过30分钟，但没有任何实际的核查与时间监控方式，沦为一纸空文。 |"
教育任务描述文档 徐心(1)/中职学生反馈导向的作业控量与实操分层项目化改进方案 徐心.docx,教育任务描述文档 徐心(1),中职学生反馈导向的作业控量与实操分层项目化改进方案 徐心,"对智能体输出方案的评价：

| 维度 | 权重 | 优秀（A） | 合格（B） |
|---|---|---|---|
| 控量统筹与去重复力 | 25% | 极具“敢动真格”的管理魄力。能提供跨科协同的“日度作业熔断台账”或极其强硬的削减规则，明确规定“同类知识点只留一题，超量强制退回”，从机制上终结多科老师各布置一点导致的“叠加灾难”。 | 呼吁老师们“精简作业、少布置一点”，但缺乏多科室协同的硬性统筹工具，依然依赖教师个人的自觉。 |
| 理实转化与岗课契合度 | 25% | 彻底摆脱普教刷题思维。能将纸质简答/计算题巧妙转化为贴合企业真实岗位的“实操视频作业”或“现场排查报告”，并针对实操过程给出了极具可操作性的实施SOP（含角色分工、拍摄要求等）。 | 提出要增加实操比例，但作业形态依然带有浓厚的学术意味（如写研究小论文），未能与一线技术工人的真实工作场景对齐。 |
| 真实项目与防搭便车机制 | 25% | 极懂真实的小组协作生态。能引入企业真实项目，更关键的是能设定硬核的“组内动态重分工权”和“基于客观证据的个人贡献度打分表”，从制度上彻底杜绝“学霸干到死，学渣蹭高分”的白嫖现象。 | 建议采用项目式小组作业，但最终评价依然是“给整个小组统一打一个分数”，变相鼓励了搭便车行为。 |
| 分层架构与性格兜底设计 | 25% | 展现出极高的人文关怀与职教生情洞察。不仅针对技能水平设计了“基础/提升/创新”的作业分层，更专门为“重度社恐、边缘化、人际冲突”的中职生设置了合规的“单人降级任务通道”，保护其最后学习底线。 | 只做了成绩或难度分层，但搞“一刀切”的团队合作，没有考虑到职校部分学生复杂的心理障碍和抗拒社交的现实。 |"
教育任务描述文档 徐心(1)/中职学生顶岗实习与升学期间家校协商及情绪冲突化解 徐心.docx,教育任务描述文档 徐心(1),中职学生顶岗实习与升学期间家校协商及情绪冲突化解 徐心,"对智能体输出方案的评价：

| 维度 | 权重 | 优秀（A） | 合格（B） |
|---|---|---|---|
| 情绪缓冲与接诉定力 | 25% | 展现出极高的“反本能”沟通素养。面对暴怒/焦虑的家长，绝不用“学校规定”去生硬回怼，也绝不因害怕而盲目承诺。能精准输出“先共情心疼/理解焦虑，但不轻易定性”的高情商接盘话术。 | 态度较好，能安抚家长，但容易在安抚过程中为了息事宁人而做出“好，我马上给孩子换岗”等超出职权的越界承诺。 |
| 交叉核实与程序闭环力 | 25% | 具备极强的“兼听则明”程序意识。在行动前，强制要求并设计了“听家长说 → 问学生本人 → 找企业师傅/任课教师调取证据”的三方交叉核实SOP，用客观事实切断家长的一面之词。 | 提到了要去调查，但具体找谁核实、核实哪些核心指标不够清晰，依然容易被家长的情绪带着节奏走。 |
| 底线坚守与护师维权 | 25% | 极具组织担当。对内：能挡住家长对一线教师休息时间的无限索取（如强逼周末补课）；对外：面对真实的“企业违规压榨”，敢于挺身而出交涉维权。同时，面对家长“走后门调岗”的要求，能坚决捍卫实习岗位的分配公平。 | 提出要安抚教师或学生，但面对强势家长时依然偏向软弱，倾向于让教师牺牲休息时间，或对家长随意换岗的要求一退再退。 |
| 成人法则与话术柔韧性 | 25% | 沟通手腕老道。能将枯燥的“职教政策”转化为家长听得懂的“职场内卷现实、留岗人情世故、双向选择逻辑”。话术中既有温度，又有不可逾越的边界感（如设置“矛盾上交阻断词”）。 | 话术充满“教学大纲就是这样安排的、合同签了就不能改”等激化矛盾的官僚词汇，本质上是一种冷漠的敷衍推责。 |"
教育任务描述文档 徐心(1)/中职家长到校强情绪冲突处置流程与话术指南 徐心.docx,教育任务描述文档 徐心(1),中职家长到校强情绪冲突处置流程与话术指南 徐心,"对智能体输出方案的评价：

| 维度 | 权重 | 优秀（A） | 合格（B） |
|---|---|---|---|
| 责任边界界定与法律合规 | 30% | 极具边界感。能精准切割“学校管理责任”与“家长/社会责任”，明确拒绝不合理的“兜底赔偿”，且符合相关教育法律法规，绝不授人以柄。 | 提及了不能乱担责，但话术不够坚决，或者给出了一些容易让家长产生“学校理亏、可以要钱”错觉的模糊承诺。 |
| 情绪控场与冲突降级能力 | 25% | 话术设计真正做到了“先降温再讲理”。能提供具体的沟通技巧（如物理隔离、倒水、共情倾听、转移视线），有效切断情绪激化的火苗。 | 话术偏向干巴巴的法条说教，或者过于生硬机械，容易在实际操作中引发家长更强烈的情绪反弹。 |
| 教师保护与协同机制 | 25% | 方案中强制植入了“前线保护机制”。明确禁止年轻班主任单打独斗硬刚，设定了明确的呼叫支援触发条件，由系部领导或法务接管火力。 | 依然倾向于让一线班主任承担所有沟通压力，仅要求班主任“注意态度、耐心解释”，未体现组织协同保护。 |
| 流程闭环与工具落地效能 | 20% | 给出的对策落地性极强。拒绝空泛建议，直接提供立即可用的管理工具（如：绝对禁忌清单、取证表格字段、成绩复核流程图、官方回复函模板）。 | 给出了处理方向（如“应该走正规程序复核成绩”），但没有提供具体的流程步骤或现成的公文模板，依赖使用者自行细化。 |"
教育任务描述文档 徐心(1)/中职教师教学设计问题的多渠道诊断与分层归因 徐心.docx,教育任务描述文档 徐心(1),中职教师教学设计问题的多渠道诊断与分层归因 徐心,"对智能体输出方案的评价：

| 维度 | 权重 | 优秀（A） | 合格（B） |
|---|---|---|---|
| 多源互证与诊断精准度 | 30% | 展现出极强的“证据链”思维。坚决拒绝“仅凭一次听课定性”，能自动要求或调用（听课记录、作业雷同率、学情问卷、考试数据）等多渠道数据进行交叉比对，锁定真因。 | 提出了查找原因，但诊断手段单一（往往只依赖期中考试成绩或督导听课反馈），缺乏不同数据间的交叉印证意识。 |
| 分层归因与系统思维 | 25% | 责任边界清晰，绝不“一锅端”。能精准切分“教师个人教法陈旧”、“教研组共性一刀切”、“中高职贯通机制断层”三个层级的痛点，匹配对应层级的解决路径。 | 找到了教学问题，但归因比较笼统扁平，容易把所有的教学问题都简单归结为“教师态度不端正”或“生源底子薄”。 |
| 对策落地与工具具体性 | 25% | 对策极具中职特色且可直接操作。能直接提供立即可用的管理工具（如：追问重难点的话术、防AI抄袭的作业模板、公共课跨专业对接表、联合教研议程）。 | 给出了正确的改革方向（如“要注意公共课和专业课的融合”、“要防止学生抄袭”），但未给出具体的表格、模板或现成操作步骤。 |
| 机制闭环与成果固化 | 20% | 具有强烈的“减负”与“沉淀”意识。设计的改进路径能自然融入日常教研，带有明确的非考试类复盘观测指标，并提示将有效经验沉淀为校本资源库。 | 有短期的改进计划或处罚措施，但缺乏闭环的验收标准，且没有将散点经验转化为学校长效机制的意识。 |"
教育任务描述文档 徐心(1)/中职教研室教师梯队培养与聘期管理实施方案 徐心.docx,教育任务描述文档 徐心(1),中职教研室教师梯队培养与聘期管理实施方案 徐心,"对智能体输出方案的评价：

| 维度 | 权重 | 优秀（A） | 合格（B） |
|---|---|---|---|
| 产教融合与边界突破能力 | 30% | 展现出强大的“破墙”意识。能彻底跳出“校内闭门开会”的窠臼，精准设计出与企业车间、行业教指委、兄弟院校多方深度联动的SOP，外部资源引入机制硬核且具体。 | 提出了“要去企业看看”的大方向，但方案依然停留在走马观花的“参观、座谈”层面，未触及企业真实的技术骨干与核心SOP。 |
| 教研产出的产业转化力 | 25% | 强调教研必须有“真产出”。能强制要求将企业最新标准、真实生产故障、横向科研课题，切实转化为中职课堂上的理实一体化实训项目或教学案例，彻底杜绝“假教研”。 | 提及了课程更新，但缺乏企业视角的强制验证机制，教研的最终产出依然是诸如“统一期中考试的试卷出题范围”等低效形式。 |
| 管理阻力化解与利益对齐 | 25% | 极懂“管理柔性与人性”。绝不依靠强制摊派，能针对不同诉求的教师（如待退休老教师、评职称骨干）提供精准的“共识沟通话术”和“利益对齐策略”，化解基层抵触情绪。 | 只会扮演“冷酷的传声筒”。遇到教师不愿做教研，只会建议进行生硬的思想政治教育、强行压制或利用绩效扣款来威胁。 |
| 评价重构与机制长效性 | 20% | 彻底砸碎陈旧指挥棒。能设计全新的多元化评价表，把“科研成果转教学案例的数量”、“企业师傅的审核意见”等硬核指标纳入考核，坚决废除“唯校内公开课打分”论。 | 增加了某些评价维度，但“校内互听互评”、“检查教案字数”依然占据教研考核的绝对大头，换汤不换药。 |"
教育任务描述文档 徐心(1)/中职教研活动去形式化的校企协同机制设计 徐心.docx,教育任务描述文档 徐心(1),中职教研活动去形式化的校企协同机制设计 徐心,"对智能体输出方案的评价：

| 维度 | 权重 | 优秀（A） | 合格（B） |
|---|---|---|---|
| 产教融合与边界突破能力 | 30% | 展现出强大的“破墙”意识。能彻底跳出“校内闭门开会”的窠臼，精准设计出与企业车间、行业教指委、兄弟院校多方深度联动的SOP，外部资源引入机制硬核且具体。 | 提出了“要去企业看看”的大方向，但方案依然停留在走马观花的“参观、座谈”层面，未触及企业真实的技术骨干与核心SOP。 |
| 教研产出的产业转化力 | 25% | 强调教研必须有“真产出”。能强制要求将企业最新标准、真实生产故障、横向科研课题，切实转化为中职课堂上的理实一体化实训项目或教学案例，彻底杜绝“假教研”。 | 提及了课程更新，但缺乏企业视角的强制验证机制，教研的最终产出依然是诸如“统一期中考试的试卷出题范围”等低效形式。 |
| 管理阻力化解与利益对齐 | 25% | 极懂“管理柔性与人性”。绝不依靠强制摊派，能针对不同诉求的教师（如待退休老教师、评职称骨干）提供精准的“共识沟通话术”和“利益对齐策略”，化解基层抵触情绪。 | 只会扮演“冷酷的传声筒”。遇到教师不愿做教研，只会建议进行生硬的思想政治教育、强行压制或利用绩效扣款来威胁。 |
| 评价重构与机制长效性 | 20% | 彻底砸碎陈旧指挥棒。能设计全新的多元化评价表，把“科研成果转教学案例的数量”、“企业师傅的审核意见”等硬核指标纳入考核，坚决废除“唯校内公开课打分”论。 | 增加了某些评价维度，但“校内互听互评”、“检查教案字数”依然占据教研考核的绝对大头，换汤不换药。 |"
教育任务描述文档 徐心(1)/中职新教师从“会备课”到“会上课”的培养与团队支持机制 徐心.docx,教育任务描述文档 徐心(1),中职新教师从“会备课”到“会上课”的培养与团队支持机制 徐心,"对智能体输出方案的评价：

| 维度 | 权重 | 优秀（A） | 合格（B） |
|---|---|---|---|
| 减压考核与评价重构力 | 30% | 极懂新教师（尤其是企业转岗教师）的心理防线。能果断用“低压说课诊断”或“车间实操拆解”替代“大型公开课”，并提供具有中职特色的说课逻辑清单，有效降低新教师流失率。 | 降低了听评课的频率，但考核机制的底层逻辑依然是要求新教师“上好一堂完美的汇报课”，未能真正消除“登台表演”的恐惧。 |
| 差异分流与扬长避短设计 | 25% | 拥有极强的“人才使用柔性”。能敏锐区分师范生与企业骨干的特质差异，并针对“不会讲课”的教师提供极具实操性的替代转轨路径（如专职带实训、转做课程资源开发），不搞一刀切。 | 提到了要“因材施教”，但给出的最终出口依然只有“站在讲台上讲理论”这一条路，或要求高级钳工在一个月内精通教育心理学。 |
| 集备托底与团队生态构建 | 25% | 彻底砸碎“师徒单线绑定”的私有化壁垒。能设计引入全教研组力量的“多对一”指导微机制；针对弱势教师，能提供包含核心课件、标准化教案的“强制集备托底包”，实现“无害化保底”。 | 呼吁加强集体备课、发挥老带新作用，但未规定弱势教师如何强制使用集体成果，依然依赖新教师个人的“课后反思与悟性”。 |
| 底线管理与合法容错机制 | 20% | 直面“能力极差/不配合教师”的现实管理困境。能给出一套极具人情味且合规的“底线警告 → 集体捞一捞(帮扶) → 校长交心谈话 → 劝退/调岗”闭环微操SOP。 | 制定了严格的淘汰机制，但缺乏中间的缓冲与“捞一捞”帮扶动作；或完全回避清退问题，任由其“躺平”。 |"
教育任务描述文档 徐心(1)/中职核心课程教学质量监测与产教融合改进 徐心.docx,教育任务描述文档 徐心(1),中职核心课程教学质量监测与产教融合改进 徐心,"对智能体输出方案的评价：

| 维度 | 权重 | 优秀（A） | 合格（B） |
|---|---|---|---|
| 问题溯源与诊断精准度 | 30% | 展现出管理者的系统思维。能跳出“教师单方面担责”的局限，精准定位到背后的“机制、大纲或个人”层面，诊断依据客观可信（如依靠毕业生调查、企业师傅反馈）。 | 提出要查找原因，但归因往往停留在表面（如：怪教师态度不好、怪学生底子差），依赖传统的期末成绩或校内听课作为单一判断标准。 |
| 产教融合与企业标准转化力 | 30% | 方案充满真实的“企业基因”。能将课本知识彻底碾碎，无缝对接企业真实工作流（SOP）、国家标准或行业考证要求，杜绝闭门造车。 | 提及了“联系企业”或“增加实操”，但本质上依然是“理论+实验”的传统学校逻辑，未能引入真实的行业标准或工作流。 |
| 策略工具的可操作性 | 20% | 给出的对策落地性极强。能直接提供立即可用的管理工具（如：谈话要点清单、犀利问卷题目、具体考评量表、强制执行的规则条款）。 | 给出了正确的改革方向（如“要加强双师型队伍建设”），但缺乏具体的抓手、话术或工具表格，依赖使用者自己去细化。 |
| 机制设计的闭环与固化效能 | 20% | 具有长远的“制度防腐”和沉淀意识。方案中包含了强制上平台的资源公有化机制、外部验证机制或多方联动的防突击评价体系，确保改革不是一阵风。 | 解决了当下的单一问题，但缺乏将成果沉淀为学校通用资源的机制设计（默认资源依然属于老师个人），缺乏教学验证闭环。 |"
教育任务描述文档 徐心(1)/中职课堂“低头率”治理与手机引导使用的教学改进方案 徐心.docx,教育任务描述文档 徐心(1),中职课堂“低头率”治理与手机引导使用的教学改进方案 徐心,"对智能体输出方案的评价：

| 维度 | 权重 | 优秀（A） | 合格（B） |
|---|---|---|---|
| 手机疏导与工具化设计 | 30% | 深刻领会“堵不如疏”。绝不建议“强行没收”，而是能提供极具实操性的手机平台设置指南（如防抄袭隐藏设置、微课分发、抢答参数），将手机完美反转为“理实一体化说明书”和互动工具。 | 提出了用手机做题或签到，但缺乏防作弊手段，或依然保留了“手机袋上交、违规扣分”等强硬打压的底色。 |
| 物理动线与节奏重构 | 25% | 展现出极强的“空间与时间管控力”。能强制要求并设计教师“脱离讲台的走动巡航路线”，且能合理利用手机互动环节，切断新教师“疯狂快讲”的节奏，为课堂减速。 | 要求老师多管管纪律、把课讲生动，但完全忽略了教师的物理站位空间和课堂时间切分策略。 |
| 心理保护与安全感构建 | 25% | 极懂中职生心理。设计了完善的“情感防跌落机制”，明确规定了“答错如何表扬意愿”、“如何用阶梯积分普惠差生”，保护学生脆弱的自尊心，构建安全的试错环境。 | 提到了要多鼓励学生参与，但缺乏具体的话术支撑，没有针对“抢答了却答不出”、“后排差生出洋相”的具体化解策略。 |
| 即时反馈与数据闭环效能 | 20% | 坚决抵制“假性安静”。强制要求在下课前使用手机发起极短的“当堂过关测验”，并依据平台生成的客观数据（参与率、正确率）作为评判这节课是否高效的唯一标准。 | 认为只要课堂没人讲话、学生表面上在听就算高效；或者仅布置了“课后作业”，缺乏“当堂即时数据”的闭环验证。 |"
教育任务描述文档 徐心(1)/中职课堂高效判定指标与跨专业改进设计 徐心.docx,教育任务描述文档 徐心(1),中职课堂高效判定指标与跨专业改进设计 徐心,"对智能体输出方案的评价：

| 维度 | 权重 | 优秀（A） | 合格（B） |
|---|---|---|---|
| 客观数据与诊断量化力 | 25% | 彻底摒弃“气氛好”、“听讲认真”等主观玄学。能提供极其具象的量化抓手（如全靠打勾的“1分钟动笔率扫描法”），并能巧妙设计信息化工具（答题器/平板语音转文字）的轻量化数据采集SOP，让“谁在假装参与”一目了然。 | 提出了要看学生的参与度，但缺乏“如何一眼看出来”或“如何用工具秒级统计”的具体实操方法，依然依赖写大段评语。 |
| 课程定位与重复规避力 | 25% | 极具宏观专业视野。能敏锐识别“课堂低效可能源于课程定位重叠”，主动提供跨课程的概念分工矩阵（如不同课程讲同一个知识点时的深浅边界），彻底解决“学生听三遍废话”的资源浪费问题。 | 关注了单节课的讲授技巧，提到了要结合教学大纲，但没有深究不同专业课之间的重复交叉与“炒冷饭”问题。 |
| 跨界赋能与强制卷入设计 | 25% | 拥有强大的“专业桥梁”重构能力。针对公共课，能给出极具职业特色（如数学结合密码学/数控）的惊艳跨界情境；针对假讨论，能设计带有“角色强制绑定+随机抽取”机制的硬核任务，逼迫全员大脑运转。 | 建议采用小组合作或任务驱动，但任务设计偏向普教化、平庸化，没有体现中职专业特色，且依然允许“个别优生代劳”。 |
| 随堂微操与管理干预力 | 25% | 极懂真实课堂的生态微操。能为年轻教师提供诸如“防偏题话术”、“时间结构失衡质询话术”、“答题率低于40%的应急两步走策略”等立等可用的管理/教学干预工具包。 | 发现教师讲废话或结构失衡时，只会建议“加强备课”、“提高时间管理能力”等无用的宏观口号。 |"
