序号,题号,裁决,原审查意见,裁决理由
A001,hinge-question-designer__01,不需修改,题干要求“Distinguish evidence about reactants from evidence about cellular location; one answer cannot prove full understanding”，C1（F9）仅要求“explains the limits of inferring the source of an error”，未显式要求区分两类证据或说明单题局限；C4（F24）要求三个错误选项各针对不同误解，但未覆盖题干“区分反应物与位置证据”的特定要求。导致量规可能遗漏对题干核心约束的评分。,C1已区分inputs/location并要求合并时解释推断局限，C6要求后续核实；题面限制并未遗漏。
A002,hinge-question-designer__01,不需修改,题干明确要求“a guide on how to adjust my teaching based on their answers”，C8（F44）已列出具体行动步骤（如80%答对、某干扰项被多选、分叉结果）。但题干还要求针对“what each wrong answer tells me about their specific misunderstanding”，此部分由C7（F39）覆盖。问题在于C8未要求将调整建议与每个干扰项的具体误解直接对应，仅笼统提及“specific distractor”，可能遗漏题干“based on their answers”对不同错误答案的差异化指导。,C7解释各干扰项误解，C8按specific distractor及作答分布安排重教，二者共同覆盖诊断后行动。
A003,hinge-question-designer__01,不需修改,"题干要求“quick, multiple-choice checkpoint question”且“take less than two minutes”，C3（F19）已覆盖时间约束。但C1（F9）与C2（F14）未明确要求题干“quick”或“checkpoint”定位（如难度、格式简洁性），也未要求题干清晰说明“based on basics of photosynthesis”的范畴。C1仅要求“targets a clearly specified concept”，未涉及“quick”或“checkpoint”属性。",C3专门检查两分钟限制，无需C1和C2重复计时要求。
A004,hinge-question-designer__02,不需修改,题目要求提供“specific misconception each incorrect option reveals”，但C1-C9量规未要求每个错误选项对应特定错误概念，C6仅笼统要求“for each distractor”描述误解，且C9未将此列为显式约束，导致评分可能遗漏该明确要求。,C6原句就是For each distractor且要求explicitly describes grammatical misconception，意见否定了自己引用的证据。
A005,hinge-question-designer__02,不需修改,题目要求“instructions on what to do next based on the class's response patterns”，但量规C7仅要求“concrete adjustments for various outcome distributions”，未明确要求基于“response patterns”（如选项分布）给出后续指令，可能漏评。,C7明确按outcome distributions及popular distractors调整教学，与response patterns等义。
A006,hinge-question-designer__02,不需修改,题目明确要求“avoid borderline stylistic cases involving very short clauses”，但量规未提及此限制，C9仅泛化“explicit constraints”，若模型提供短句示例不会被扣分，违反显式约束。,C9明确覆盖显式交付约束；不能因没有逐字重复短句禁限就认定该限制失效。
A007,hinge-question-designer__02,不需修改,题目要求“four parallel options”，量规C2要求“comparable presentation and length”，但未明确“parallel”是否包括语法结构平行，可能导致评卷不一致。,C2明确写了语法正确性可不同、不要求identical grammatical form；误把呈现平行当成语法形式完全相同。
A008,hinge-question-designer__03,不需修改,问题明确要求‘four options’和‘correct answer’，但激活量规C1只评‘question stem’，C9仅检查整体事实错误，未明确要求必须包含四个选项及明确标注正确答案，导致缺少核心组件时仍可能获满分。,题目要求四选项，C2检查options，C9检查显式交付约束；缺四选项或答案不能满足完整交付。
A009,hinge-question-designer__03,不需修改,F2明确要求‘diagnostic key explaining the exact misconception each distractor targets’，且‘design rationale’要求说明为何distractors有效。量规C5、C6评诊断键，但C8 rationale仅提‘cognitive demand’，未明确要求包含distractor有效性论证，存在遗漏风险。,C8实际包含justifies why the distractors effectively isolate specific conceptual gaps，审查漏读。
A010,differentiation-adapter__01,不需修改,C5 criterion ID和名称与C4重复（均为'Objective Verification'），且F29内容实为数学答案核查，与C4描述重叠，造成双重要求不清晰，可能按同一维度重复扣分。,C4与C5的ID不同；前者核对保留运算目标，后者核算数值，名称相同不等于重复条目。
A011,differentiation-adapter__01,不需修改,C7（20分）为critical，其描述要求'无实质错误'并覆盖显式约束，但F40中'correct surrounding prose but a substantive contradictory answer fails'与C4/C5分别给分有矛盾——若C4/C5已给分，C7又按同一错误扣分，属重复惩罚。,C7是明确的整体实质正确性项，C4/C5是局部目标及计算项；分项得分与整体正确性同时评价不构成逻辑矛盾，不擅改原权重。
A012,differentiation-adapter__02,不需修改,问题明确要求“include the adapted task”，但F35只要求“substantively completes this task”，未明确要求必须输出适配后的任务文本，可能允许仅描述改动而不提供实际适配任务，导致未回应题目核心要求。,C1要求adapted task provides语言支持，C2保留科学任务和图示，C6检查完整交付；只有改动建议并不满足。
A013,motivation-diagnostic-task-redesign__01,不需修改,"题干明确要求'redesign this task to improve engagement without reducing the mathematical rigor'，C3也要求'provides a complete, detailed redesigned task'，但C6仅覆盖'factual, mathematical or logical error'和显式约束，未单独要求完整性，且C3的20分与C6的20分在'完整性'上职责重叠，导致若C3给满分但C6因'未提供完整任务'扣分，标准冲突。",C3评价重设计质量，C6检查完整交付和实质正确性；遗漏完整任务时C3也不应满分，假设的满分前提不成立。
A014,motivation-diagnostic-task-redesign__02,不需修改,F4 参考要求 redesign 需提供 clear rationale for each modification，但 C3（F19）仅要求 complete redesigned task，未单独评 rationale；C4（F24）只要求 links choices to problems，未要求逐项说明。可能遗漏对每个修改理由的评分维度。,C4要求把redesign choices关联到diagnosed problems，已覆盖修改理由，不必另列同义条目。
A015,motivation-diagnostic-task-redesign__02,不需修改,F2 明确要求 diagnose motivation problems，但所有 active criteria（F9/F14/F19/F24/F29/F35）均未设置独立维度评价诊断的准确性与全面性（C1 仅要求 identify multiple plausible problems，C2 只评 engagement 类型）。若诊断部分错误但其余正确，按现量规无法区分。,C1要求plausible且有concrete evidence，C6拒绝实质逻辑错误；并非只按诊断数量给分。
A016,motivation-diagnostic-task-redesign__02,不需修改,F2 要求 redesign 时 maintaining or increasing historical thinking rigor，C3（F19）虽提 rigor，但未明确如何判定“维持或增加”（如未定义 rigor 的具体指标）。C4（F24）也不涉及 rigor，导致该硬性要求可能无评分抓手。,C3括号明确列出analysis、evidence use、argumentation，历史思维严谨性已有判断内容。
A017,motivation-diagnostic-task-redesign__03,不需修改,C1要求“Identifies multiple plausible motivational problems”，但F2题干要求“diagnose the motivation problems”且F3仅提供现象，未给出诊断。若评分仅按“multiple”判定，而回答合理识别出1个但论证充分的诊断可能被扣分，与题干和参考（F4）允许合理等价回答不符。,C1要求提出多个有证据的可能障碍，而非多个确诊结论；综合动机诊断的覆盖要求并不与允许等价方法冲突。
A018,motivation-diagnostic-task-redesign__03,不需修改,C3要求“complete redesigned inquiry-based lab”，但题干（F2）未明确要求提供完整实验方案，仅要求“redesign this lab”。若评分将“complete”视为必需，会遗漏未提供完整方案但仅提出关键改进设计的合理回答，与参考（F4）强调“redesigned task”不一致。,用户要求redesign this lab，C3要求可使用的重设计任务，与只给原则性建议有实质差别，未强制无关完整教案。
A019,self-efficacy-builder-sequence__02,不需修改,"C1 要求识别特定障碍（如完美主义、社会比较），但 C3/C4 强制要求'similar peer, not a top achiever'，且 F4 参考说明明确'do not diagnose perfectionism or anxiety as established facts'。C1 将完美主义列为可接受的识别示例，与禁止诊断的约束显式冲突，评分时可能奖励违反参考说明的回答。",C1原文是evidence-linked hypotheses；将完美主义作为假设示例不等于断言临床诊断。
A020,self-efficacy-builder-sequence__02,不需修改,C3 和 C4 使用完全相同的 criterion 文本，但描述指向不同方面（C3 强调相似性而非顶尖者，C4 强调过程可见性）。两个不同评分条目针对同一维度导致重复计分，且 C3 的'not a top achiever'在 C4 中未出现，语义不一致。,C3评榜样与学习者的相关性，C4评过程是否可见，ID不同且两条均按是否采用同伴示范适用；名称相同不是重复计分证据。
A021,self-efficacy-builder-sequence__02,不需修改,C5、C6、C7 三个条目共享同一 criterion，但分别评任务数量、可达性、最终独立性。总分 16 分分配给同一维度，导致 4-6 个任务的数量要求被重复加权，而任务内容质量和渐进逻辑仅通过 C2（16分）评一次。,只有C5检查4—6任务，C6检查可达性，C7检查独立性，不存在三次检查任务数量。
A022,self-efficacy-builder-sequence__03,不需修改,C2和C3的criterion名称完全相同（'Sequence directly manages physiological anxiety state'），但描述不同，C2要求'low-pressure speaking opportunities with a pause/help route'，C3要求'Discuss a possible link'。两标准并列时名称重复，且C3的'讨论生理反应与回避的关联'不属于'管理焦虑状态'，导致评分混淆。,C2评支持措施，C3评条件性解释，两项实质不同；标题概括可改进，但不影响按ID和完整描述评分，保留原文。
A023,self-efficacy-builder-sequence__03,不需修改,C1（诊断）、C2/C3（生理焦虑）、C4-C6（任务递进）存在重叠：C1的'区分书面与口语能力'和C4的'从私人到公共'可能重复覆盖同一内容，而C2的'pause/help route'与C4的'first task'界限不清晰。无法确定是否会导致同一行为被多条标准重复计分。,诊断、暂停求助安排和任务递进分别对应不同证据；意见没有给出必须由同一行为重复满足的矛盾。
A024,self-efficacy-builder-sequence__03,不需修改,问题要求'four to six achievable tasks'（F2），但C4描述只要求'beginning with an agreed supported speaking attempt'，C5要求'each step builds on previous success'，C6要求'final task approaches spontaneous interaction'。没有标准明确检查任务数量是否在4-6个范围内，可能导致3个或7个任务也获满分。,C4原句明确Provides four to six tasks，数量要求没有遗漏。
A025,self-efficacy-builder-sequence__03,不需修改,问题要求'step-by-step approach'和'exactly what I should say at each stage'（F2），但C9和C10只覆盖'maintaining gains'和'responding to future difficulties'，没有标准检查反馈脚本是否针对每个任务提供。C8只评'verbal persuasion tied to evidence'，不要求脚本覆盖所有步骤。,题面明确each stage，C8检查teacher scripts，C11覆盖显式交付约束；不需要维护计划条目再重复脚本覆盖要求。
A026,backwards-design-unit-planner__02,不需修改,问题要求'sequenced learning plan'（3周）并指出'Addresses the diverse student profiles'，但C11（F60）只检查实质性错误、虚构证据和显式时限/安全/交付约束，未要求评分学习计划是否明确满足3周顺序和多样性。其他C7-C8只评'logically builds'和'incorporates resources/scaffolds'，未涵盖3周结构本身，导致遗漏题目明确要求。,C7评序列，C8评不同学生支架，C11评时限约束，合起来覆盖三周及多样性。
A027,backwards-design-unit-planner__02,不需修改,问题要求'Enduring understandings and essential questions'，但C1（F9）和C2（F14）分别评'understandings'和'essential questions'。若回答只给其中一个，另一标准不得分，但无标准评估两者同时存在。两个标准独立满分8，可同时得满但仅含一个类别。遗漏题目要求两者兼有。,C1和C2独立评分，少其中一个就不能两项均满分；意见所称仅含一个也能两项满分不成立。
A028,backwards-design-unit-planner__02,不需修改,问题要求'performance task requiring historical transfer and other evidence'，C5（F34）评'performance task'和'other evidence'但只提'specific success criteria'。C6（未在active_criteria列出，但F33-F34是C5）未明确'other evidence'的评分。F2中'other evidence'可能被C5覆盖，但描述未明确提及，无法确定是否遗漏。,意见混淆C5/C6编号；C5评迁移任务，C6评成功标准及分层，C9/C10核对目标与评估，题目额外交付受C11约束。
A029,lesson-builder__03,不需修改,量规C1要求R0约1.924，但题目未提供SIR参数数值，且要求说明增长率需结合代际间隔。参考F4给出了r=ln2/3和gamma=1/4，但题目仅给日发病率，未给出恢复率，C1未明确接受其他合理R0估计，可能过严。,题干明确指数分布感染期均值4天及S/N约1；恢复率1/4已由条件确定，非无依据固定R0。
A030,emergent-project-design-scaffold__03,不需修改,C11为唯一critical条目，但描述未明确如何扣分，也未列出安全约束（如F2中“不得拆解古董钟或弹簧机构”）的具体违反后果，可能使评分时忽略安全违规。,C11明示安全约束且critical，评分程序按实际条目处理；无需在每个描述中再次抄录禁止拆弹簧机构。
A031,emergent-project-design-scaffold__03,不需修改,C2和C3使用相同criterion名称，但C2要求至少4个provocations且每个含what/why/watch for/next steps，C3仅要求难度合适。若评分者合并两维度，可能重复扣分或遗漏C3独立要求。,C2检查挑战数量和组成，C3检查难度；按不同ID保存结果，不会因同名而合并。
A032,project-brief-designer__01,不需修改,问题要求“3-5个里程碑”，但F19和F24的标准分别只要求“3-5个里程碑”和“每个里程碑包含…”，没有显式设置下限。若一个回答只有3个里程碑，量规会得分；这符合问题要求，不构成矛盾。若回答含5个以上里程碑，量规未扣分。问题有明确上限，量规遗漏上限惩罚，可能实质影响判分。,3—5本身同时规定上下限，超过5个不满足C3；不是只检查下限。
A033,project-brief-designer__03,不需修改,F2要求'include ... an explicit instruction map'作为交付物，但C3仅评'Provides 3-5 milestones'且未检查指令地图是否存在。C4评里程碑内含指令点，但单独的指令地图若未与里程碑耦合则被遗漏，可能导致满足所有条目但缺明确指令地图仍得高分。,C6明确评价explicit instruction map及其时序，意见遗漏了激活条目。
A034,project-brief-designer__03,不需修改,F2明确要求'include ... assessment criteria'，且C5（F29）评'Assessment criteria are transparent and heavily prioritize...'。但F44（C8）要求'feasible within 6 weeks'且'requires mandatory reflection and revision cycles'，这两项是题目中'project will run for 6 weeks'和F2中'formative checks'的合理延伸，不构成矛盾。无问题。,审查意见自身结论为无问题，没有待修改的矛盾。
A035,spaced-practice-scheduler__02,不需修改,题目明确要求“Give every topic at least one retrieval opportunity in the final week before assessment”，但C2（F14）只要求高难度主题比低难度主题获得更多复习时段，未要求低难度主题在最后一周也有至少一次复习；C4（F24）虽覆盖此要求，但C2独立评分，可能因只评相对数量而忽略绝对覆盖，导致评分遗漏题目的明确要求。,C4专门覆盖考前一周全主题检索；C2评相对复习频率，维度分工不是遗漏。
A036,ruler-emotional-literacy-sequence__02,不需修改,C3要求“observable indicators of success for each step”，但题目未要求成功指标；同时C6作为关键标准包含“explicit constraints”，却未列出题目中“20-minute homeroom period”的时限约束，导致量规与题目显式要求冲突。,C3的可观察指标服务于可执行活动评估，不要求证明心理改善；20分钟由显式时限约束覆盖，未形成冲突。
A037,lesson-builder__cn01_01,不需修改,题目要求设计表征以解决‘循环’与‘条件判断’的混淆，但D1优秀标准仅说‘呈现核心特征’，未明确要求对比区分，可能使仅描述循环单一特征的回答得A，未回应对比要求。,D1准确呈现本题核心特征、D2无歧义覆盖循环与条件判断区别；仅讲循环而不解混淆不符合题意和D1。
A038,lesson-builder__cn01_04,不需修改,问题设定五年级学生不懂“赋值”抽象概念，但未给出具体年级与教学内容对应，且任务背景未明确“赋值”为该学段必学内容，无法判断是否属于合理假设。,给定教学情景不声称赋值是全国五年级必修；无需另造课程版本证明题目可答。
A039,lesson-builder__cn01_04,不需修改,题干要求“更具体的表征方式”，核心是提供具体实例，但D1“概念理解的深化”仅评价表征是否准确呈现核心特征，未要求给出具体示例，可能遗漏题目明确要求。,D1评价所设计表征、D2评价清晰性；题面已要求具体表征，抽象口号不能满足本题。
A040,lesson-builder__cn01_04,不需修改,题干强调“具体表征”，但D1优秀描述“准确呈现核心特征”未体现“具体”程度，合格描述“核心呈现不够突出”也未涉及是否具体，评分维度可能无法区分回答是否提供具体示例。,与上一意见重复；具体实例属于题面要求，准确性与具体呈现共同判定，不需每级重复同一词。
A041,lesson-builder__cn01_05,不需修改,问题仅陈述教师美术能力不足，未明确要求学生产出什么（如提供模板或设计方案）。结合情境可推断为设计可视化方案，但指令缺失可能导致回答方向不唯一。,这是教师求低门槛可视化方案，不是要求学生交作品；开放式咨询允许不同有效方案，不因没有唯一答案而不可答。
A042,lesson-builder__cn01_05,不需修改,量规仅评可视化清晰性、认知负荷、可操作性，未涉及教师美术能力不足的解决（如现成模板或低技能方案），导致回答若提供模板满足问题但按量规可能因不具原创可视化而低分。,D4明文不需复杂工具或大量准备，并无原创要求；现成合适模板可以满足。
A043,lesson-builder__cn01_06,采纳并已修正,D3优秀标准要求“由具体到较抽象…小步路径”，但题目只问“怎样逐步升级到更复杂的表征”，未明确要求具体到抽象的进阶方向。量规将此特定方向设为唯一优秀标准，可能遗漏其他合理的复杂化路径（如增加维度、情境化）。,采纳：由具体到抽象不是唯一进阶路线，应允许增加结构、情境或信息维度等有效路径。
A044,lesson-builder__cn01_06,不需修改,D3的A/B/C等级描述实质构成维度全部内容，但A要求“说明何时依据学生表现进阶、何时返回支架”，B仅说“部分依据或实施细节不足”，C说“未回应核心要求”。该维度权重25%，A的“何时依据表现进阶”属题目未明确要求的内容，却成为优秀必要条件，可能过度惩罚未提及此点的回答。,依据理解情况控制进阶属于认知负荷评价的合理依据；保留学习者适配要求，同时随上一项明确允许多种路线。
A045,lesson-builder__cn01_07,采纳并已修正,问题核心是‘设计不容易被推翻的表征’，关注表征的局限性与边界，而非概念理解的深化。量规D1评‘准确呈现概念核心特征’，未覆盖‘表征何时失效/边界条件’，导致回答该题关键点的内容无对应得分项。,采纳：本题特指类比失效风险，原通用D1不足以清楚区分是否说明对应关系及适用边界。
A046,lesson-builder__cn01_07,采纳并已修正,题面要求设计‘不容易被推翻的表征’，重点在预防误解和错误概念，但D2‘清晰性’只评‘无歧义、一看就懂’，未涉及‘抗推翻/防错误推广’（如邮箱类比在数组中的失效风险），关键评分维度缺失。,与上一项合并修正D1；不要求在D2再次强制一份边界说明。
A047,lesson-builder__cn01_10,采纳并已修正,题目要求设计“一套完整的表征方案”，强调方案综合性与整体设计，但D1-D3仅分别评价概念准确、视觉清晰和负荷，无任何维度评价“方案完整性”或多种表征之间的协调与互补，遗漏题目明确要求。,采纳：完整表征方案应有核心表征与使用衔接，原D4仅评易实施，缺少完整方案的明确边界。
A048,lesson-builder__cn02_03,不需修改,D1维度描述为空，且问题明确要求“让本地素材有效引出数学概念”，核心在“如何设计”的方法论。但D1各等级仅评价情境与知识点的契合结果，未评价“如何引出”的设计方法或问题链，遗漏问题核心诉求。,D1等级已写逻辑严密、自然引出学习需求，D4要求建议具体；description为空只是等级表的数据结构，不是无评分标准。
A049,lesson-builder__cn02_03,不需修改,D2优秀要求“充分运用本地特色地标、文化、生活素材”，但问题中教师已明确“以十字街为背景”且学生熟悉，题目核心是“如何有效引出概念”而非“是否使用本地素材”。D2可能过度强调素材量，而未区分素材运用与知识引出的逻辑关系。,D2评本地素材的合适利用，未规定素材数量；充分利用十字街这一素材即可，不能自行添加多地标要求。
A050,lesson-builder__cn02_04,不需修改,"题目明确问""怎样既利用AI又不过度依赖技术？""，但D1优秀标准只评备用活动围绕知识点，未评价如何平衡AI使用与避免过度依赖，遗漏题目核心要求。",D3/D4已评价离线或非数字备选及快速切换，保留知识目标是D1职责，合起来体现技术服务教学。
A051,lesson-builder__cn02_04,不需修改,"题目要求""需要准备备用方案吗？""，D3优秀级要求""明确准备备用方案""，覆盖了该点；但题目""怎样既利用AI又不过度依赖技术""未被D1或D3明确评估，可能致回答被误判。",备用方案和切换机制就是避免过度依赖的具体实现；不额外强制复述平衡AI的口号。
A052,lesson-builder__cn02_05,不需修改,题目核心是平衡趣味性与知识目标，量规D1从A到C均只评情境与知识点的逻辑关联，未涵盖‘如何平衡或避免趣味性干扰知识学习’这一明确诉求，可能错判未直接回应题意的回答。,D1要求知识逻辑契合，D3防技术转移重点，足以拒绝只追趣味而丢失目标的方案。
A053,lesson-builder__cn02_09,不需修改,问题明确要求“视频放在导入环节什么位置、观看时长、怎样提问互动”，但D1不合格标准只笼统写“未回应核心要求或实质错误”，未明确覆盖提问互动缺失场景，B级“部分依据或实施细节不足”也可能被误用于漏项，导致判分不一致。,A级已列位置、时长、互动；B级允许部分可修正不足，不等于允许完全漏答核心互动。
A054,lesson-builder__cn02_09,采纳并已修正,D3-A要求“素材清晰准确、逻辑正确”，C为“素材有错误或过度使用AI”，但本题仅涉及如何整合AI已生成的素材，不包含对素材本身的修正任务。量规维度与本题所问环节不匹配，可能错误要求回答者评价或修正素材。,采纳：未提供视频内容，不能评价它实际是否清晰准确；改评回答提出的使用、核查及互动办法。
A055,lesson-builder__cn02_09,采纳并已修正,F31要求“30分钟-1小时完成素材生成与教案整合”，但F2问题中教师已拥有视频，仅需整合，时间估算可能未扣减已有素材的生成时间。若严格按标准执行，将本应合格的整合建议因整体时间超限而降级。,采纳：已有素材整合不应再次强制完成生成；删除无依据的精确耗时档位，改评整合步骤及备课负担。
A056,lesson-builder__cn05_07,不需修改,D1场景理解要求诊断需涵盖'120分钟连排课'，但题目情景仅涉及课堂失控管理，未提及连排课时长，量规强制评价未提供信息，导致无法准确判定。,当前背景明确单次120分钟连排课，意见只看题面而漏看实际输入背景，未提供信息的指控不成立。
A057,lesson-builder__cn05_08,不需修改,题目核心是教师询问如何让自闭症学生'在不特别照顾的情况下'有所学获，这本身就是错误前提（排斥合理支持）。优秀标准仅要求'区分共同学习目标与可调整的参与方式'，未直接纠正教师'不特别照顾'这一错误观念，也未说明合理支持不等于过度照顾，导致回答可回避关键纠偏。,共同目标与可调整参与方式已经允许合理支持；题面是不特别照顾的教师顾虑，不是评分器认可排斥支持，不需把原话删掉。
A058,lesson-builder__cn05_10,不需修改,题目要求对4个活动逐一评价，而D2优秀标准仅要求“识别活动与目标、学情之间的问题，未遗漏关键缺陷”，未明确要求逐活动回答，量规可能遗漏对第2项“投票系统选择题练习”与第3项“讨论为何关闭文件”是否适合该学情的评判。,D2要求依据本题材料且不遗漏关键缺陷，四项活动是给定材料；未逐项考虑不满足覆盖要求。
A059,lesson-builder__cn18_01,不需修改,问题要求建议“真实且有教学价值”的融合切入点，但D1-D2均评方案本身的真实性与深度，D4评学习效果预期，未直接评估“教学价值”中与数学核心概念结合的紧密度，可能导致仅技术形式新颖但未紧扣概念的方案得高分。,D1学科内在联系、D2概念方法应用融合及D4可检验学习成果共同覆盖教学价值。
A060,lesson-builder__cn18_04,不需修改,"题目明确问""怎样设计才能让两类学生都有收获""，D4优秀档要求""分别说明两类不同基础学生应获得的数学与信息技术学习成果""，但未要求设计具体方案，只要求说明预期成果。优秀档标准偏离题目核心问法（设计方法），可能导致答出方案却因未分别列成果而被扣分。",D2/D3评价设计与连贯性，D4评价两类学生的所得；目标可以在方案内体现，不要求单独列标题。
A061,lesson-builder__cn18_04,不需修改,"D2优秀档要求""深入到概念、方法、应用等多层面""，D4要求区分两类学生并防止只代做。题目中两类学生的差异（数学好不会编程、编程好数学差）隐含需要分别设计任务，但D2未明确提及学生差异，若只按D2评，可能忽略题目中的关键分组要求；是否需在D2中体现分组深度，存在不确定性。",D4已经专门评价两类基础差异，D2无须重复学生分组要求。
A062,lesson-builder__cn18_06,采纳并已修正,题目明确询问“知识迁移的设计”，且提及“迁移到分学科的考试或其他课程”，但量规D3“教学逻辑的连贯性”从“导入→知识建构→应用迁移”角度评分，未明确覆盖题目所问的“迁移设计”环节，遗漏题目明确要求。,采纳：D3仍写从导入到迁移的全流程，会给迁移咨询附加无关导入要求；改为跨任务迁移的连接及检验。
A063,lesson-builder__cn18_07,不需修改,题干核心是信息技术教师数学知识不足，如何设计能教的融合课，强调对教师自身能力限制的回应。D1满分标准仅笼统要求学科联系真实，未针对教师数学知识不足这一前提，可能导致答非所问。,D3已经针对教师知识边界、核验和协作设计可教方案；不要求D1重复教师限制。
A064,lesson-builder__cn18_07,不需修改,题干要求设计“有能力教”的方案，核心是可行性和适配性。D3不合格标准未包含对教师能力限制的回应，仅泛泛指出“未回应核心要求”，导致未结合教师能力限制的答案无法被准确判定为不合格。,D3的核心要求就是其A级给定的教师能力适配，不能脱离题面把不回应能力限制判合格。
A065,lesson-builder__cn21_01,不需修改,背景触发情景写明“低学段（一二三年级）”，而问题要求针对“一二年级孩子”。年级范围的不一致虽不必然导致不可答，但可能影响对“儿童发展特点”的判断标准，存在判分偏差风险。,一二年级是低学段一二三年级的子集，不是相互矛盾的两个年级。
A066,lesson-builder__cn21_05,不需修改,题目核心问“口令与教学活动衔接不自然、如何更好融合”，D1优秀标准却仅要求“匹配当前教学活动的开始、暂停、转换”，未评衔接自然性/融合策略，导致仅说匹配即满分，遗漏题眼。,D1具体匹配活动节点，D2/D3评价口令表达和实施，能覆盖自然衔接；只写匹配二字不是具体回应。
A067,lesson-builder__cn22_03,不需修改,题目明确要求“从轨迹角度”讲圆的概念，且核心问题强调“深挖内涵外延”。但量规D4（F19-F20）要求“先理解含义再进行运算”，圆的概念课中轨迹角度并无运算环节，该标准完全不适配，强制评分会导致误判。,D4实际描述已为理解符号后相关推导与运用，圆的轨迹可作定义和条件应用，不强制数字运算；标题旧称不覆盖描述。
A068,lesson-builder__cn22_04,不需修改,题干核心问题含“如何判断自己是否讲透了这个概念？”（F3），但量规全部维度均针对课堂过程设计，无任何维度评价“讲透”的判定标准或自我评估方法，遗漏题目明确要求。,D8学生复述和D9即时辨析就是讲透与否的检验，意见漏读。
A069,lesson-builder__cn22_04,不需修改,题干核心问题含“学生可能会在哪些地方出现问题？”（F3），而D5仅要求“横向对比”和“数学史/背景”，未直接要求教师列举并回应典型学生错误；D7虽提及易错点，但未明确指向“学生在哪些地方出问题”的具体识别过程，是否存在覆盖不清晰。,D7明确预判并主动辨析典型易错点，已经覆盖学生容易出错的地方。
A070,lesson-builder__cn24_05,不需修改,题目问“如何选择公式”的讲解策略，量规D1-D3只评思维可视化、模型化和学生参与，未评对余弦定理适用条件的识别与公式选择的准确性。若回答能选错公式但过程可视化，按量规仍可能得高分，漏评核心内容。,D1明说选择适用于本题的公式，D4要求条件及论证依据；错误余弦定理选择不能满足。
A071,lesson-builder__cn24_08,不需修改,题目要求“帮助学生理解中位线定理在几何证明中的构造思路”，但D1仅评“暴露选择方法的过程”，未明确要求展示中位线定理的具体构造（如取中点、连中线），可能遗漏核心内容。,D1是本题构造方法、D4是构造依据，结合中位线题目评价，不能把任意无关构造当正确。
A072,lesson-builder__cn24_08,不需修改,F3要求“只要求与本定理适用条件有关的步骤”，但D4描述“提出构造或变换后，应交代对象、适用条件和论证依据”中的“变换”未限定为中位线定理相关，可能将无关变换的论证要求纳入评分，造成过严。,D4以本题为范围，涉及辅助线才用先构造后证明；没有强制添加无关变换。
A073,lesson-builder__cn24_08,不需修改,D3要求“引导学生说出需要的条件和下一步方法”，但未明确若学生答错或偏离时如何评分；是否允许教师纠正或引导缺乏标准，可能影响判分一致性。,评价对象是教师设计的回答，不是尚未发生的学生作答；真实评分提示已允许必要澄清和示范。
A074,lesson-builder__cn26_02,不需修改,题目要求“如何构建命题与充分条件的概念”，但7条标准均聚焦教学流程（认知起点、正反例、难点、问题链、规范表述、易错点、变式），未包含“命题”与“充分条件”两个核心概念本身的科学定义、相互关系及典型误区的准确性评价，若教学流程完整但概念阐述有误仍可得高分。,D5原文明确严谨数学定义，D2/D3/D6评辨析和误区，科学准确性并未遗漏。
A075,lesson-builder__cn26_02,不需修改,背景要求“解释定义、符号与术语”，D1和D4侧重引入与追问，但未显式评价教师是否解释“⇒”“充分”“必要”等符号术语的准确含义；可能因依赖D5而未被遗漏，但D5仅要求“说明由来”而非准确解释，存在评分空白。,D5明确关键符号和术语含义，不能把只讲由来而讲错含义判满足。
A076,lesson-builder__cn26_03,不需修改,量规7个维度全部聚焦于教学流程（引入、正反例、难点、问题链、规范表述、易错点、变式），均未评价教学内容的科学准确性。若教师把映射定义讲错但流程完备，仍可得高分，与题目要求的'构建映射的概念'的必要准确性（F5）冲突。,D5要求严谨定义，错误映射定义不能仅凭流程齐全获得该项满足。
A077,lesson-builder__cn26_07,不需修改,D1要求从已有知识经验引出新概念，D2要求多个正反例归纳，但题目仅问“如何构建概念”。这些标准假设了完整概念教学过程，若答题仅回答构建策略而未被要求设计课堂活动，可能因量规维度与实际问题的匹配度不足而影响可判分性。,概念构建咨询允许评价例子与引入策略，不是凭空要求完整教学行政文档；不同有效方法仍可成立。
A078,lesson-builder__cn26_07,不需修改,D4要求问题链推动概念深化，D7要求设计变式检测，但题目未明确要求设计完整课堂活动或课后练习。若答题者仅提供概念构建的理论框架而不含具体问题链或变式题，可能因标准过细导致公平性存疑。,问题链和变式是原量规的概念建构与检验要求，题面未逐一列举不等于这些评价维度非法；无需编造完整课后练习册。
A079,lesson-builder__cn27_01,不需修改,F8要求'先给出标准形式…再给非标准形式'，但F2明确要求从一般式到顶点式的统一转化。标准形式（顶点式）已给，而一般式才是起点，该描述方向相反，与题目核心环节冲突。,先展示顶点式的用途再回到一般式，是引出转化必要性的教学顺序，不是把一般式到顶点式的数学方向反过来。
A080,lesson-builder__cn27_01,不需修改,F2要求'从一般式到顶点式'，但F20的'依据哪个公式'未指明具体公式。配方是唯一转化工具，未在激活维度中明确要求，可能导致评卷忽略关键步骤。,D2/D3/D4要求选择适用工具、条件和逐步依据；未指名唯一公式不等于允许错误变换，意见强制唯一工具不采纳。
A081,lesson-builder__cn27_06,不需修改,题目明确要求训练“从递推式到显式（如累加、累乘）”的转化，但D1-D6均只泛化描述“观察结构”“选择工具”，未提及“累加”“累乘”或“递推式到显式”这一核心操作，评分可能奖励无关内容。,D2明确本题对象与目标形式，结合递推到显式题面评审；无关结构不能获满足。
A082,lesson-builder__cn27_06,不需修改,D1、D2、D6均强调“感受困难”“结构化观察”“学生自己发现”，但未要求教师明确给出变换成立的条件（如累加需验证n≥2时成立），与背景F3“说明变换成立的条件”冲突，可能导致评分忽视关键准确性。,D3原文专门要求公式或方法的适用条件，意见漏读。
A083,hinge-question-designer__cn29_01,不需修改,题干要求区分知识理解、策略选择、计算执行三类错因（F3），但D1仅给概念/策略/计算三层；D4-D5只针对知识理解和策略选择，未涉及计算执行类错因的诊断与矫正，量规漏评题干明确要求的计算执行维度。,D1包括L3计算执行，D3要求具体矫正动作，D4病历库未限定L1；不存在计算错因被排除。
A084,hinge-question-designer__cn29_02,不需修改,D2要求'通过追问让学生在回推中发现矛盾点'，但D5仅要求'能识别出学生是因为看不出来式子特征'，未说明如何通过追问区分D5与D1中的知识理解问题，导致同一错误可能被归入两个维度。,策略与知识错误可共存，D1分层、D2取证、D5观察缺失各有作用，不要求每种学生错误只能归一类。
A085,hinge-question-designer__cn29_08,不需修改,题目F2明确要求“复数运算中模长与共轭问题的错因”，但量规D1（F8）仅分概念/策略/计算三层，未提及模长、共轭相关性质（如|z|²=z·z̄）的特定错因，导致按量规无法判定是否覆盖题目核心要求。,通用层次须用于本题的模长与共轭，题面和评分提示同时进入评审；无关错因不满足本题。
A086,hinge-question-designer__cn29_08,不需修改,题目F2要求“进行错因诊断”并需“根据学生解答或追问取得证据”（F3），但D2（F12）仅要求“不直接给答案，通过追问”，未体现“基于证据”取证及区分知识/策略/计算，导致诊断过程可能与题目要求脱节。,D2名称为诊断基于证据追问，D1分层，背景也要求取证；不是没有证据要求。
A087,hinge-question-designer__cn29_09,不需修改,D2、D3、D4、D5均只描述行为表现（追问、给步骤、建库、识别特征），未要求与D1的L1/L2/L3层次关联。量规未奖励将证据归入特定错因层次，也未惩罚归因混乱，遗漏“层次化诊断”核心要求。,D1专门检查层次化，其他条目无需重复全部分类定义。
A088,hinge-question-designer__cn29_09,不需修改,问题限定“建系与向量坐标计算”，但D1只列知识理解/策略选择/计算执行三层，未明确要求识别建系选择错误（如坐标系建立不当）与坐标计算错误（如点坐标求错）的具体类型，量规可能将两类关键错因笼统归入L2或L3。,建系策略和坐标计算分别对应L2/L3，通用框架能够区分，未要求忽略题中对象。
A089,lesson-builder__cn30_01,不需修改,题目要求“讲透函数定义域的本质”，但五个激活维度（认知冲突、本质溯源、边界界定、数形结合、即时检测）均未包含对定义域核心内容（如分母非零、偶次根号下非负等具体条件）的准确性评价。若教师仅按维度组织教学但陈述定义域条件错误，量规仍可能给高分，遗漏了“必要的准确性”这一显式要求（F3）。,D2要求正确解释定义与联系、D3划定成立条件，实际评分提示还禁止实质科学错误；概念条件讲错不能靠流程抵消。
A090,lesson-builder__cn30_01,不需修改,五个维度均聚焦概念引入与检测，但题目未限定只评“引入”环节。若教师回答涵盖定义、联系、检测等完整过程，现有维度可覆盖；但无法确认是否遗漏对“定义域本质”的最终解释（如定义域是使解析式有意义的x集合）。,D2明文要求回答这个概念到底是什么，最终本质解释没有遗漏。
A091,lesson-builder__cn30_02,不需修改,题目要求‘讲透离心率的几何意义’，强调数形结合。但D1（F8）和D5（F24）均未提及图形或几何直观，D4（F20）虽提到‘几何解释的概念’但未明确指向离心率。量规整体未显式要求解释离心率与圆锥曲线形状（扁平程度）的对应关系，导致评分可能遗漏核心知识点。,D4要求本题图形与符号的对应，D2解释本质；对于离心率即须回答它的几何意义，而非任意画图。
A092,lesson-builder__cn30_06,采纳并已修正,"题干要求讲透“对称性与递推关系”，但五个激活维度均围绕“概念引入”设计（认知冲突、本质溯源、边界界定、数形结合、即时检测），未明确要求完整推导二项式系数的对称性（如C(n,k)=C(n,n-k)）与递推关系（如C(n,k)=C(n-1,k-1)+C(n-1,k)）的证明或应用，量规可能遗漏对这两项核心内容本身的评价。",采纳：题目问两项性质，D2仍局限概念定义，需明确对称性与递推关系的解释和成立范围，避免以概念导入替代性质说明。
A093,lesson-builder__cn31_01,采纳并已修正,"问题明确要求讲“隔板法”分配问题，但F23要求追问“为什么相乘或相加”，隔板法核心是组合数C(n-1,m-1)，不涉及相乘或相加，此追问与题目核心方法无关，会误导评分方向。",采纳：D5把相加相乘写成每题必问，隔板法可直接建立位置选择对应；改为按实际计数步骤解释，只有涉及加乘才追问。
A094,lesson-builder__cn31_04,不需修改,题目明确聚焦“球与盒均有编号且允许空盒”的分配问题，但D1（F8）只要求对比排列组合，D2（F12）、D5（F24）未限定到该问题，D6（F28）虽提通用方法但未强制关联空盒与编号条件。量规未显式要求处理“允许空盒”这一核心难点，可能遗漏本题关键得分点。,D3要求适用于本题且避免重复遗漏，D4/D6处理限制变化，编号及允许空盒是题意必要条件。
A095,lesson-builder__cn31_04,不需修改,F8、F16、F20均未明确要求教师自拟球数/盒数并给出具体计数结果，而F3要求“可自拟对象数量”且不预设数字。若量规要求“正确方法分解为可操作步骤”，但未明示步骤需包含计算结果检验，可能无法完全奖励给出正确数字方案的教师。,背景用可自拟，不是必须自拟；不得将允许举例变成强制数字结果。
A096,lesson-builder__cn31_05,不需修改,F3明确要求“先明确对象是否可区分、是否考虑顺序及限制条件”，但D1只要求对比排列与组合并复习公式，未提及区分对象可区分性这一核心前提，可能遗漏题目强制要求。,对象可区分性已在背景明确且受本题准确性约束，D3/D4/D6应用具体条件；无需D1复制全部前提。
A097,self-efficacy-builder-sequence__cn35_02,不需修改,"问题②核心是探究抗拒原因（能力、方法、心理或其他）及深入了解方法，但量规仅含""抗拒成因分析""和""情绪管理支持""两个维度，缺少直接回应""如何深入了解真正原因""的操作性要求，可能遗漏深入调查与沟通策略的评分。",D1实际已改为谈话、作业和课堂证据核查原因的方法，意见只按维度名称判断，漏读描述。
A098,self-efficacy-builder-sequence__cn35_02,不需修改,"D1侧重成因分析，D2侧重情绪支持，但两者均未显式覆盖""区分能力问题、方法问题还是其他原因""这一对比性分析，且未说明D1与D2权重关系，可能无法准确奖励对问题②中""怎么区分""的直接回应。",D1允许多种原因假设与证据区分，D2评情绪支持；原始量规无数值权重，不应因此补造权重。
A099,project-brief-designer__cn43_05,不需修改,D2描述已明确要求给出与语文、数学等学科目标联系的具体方法或例子，覆盖本题所问环节，与D1、D3共同构成评分，未见遗漏。,审查原文已说未见遗漏，保留无须修改结论。
A100,project-brief-designer__cn43_06,不需修改,量规D1和D2均聚焦技能培养与支持步骤，但题目核心是“引导不感兴趣、有抵触情绪的孩子”，未直接要求提供具体劳动任务或技能路径；现有维度未覆盖情绪接纳、动机激发等关键应答点，可能遗漏题目明确要求。,D1已写根据兴趣和抵触原因提供可选择低门槛任务，D2写小进步与反馈，覆盖动机支持。
A101,project-brief-designer__cn43_06,不需修改,D3描述中重复编号“④ 价值导向积极性 应体现”，且仅强调育人价值，未涉及本题的“激发参与热情”目标，可能使评分偏向德育而忽略动机激发这一核心。,D3名称含来源编号是排版性问题；激发热情由D1/D2覆盖，不必所有维度重复，暂不动来源名称。
A102,lesson-builder__cn50_02,不需修改,核心问题明确指出“小组无明确分工路径，易出现一人操作、全员边缘”，而D4优秀标准要求分工安排清楚，D7优秀标准要求“无边缘化”。但量规未对“轮流”操作提出明确强制要求，可能使仅安排分工但未强制轮流机制的回答获得高分，未能直接解决“抢着拿磁铁”的题眼。,D4原文允许本题需要的分工、轮流或参与安排，D7评公平；可采用多套同样有效机制，不必唯一强制轮流。
A103,lesson-builder__cn50_03,不需修改,问题明确询问“公平解决”分工冲突（F2），背景强调学生重视“公平”（F3）。量规D4优秀标准仅要求“分工清楚...可自主协商”（F35），未涉及冲突解决或公平机制；D7优秀标准只提“兼顾公平”（F71），但未具体到冲突处理。评分标准遗漏了本题核心的公平分配要求。,D4安排与自主协商、D5纠正问题、D7公平共同覆盖争执；不能只看一个维度断言遗漏。
A104,lesson-builder__cn50_03,不需修改,问题场景是“学生分任务时总是吵架”（F2），核心需求是教师如何介入解决即时冲突。D5过程引导标准优秀为“引导精准，纠正问题”（F47），不合格为“无有效引导”（F53），但未明确针对冲突调解这一关键场景，导致回答侧重预防而非解决眼前争执时可能判分偏差。,D5按本题问题评价引导，尚未处理争执而只说将来预防不能满足精准纠正。
A105,lesson-builder__cn50_04,不需修改,D5优秀级要求给出“复述或回应同伴意见的具体做法”，但本题是倾听问题，复述/回应属协商沟通范畴；合格级“方向基本正确”与优秀级条件在本题上区分度模糊，易致评分标准不确定。,复述或回应可作为倾听理解的可观察证据，未要求复杂协商程序，不是无关维度。
A106,lesson-builder__cn50_06,不需修改,题目核心是处理学生抢温度计的即时安全事件，明确询问“先做什么”，要求提供安全处置步骤。但D1量规仅笼统表述“无错误”，未提及安全优先，D1“优秀”标准与题目要求的安全处置步骤不匹配，可能误判忽略安全措施的回答。,D6直接评安全规则，D1准确回应本题，题干先后次序一并生效；不必再在D1复制整套安全处置。
A107,lesson-builder__cn50_08,不需修改,题目明确要求兼顾完成实验与教合作（'既要完成实验任务又要教合作'），但D2流程闭环只评步骤衔接，未明确要求回应'时间不够'的时间分配或并行策略，可能遗漏核心诉求。,D2按本题所问环节评价必要步骤与衔接，题面时间不够的条件生效，不要求额外完整课程。
A108,lesson-builder__cn51_03,采纳并已修正,题目核心是解决学生自评打满分、不认真反思的问题，但D1不合格描述（F17）只评“建议仅用结果打分排名”，未覆盖“不解决自评失真”的情形；D3优秀要求“3-5条简易标准”（F23）与自评打满分的具体对策无必然关联，量规未直接奖励或惩罚针对“学生自评不认真”的处理，可能漏评或错评。,采纳：已有自评标准的问题，D3仍强制重新给3—5条，可能漏掉用样例与证据校准原标准的有效方案。
A109,lesson-builder__cn51_06,不需修改,题目核心是保护基础差学生的积极性，但D1不合格标准仅描述“建议仅用结果打分排名，完全忽视过程性评价”，未涉及是否打击积极性，与题目关切脱节，无法有效区分回答。,D5具体成长反馈与D7不排名不贴标签保护自尊已覆盖，不必D1再次检查情绪保护。
A110,lesson-builder__cn51_06,采纳并已修正,题目问“怎么设计评价”，D4优秀标准要求“师生共同制定标准”和“分层评价指标”，但未明确这是否为保护积极性的必要条件。若回答提供了其他等效保护措施（如个别化反馈）而未共同制定标准，可能被误判为未达优秀。,采纳：师生共同制定标准不是唯一保护积极性的方法，应允许适当分层、个人进步证据及等效支持。
A111,project-brief-designer__cn52_02,不需修改,问题明确要求“引导他们进入探究”，但D5优秀标准“逐步让学生提出或选择可探究的问题”侧重问题生成，未覆盖“从未做过项目化学习”时的基础引导，如项目化学习概念介绍、流程示范等，导致核心诉求未被充分回应。,D5已经支持逐步进入探究；不强制先给项目化学习术语介绍，避免新增无关必答项。
A112,project-brief-designer__cn52_02,采纳并已修正,问题聚焦于如何引导学生进入探究，并未涉及科学核心素养对应关系，但D1优秀标准强制要求“明确项目与科学核心素养的对应关系”，这超出了问题本身范围，可能导致未提及该对应关系的合理回答被扣分。,采纳：进入探究的局部咨询不应强制单列完整素养对应表；D1改评本题问题与科学探究目标一致。
A113,project-brief-designer__cn52_04,采纳并已修正,题干明确要求‘45个学生分成11个小组’，属多人一组场景；但D3量规将‘优秀’定义为‘单课时微任务可独立完成’，‘不合格’定义为‘依赖专业实验室/成套器材’。两者均未覆盖多人共用同一材料或工具时的分工可行性，未回应题中‘人人参与’的核心诉求，易导致按单人独立完成标准错判。,采纳：本题是45人11组的分工，D3却强制全免费材料和独立完成微任务，移出本题适用范围；人人参与继续由D5/D7评价。
A114,project-brief-designer__cn52_07,不需修改,D5优秀层要求“不让快组单纯等待，也不要求慢组放弃核心学习”，但D5合格层仅提“灵活安排”未明确下一步，与题目要求的“灵活把控时间”无直接冲突；然D5优秀层“根据各组当前困难设置可完成的基础节点”与题目“硬卡课时”的具体时间管理问题部分相关，但整体标准未直接回应“如何灵活把控时间”的核心策略（如弹性截止、并行任务），有遗漏。,D6已含节点检查、弹性时间与收尾；D5关注快慢组学习任务，二者合看不存在未回应时间管理。
A115,project-brief-designer__cn52_07,不需修改,D6优秀层明确要求“保留安全收尾时间”，但良好层和合格层仅描述“回应差异”或“提到灵活安排”，未提及安全收尾时间。题目关注“硬卡课时”导致慢组做不完，安全收尾时间是必要回应；良好层未含此要求导致评分阶梯不完整，可能漏判合理方案。,等级可以体现不同完整程度，不是良好级必须逐字包含优秀级全部细节；危险安排仍受必要安全约束。
A116,project-brief-designer__cn52_08,不需修改,题目问如何让成果有真实意义和用途，核心是作品去留存续与真实应用；但D7优秀标准只评‘成果供谁使用/改进及反馈’，未覆盖‘作品被保留、展示、传递或被真实使用’这一持续性的价值感来源，评分会遗漏题目关键要求。,D7已评成果供谁使用或改进及反馈，真实用途要求明确；留存不是所有有价值成果的必要形态。
A117,project-brief-designer__cn52_08,不需修改,题目强调‘做完就扔’的坏习惯，核心是建立成果的后续用途与留存，但D6不合格标准仅针对‘无过程性评价’，未覆盖‘没有成果去向/留存安排’这一直接相关缺陷，导致给出错误建议也未必扣分。,成果用途由D7评价，D6评过程反馈；不应因D6未重复去向要求而认定整套标准遗漏。
A118,project-brief-designer__cn52_09,不需修改,题目核心是'降低动手门槛'，但D5量规优秀/良好等级均以'任务拆解、技能示范、分工参与'为评分点，未明确评价是否针对'不会画图、不会用剪刀胶水、不会测量'等具体技能障碍提供替代方案或降低难度手段，导致回答可完全不涉题而仍得高分。,D5已有技能示范与小步骤，必须结合本题画图、剪粘、测量困难；完全无关内容不可能仅凭术语获满足。
A119,project-brief-designer__cn52_09,不需修改,D1不合格标准为'建议依赖专业器材/经费，完全违背资源匮乏场景要求'，题目问'降低动手门槛'，若回答仅建议'用更好用的剪刀、购买安全材料'等少量低成本采购，是否被归为不合格存在模糊。量规未明确'完全违背'与'部分依赖'的界限。,D1最低级明确完全违背资源匮乏条件；少量合理低成本采购不自动等于完全违背。
A120,project-brief-designer__cn52_09,不需修改,D3优秀要求'无需任何专业器材'，良好为'仅需1-2种常见工具'。题目中'剪刀胶水'即常见工具，若回答仅依赖剪刀胶水且不涉及专业器材，按量规可评为优秀，但'需剪刀'与'无需任何专业器材'在字面上是否冲突存在不确定性。,常见剪刀胶水不等于专业器材，意见把两种材料类别混为一谈。
A121,adaptive-hint-sequence-designer__cn53_04,不需修改,题目具体询问二年级软尺拉不直、读数忽大忽小的支架方法，而D4（权重20%）及D6（权重10%）的等级描述大量强调“安全指令”“制止危险操作”“安全隐患”。软尺测量场景无此风险，评分时可能因未提及安全而扣分，偏离本题环节。,D4写必要时安全指令，D6可通过适当材料使用满足；并不要求在软尺题虚构紧急事故或危险。
A122,adaptive-hint-sequence-designer__cn53_04,不需修改,D2要求“完整交代本题所问环节的必要步骤”，但题干只问了“提供支架”，未要求设计完整活动流程。评分时若以“必要步骤缺失”扣分，可能超出提问范围，但“必要步骤”定义模糊，无法判定是否必然误判。,D2已经限定本题所问环节，不要求无关环节；与提供测量支架不冲突。
A123,adaptive-hint-sequence-designer__cn53_10,不需修改,题目问‘如何引导调整实验步骤’，但D2量规优秀标准为‘完整交代本题所问环节’，未明确要求给出调整后的具体步骤；且不合格标准‘未回应本题所问环节’与题目明确要求回答调整步骤相冲突，可能误判提供具体步骤的答案。,D2所问环节在本题就是调整步骤；提供具体调整不会因这条而被判缺失。
A124,adaptive-hint-sequence-designer__cn53_10,不需修改,题目情境是白醋倒太多导致泡沫溢出，属于操作失误；D3量规‘支架适度性’仅强调‘避免代做’和‘阶梯式支架’，未明确要求处理操作失误的引导策略，而这是本题的核心回应内容，遗漏可能导致对答案判分不准。,D3评支架程度，D2评处理步骤、D1评科学准确性，三者共同处理操作失误。
A125,adaptive-hint-sequence-designer__cn53_10,不需修改,题目涉及实验溢出，存在安全风险；D4量规优秀标准仅提及‘必要时先给明确安全指令’，未要求必须包含安全处理措施（如先停止倒醋、清理溢出物），这可能导致对答案的评估忽略安全维度。,白醋溢出需要的停止、检查或清理可由必要安全处置评价；不要求不考虑实际风险一律采取同一种措施。
A126,backwards-design-unit-planner__cn54_01,不需修改,题F2仅询问教学目标设定是否合理，未要求提供修订方案或判断方法；而D5优秀档F47要求‘给出目标修订、判断方法或示例’，该标准超出问题范围，且权重仅5%却设定更高行为要求，可能使仅合理评价目标（如指出可行）的受评者因未提供修订方案被扣分。,D5是修订、判断方法或示例三选一，给出有依据的合理评价即可，不是必须另交修订教案。
A127,backwards-design-unit-planner__cn54_01,不需修改,题F2询问‘知道电路基本组成，能连接简单电路’这一具体目标是否可行；D1优秀档F11要求‘说明课标目标的对应关系’，D3优秀档F35要求‘给出适合学生的可观察表现’。题目仅询问目标是否可行，未要求阐述课标对应或表现性证据，这些要求超出题目所问，强制附加可能不当压低评分。,判断目标是否可行需说明与学习要求及可观察表现的关系，属于评价依据，不等于强制编造课标条文。
A128,backwards-design-unit-planner__cn54_01,不需修改,题F2未提供任何学情数据；D2优秀档F23要求‘依据本题给定的知识基础、学习困难或班级差异调整目标’，但题目未给定任何学情信息，因此该档位无法达成，只能依赖‘未提供学情时说明必要假设’的表述，但该表述未区分是否必须说明假设，导致评分标准不明确。,D2明确允许未提供学情时说明必要假设，不要求提供不存在的数据，不能一边引用例外一边说该级无法达到。
A129,backwards-design-unit-planner__cn54_03,不需修改,题目要求学生将原目标修改为符合四年级认知水平的目标，核心是学情适配（降低难度）。但D1课标贴合度仅强调匹配课标要求，D3素养培养聚焦度要求说明科学思维、探究实践目标，均未覆盖“因听不懂而修改目标”这一关键指令，导致评分时无法奖励正确回应学情降级的回答。,D2已专门评价依据学习困难调整目标，D1/D3无须重复。
A130,backwards-design-unit-planner__cn54_03,不需修改,题目明确给出“学生完全听不懂”这一具体学情，属于D2优秀档中“依据本题给定的学习困难调整目标”的适用情形。但D2良好和合格档描述（F25、F27）与D3/D5共用相同文本，未专门针对“依据给定学情”设阶梯，可能造成不同水平回答得分区分度不足。,通用较低等级结合各自维度和A级解释，不因用词相同而把学情与素养当作同一项；未见可复现矛盾。
A131,backwards-design-unit-planner__cn54_04,不需修改,题目要求针对两个班级区分教学目标，而D2优秀等级仅描述“依据知识基础、学习困难或班级差异调整目标”，未明确要求体现两班目标的区分度，导致漏评关键要求。,依据班级差异调整目标已经包含两班区别；不作区分的答案不符合本题。
A132,backwards-design-unit-planner__cn54_06,不需修改,题目明确要求评价“能制作出一个能加热水的太阳能热水器”这一目标设定是否恰当，核心是目标表述与素养培养。但量规中D1、D2、D3的权重分配（25、25、30）与问题本身侧重不匹配，且D2、D3的“学情适配”和“素养培养”描述未明确指向“制作热水器”这一具体工程实践任务的素养目标，导致评分时可能忽略题目核心要求。,原权重不因单条意见任意重分配；D2适配、D3素养与制作热水器目标评价均相关。
A133,backwards-design-unit-planner__cn54_06,不需修改,D3优秀等级要求“说明本题有关的科学思维、探究实践或态度目标，并给出适合学生的可观察表现”，但题目问的是“目标设定是否正确及如何完善”，核心是修正目标表述而非单纯补充素养目标。量规未明确要求评判原目标的“片面性”（仅关注制作结果），导致可能忽略对原目标局限性的批判。,D3可观察的科学思维和探究表现正用于避免只看成品，D5还检查目标修订，核心已有覆盖。
A134,backwards-design-unit-planner__cn54_06,不需修改,D1、D2、D3的不合格等级均为“未回应本题核心要求，或建议明显错误、与本题要求冲突、无法实施”，但未定义何为“核心要求”。若评卷人认为核心要求是“指出目标片面并完善”，则与D1“完全脱离课标”等描述不冲突；但若认为核心是“结合学情”，则可能出现判定不一致。,本题核心要求由题面和对应维度确定，不应把某一维度的核心替代整题；不存在两个互相排斥的明文要求。
A135,backwards-design-unit-planner__cn54_07,不需修改,题目问“能否将目标简化为记住月相变化顺序”，核心是知识目标与素养目标的取舍，但D1课标贴合度标准（F11）仅笼统要求“明确区分知识目标与素养目标”，未直接回应“简化是否可行”，可能漏判对“仅记顺序是否达标”的否定。,D1区分知识与素养、D3探究表现结合题面，可评价只记顺序是否充分；无需强制某一句结论模板。
A136,backwards-design-unit-planner__cn54_09,不需修改,题干明确“一半留守儿童、基础很差、听不懂术语”，D2优秀级要求“依据本题给定的知识基础……调整目标”，但题干未给出目标设定所需的具体前概念或年级，是否构成不可答存在歧义。,未给年级可说明适用假设或先澄清，背景不是无论信息如何都必须给唯一目标；不能把开放咨询视作必然不可答。
A137,backwards-design-unit-planner__cn54_09,不需修改,D3优秀级要求“说明本题有关的科学思维、探究实践或态度目标”，但题干问的是“教学目标应该怎么定”，未明确要求列出素养目标，D3可能过度强调素养维度而忽略知识目标，导致评分偏向。,科学课目标同时考虑知识与素养是原评价框架，D1覆盖知识；不是D3存在就忽略知识目标。
A138,backwards-design-unit-planner__cn54_09,不需修改,D2和D3优秀级均要求“可观察表现”和“调整目标”，但题干未提供具体学情数据（如学生已掌握的知识），两个维度可能要求教师自行假设，造成评分标准重叠或矛盾。,D2按学情调目标、D3说明可观察素养表现不同；两项都允许合理假设，不是互相矛盾。
A139,backwards-design-unit-planner__cn54_09,不需修改,D1不合格级“完全脱离课标，仅凭经验设定目标”，但题干未提供课标原文或版本，教师可能无法准确对照，是否可判“完全脱离”存疑。,评分提示明示未给课标版本不得猜条文；没引条文不自动等于完全脱离，只有目标实质脱离才受此项影响。
A140,backwards-design-unit-planner__cn54_10,不需修改,问题要求给出跨学科活动中的核心教学目标，但D1量规优秀标准要求“明确区分知识目标与素养目标”，D3要求“给出适合学生的可观察表现”，均要求具体阐述多个目标，而非仅仅给出“核心教学目标”这一个答案，量规与问题要求不匹配。,核心目标可以整合知识与素养，不意味着只能写单个词或只能一个维度，意见把核心误读成唯一数量限制。
A141,lesson-builder__cn55_05,不需修改,题目问“强化条件反射”，即建立暂停信号与停下行为的联系，但优秀标准仅要求“明确停下后的可观察动作、示范练习、检查理解并一致反馈”，未要求强化已有信号与行为的联系，遗漏本题核心。,D3上下文明确强化已有信号，停手动作、练习及反馈就是建立联系，不能断章取义说没有信号。
A142,lesson-builder__cn55_05,不需修改,题目特指“一半学生停下，另一半继续玩”，即部分学生未响应，但优秀标准仅笼统要求“照顾不同学生的响应需要”，未明确针对未响应学生的差异化处理，无法区分优劣。,针对不同响应需要可以覆盖未响应学生，具体方案仍须回应半班不响应，不能只写空泛照顾。
A143,lesson-builder__cn55_05,不需修改,背景涵盖小学1-6年级，范围过宽，但优秀标准仅要求“匹配本题所给年级”，未说明如何评分未明确年级时的适配性，可能造成评卷歧义。,学段条目实际含未给年级时说明适用范围，意见漏读后半句。
A144,lesson-builder__cn55_05,不需修改,D5优秀标准强调“按所问环节评价”，但本题为行为管理问题，非应急事件，应急处理维度可能不适用，评卷时可能误判为未回应，需明确是否适用。,D5已按所问的预防、当下处置或后续调整评价，不要求本题虚构应急事故；名称不覆盖修订后的描述。
A145,lesson-builder__cn55_08,不需修改,题目核心是“回收材料但怕打击积极性”的即时处置与情感平衡，D3权重25分但题目未要求提供口令，D5与D6（各15/5分）直接对应问题核心。D1“内容准确性”优秀档要求“规则符合实验安全规范”，但本题未涉及具体安全规范，此标准可能无法适用。,D3允许规则、示范或调整，不强制口令库；尊重情绪同时安全回收材料是相关约束。
A146,socratic-questioning-sequence-generator__cn56_02,不需修改,题目明确为“四年级”水蒸气凝结实验，且核心问题要求“递进式提问”，但激活维度中“提问递进性(D1)”被排除，无任何维度评价问题链的递进设计，直接遗漏题目核心诉求。,具体题目只问如何让其他学生参与，递进式提问是通用文档主题；排除整条问题链要求正是避免主题误套。
A147,socratic-questioning-sequence-generator__cn56_04,不需修改,题目核心是“引导互动”解决冷场，但F3核心问题强调“提问无递进性”，且排除D1提问递进性。量规D2生生互动和D3思维引导虽相关，却未覆盖题面“汇报后冷场”这一具体情境的破冰与互动启动策略，判分可能忽略题干关键要求。,D2可操作互动方法及话术直接用于汇报后冷场，D3评思维质量；不需把所有互动都强制扩成完整问题链。
A148,socratic-questioning-sequence-generator__cn56_04,不需修改,题目明确指向“汇报小组”和“其他同学”的互动，D2不合格标准F17仅提“教师与单个学生单线交流”，未明确覆盖“教师只与汇报组交流”或“完全忽略引导其他学生”的典型错误，可能导致该情况误判。,D2最低档首先写无任何生生互动设计，教师只与汇报组交流而完全忽略其他学生符合缺失，不限于字面一个学生。
A149,socratic-questioning-sequence-generator__cn56_07,不需修改,题目要求针对“思维活跃爱提问”和“不爱发言”两个平行班区分提问设计，但D1递进性标准仅要求“围绕本题主题和实际所问环节递进”，未涉及针对不同班级学情设计差异化提问链，遗漏了题目明确要求。,D5明文匹配本题学生特点，两个班参与差异正是题中特点，不要求D1再次评价适配性。
A150,socratic-questioning-sequence-generator__cn56_07,不需修改,题目明确给出“两个平行班”的学情差异，但D3学段适配性优秀等级只提“具体匹配本题所给年级和学生特点”，未明确要求体现对两个班级不同特点的分别适配，导致量规无法区分是否回应了题目核心要求。,意见把D5误写为D3；学生特点涵盖两班差异，不按题中两个群体适配不能满足。
A151,lesson-builder__cn57_03,采纳并已修正,题干明确限定场景为“不能当众批评”，但F23优秀标准中的“必要时及时介入”和F29不合格标准中的“建议羞辱”均未显式提及“不当众批评”这一约束，导致评分时可能忽略该硬性要求，无法区分是否遵守了题干禁令。,采纳：保护尊严不完全等于不得当众批评；题面明确限制，给D3补上私下或非点名引导边界。
A152,lesson-builder__cn57_07,不需修改,题目未明说年级，但F3情境涵盖1-6年级且提及高年级冷暴力。F35要求'具体匹配本题所给年级'，若题目隐含六年级则需匹配；若按题干字面，年级信息不足，可能影响D4评分的确定性。,题面开头明确六年级，不存在隐含年级不确定。
A153,lesson-builder__cn57_07,不需修改,F23要求'必要时及时介入'，F47要求'保障每人参与'，但D1内容准确性（F17）未将冷暴力识别为'内容错误'的否定项，D3不合格（F29）虽提及'放任排挤'，但D5不合格（F53）只提'边缘化风险'，未明确将'不处理冷暴力'纳入不合格，导致量规对本题核心矛盾的严重性惩罚不足。,D3最低档明确放任排挤，D5最低档明确边缘化，冷暴力已经可被判不合格，不必所有维度重复处罚。
A154,lesson-builder__cn57_07,不需修改,F11说'不要求覆盖其他矛盾类型'，F23要求'针对本题矛盾'，F47要求'结合任务需求'。但D3合格（F27）'处理建议较笼统'与D5优秀（F47）'保障每人参与'未直接挂钩，若回答仅笼统建议未具体介入冷暴力，D3可能给合格，但D5仍可给优秀，导致核心问题未解决却获高分。,D3和D5可分别反映处置步骤与参与安排的不同质量；不建立所有维度一票联动扣分，符合保留原等级的分项评价。
A155,lesson-builder__cn57_08,不需修改,题目未指定年级，但D4优秀标准要求'具体匹配本题所给年级'，不合格标准'与本题学生能力或年级明显不符'。若题目未给年级，按现有标准无法评出高分，形成矛盾。,D4原句已写未给年级时说明适用范围，最高级并非无法达到。
A156,adaptive-hint-sequence-designer__cn59_01,不需修改,题干明确为一年级（F2），但context（F3）将学段写为“小学1-6年级”并称学生已具备基本观察推理能力，量规D5（F59）以“本题所给年级”为评分依据。学段信息自相矛盾，将导致D5无法一致评断。,一年级属于小学1—6年级，具体题面优先，不存在年级集合冲突。
A157,adaptive-hint-sequence-designer__cn59_04,不需修改,题目针对六年级小苏打和白醋实验，但背景声称适用于小学1-6年级，且未提供六年级学生的具体特征，导致学段适配性评分缺乏明确依据。,六年级属于背景范围，题面已给具体年级，无需每题复制同一句背景。
A158,adaptive-hint-sequence-designer__cn59_06,不需修改,题目明确给出“三年级”和“声音的产生”实验，但D5学段适配性优秀标准（F59）要求“具体匹配本题所给年级”，良好标准（F61）仅说“基本匹配本题学生特点”，未明确要求结合三年级具体认知水平（如音叉振动不可见时如何用其他感官或工具辅助），可能导致评分时忽略学段针对性。,D5优秀要求具体匹配三年级特点，良好允许少量不足；未举音叉示例不等于没有学段要求。
A159,adaptive-hint-sequence-designer__cn59_06,不需修改,题目核心是“用手摸敲响的音叉感觉不到振动”时是否可直接告知，D3优秀标准（F35）要求“提供具体的提问话术与思维支架”，但D3合格标准（F39）仅要求“提及要讨论”，未明确说明若教师直接告知结论但辅以证据（如让学生用更灵敏方式感知）是否算合格，可能造成评分歧义。,D3最低档明确有依据解释与必要示范不在禁止之列；仅因合格档没有再重复允许说明不足以认定冲突。
A160,adaptive-hint-sequence-designer__cn59_10,不需修改,题目具体问“课后探究任务”如何布置，但F3将学段设为“小学1-6年级”且F47/F51强调“坦诚说明不确定”“不指责学生”，量规未覆盖课后任务的设计要求，如任务目标、时长、材料与安全，导致课后任务布置的实质内容未被评价。,D2完整交代本题环节适用于课后探究任务，D3证据与D5适龄、全局必要安全共同约束；不需凭空指定未给定时长。
A161,adaptive-hint-sequence-designer__cn59_10,不需修改,题目只问课后任务布置，但F23/F29要求“完整交代本题所问环节的必要步骤”，未区分课堂处理与课后任务，可能使评分偏向课堂流程而非课后任务设计。,本题所问环节就是课后任务，评分提示禁止套无关完整课堂流程。
A162,adaptive-hint-sequence-designer__cn59_10,不需修改,题目未明确要求课后任务必须包含证据收集，但F35/F41将“现象→证据→结论”链条和证据核查作为优秀/不合格标准，可能过严要求课后任务设计必须包含完整证据链条。,课后探究需要观察和核查证据才有探究意义；不要求已经取得成功结论，证据链是思考支架而非多余成品报告。
A163,lesson-builder__cn60_01,不需修改,题目问无酒精灯是否应放弃实操改看视频，核心是替代方案。F23优秀级允许“无安全条件可改用可靠影像”，这与题目中“改看视频”仅一字之差，但F23将影像作为可接受方案，与题干担忧“放弃实操”相矛盾，可能误导评分偏向接受看视频而忽略实操替代。,题目在询问是否该改看视频，并未禁止；没有安全实操条件时允许可靠影像是合理边界，不能为了反对视频强迫危险实操。
A164,lesson-builder__cn60_01,不需修改,F3触发情景笼统描述“小学1-6年级”，未指定具体年级；F11要求“围绕本题实验…科学解释准确”，但未提供年级对应课标内容。评分时可能因年级不清而难以判断适配性，尽管D5已有说明。,D5已规定未给年级时说明范围，不要求虚构具体课标版本。
A165,lesson-builder__cn60_02,不需修改,问题明确指向一年级积木分发，但背景覆盖1-6年级；量规D1和D4虽要求围绕本题，但未说明是否需针对一年级具体回应。若按多学段通用设计则无冲突；若要求精准匹配一年级，则D1优秀级‘保持材料、操作与学习目标一致’未明确要求处理‘因颜色大小不同引发的公平性争吵’这一核心诉求。,D5评一年级适配，D4明确本题参与规则及公平风险，能覆盖颜色大小引发争执；背景的1—6范围不冲突。
A166,lesson-builder__cn60_04,采纳并已修正,问题核心是学生拿到材料后玩闹不听讲，教师问‘该怎么制止’。但D1量规优秀和合格层均聚焦‘材料与学习目标一致’、‘取消实操’等，未涉及‘课堂秩序管控’这一直接回应的维度，导致回答‘如何维持纪律’无法获得D1相应分数。,采纳：D1部分等级仍突出材料与目标，局部制止玩闹题应评价理解当前失控及先停手再恢复教学，不要求另设计材料目标表。
A167,lesson-builder__cn60_04,不需修改,D4量规‘优秀’要求给出‘参与规则’和‘风险处置’，‘不合格’也提及‘参与不公’。但题目仅询问如何‘制止’玩闹，并未要求设计完整的参与规则或评估参与公平性。量规将‘参与规则’设为优秀标准，可能对仅回答‘如何制止’的合格方案评分过严。,停止抛掷、停手听指令本身就是本题必要操作规则；D4已限定本题环节，未要求完整课前参与制度。
A168,lesson-builder__cn60_04,不需修改,背景F3注明适用‘小学1-6年级’，但题目未指定具体年级。量规要求‘具体匹配本题所给年级’，优秀层还要求‘未给年级时说明适用范围’。然而题目本身未给年级，若回答者未说明适用范围，是否应直接判为‘良好’或‘不合格’存在歧义，需澄清评判标准。,是否达到良好取决于具体适配程度，未写年级不自动不合格；允许合理范围，不靠缺少一个标签机械降级。
A169,lesson-builder__cn60_04,不需修改,D7量规‘优秀’要求‘给出新手可执行的具体步骤、话术或必要工具’，‘不合格’指‘仅给出原则性建议’。但题目询问‘如何制止’玩闹，若回答者给出‘喊停’、‘目光示意’等具体策略，却未提供完整话术，按现有标准可能被归为‘良好’而非‘优秀’，对直接回答题目的方案评分偏低。,D7是步骤、话术或必要工具，或不等于且；可执行动作本身可满足，不必再给完整逐字稿。
A170,lesson-builder__cn60_06,不需修改,题目问“有没有身边的简易材料可以替代”，未要求测力方案细节。量规优秀级强制要求“说明校准、单位及适用范围”，超出题目范围，可能将未说明校准的合理替代判为不优秀。,题目明确测量力的大小，定量替代需要校准和范围，只有弹性伸长却无可用测力依据不算完整替代；不删必要科学条件。
A171,lesson-builder__cn60_06,不需修改,背景涵盖1-6年级和多种实验，但题目未给具体年级。安全维度要求“覆盖本题材料及所问环节的主要风险”，未明确若答者未指定年级时如何判定风险范围，可能因年级假设不同导致判分偏差。,按所选材料实际风险和合理年级范围判断即可，不要求穷尽所有实验危险；没有明确互斥条件。
A172,lesson-builder__cn60_08,不需修改,题目限定“岩石硬度对比等观察实验”及“尖锐材料”，但F3背景仅泛述“小学科学实验课”而未明确此具体实验，也未提供年级信息。评分时可能因背景泛化而遗漏本题针对的安全分发核心，导致按通用规则误判。,具体实验已经在题面提供，通用背景无需再次重复；D3/D4/D6共同评价准备和分发安全。
A173,lesson-builder__cn60_08,不需修改,F11优秀档强调“保持材料、操作与学习目标一致，科学解释准确”，但F13良好档仅要求“无科学性错误”，两档对科学准确性的要求无实质区别。优秀档未体现更高标准，评分时可能无法区分水平，导致奖励不精准。,优秀要求本题组织与目标一致且解释准确，良好是基本符合，区别不只有科学性一项；重叠表述不意味着两级完全相同。
A174,lesson-builder__cn60_09,不需修改,题目核心是组织学生自带材料，重点在‘组织’（预防带不齐、处理危险品），而非材料设计本身。但D3优秀档要求‘明确可带与禁带材料、事前告知和到校核验’等，D4优秀档要求‘给出具体分工、参与规则和必要的风险处置’，两维度均未直接回应‘学生带不齐’时的具体组织策略（如分组共享、备用材料包）。判分可能遗漏本题关键要求。,D3明文提供缺材料学生共享或学校备用办法，意见漏读实际标准。
A175,differentiation-adapter__cn62_01,不需修改,量规优秀级要求“准确涉及云计算”，但未给出判断云计算准确性的具体标准（如概念要点）。审题者可能对“准确”理解不一，导致评分不稳定。,科学准确性标准无需在每道开放咨询里复制完整学科教材；评分有误应另用反例检验，不能据此认定题库没有云计算标准。
A176,differentiation-adapter__cn62_01,不需修改,合格级描述“未回应核心要求或有实质错误时低于本等级”未明确“实质错误”是否涵盖云计算概念错误或题目改写错误，判分时可能对部分错误降级尺度不一致。,实质错误自然包括本题云计算概念和改写约束错误，意见没有发现相反定义。
A177,differentiation-adapter__cn62_03,不需修改,题面要求作业须“耗时在15分钟以内”，D3优秀级也写了“15分钟内”，但合格级B仅说“回应了本题核心要求且方向合理”，未提及耗时约束。B级描述可能让未满足15分钟要求的回答仅因方向合理而获得合格分，与题面显式时间限制冲突，存在误判风险。,B也要求回应本题核心要求；明知超15分钟的方案违反题面硬约束，不是细节不足。无须把最高等级全部句子逐级复制。
A178,differentiation-adapter__cn62_04,不需修改,题目要求设计包含5个关键约束字段的台账（F2），D4评分标准未明确要求必须提供5个字段，仅描述“提供可用的5个关键约束字段”作为优秀标准，但未说明少于5个如何处理，与题目明确数量要求冲突。,不足5个不能获A；B可区分有方向但不完整的回应，部分等级不等于声称全部完成。
A179,differentiation-adapter__cn62_04,不需修改,D4评分标准允许“功能等价的字段组合”，但未界定“等价”的边界，可能导致评卷时对字段是否满足要求产生歧义，与题目要求“5个关键约束字段”的明确性存在潜在冲突。,等价以台账约束功能而非固定字段名判断，保留合理解空间；数量5仍明确。
A180,differentiation-adapter__cn62_04,不需修改,D1、D2、D4的评分标准均提到“回应核心要求”，但未明确“核心要求”具体指什么，可能造成评卷时对回答是否达标判断不一致，影响评分公正性。,核心要求由本题给定5字段及各维度功能确定，不是允许评分器忽略题意。
A181,differentiation-adapter__cn62_05,不需修改,题目明确要求设计“绝对不依赖老师主观汇报”的抽检机制，强调绝对不依赖主观汇报。但A级标准中“学生抽样反馈”本质是主观汇报，与题目显式要求矛盾，可能导致依赖主观汇报的方案获高分。,题面禁止依赖老师主观汇报，不是禁止学生抽样反馈；把老师与学生混同属于误读。
A182,differentiation-adapter__cn62_05,不需修改,A级标准仅提及“保护隐私”，但题目要求设计抽检机制，未明确要求隐私保护。若评分标准因未提及隐私而扣分，则超出题目要求，属于强制无关内容，可能错判合理方案。,抽检涉及学习记录，保护隐私是方案可行性边界，不必额外长篇隐私政策；不能因未在题面重复就允许暴露学生记录。
A183,differentiation-adapter__cn62_06,不需修改,题目明确要求“设置哪3个连贯的学习支持动作”，并检查学生是否完成闭环。A级正确覆盖3个动作；但B级描述未明确要求3个动作，可能仅回应核心方向但少于3个动作即得B，遗漏数量要求。,A完整满足3动作，B允许有方向但细节不足，不等于把少动作当完整闭环；无内容或错误仍低于最低级。
A184,differentiation-adapter__cn62_06,不需修改,题目同时要求“检查学生是否完成闭环”，A级要求“说明系统如何获得订正证据”，B级未提及证据要求；但B级可能通过“方向合理”涵盖，无法确定是否构成实质遗漏。,订正证据已在A明确，B允许不充分；分档区分完整度并非证据要求被删除。
A185,differentiation-adapter__cn62_09,不需修改,题干明确要求“不增加负担”且核心是给3名尖子生额外拓展，但F11中的合格（B）标准仅说“方向合理”，未对“减少负担”或“拓展资源”作任何约束，导致仅回应“方向”但未回答任何具体内容也可能被判合格。,B原句包含回应本题核心要求，不是只要方向二字；没有拓展资源或低负担办法不满足。
A186,differentiation-adapter__cn62_09,不需修改,题干中教师为机电专业，但量规未要求内容需结合该专业，可能允许纯通用方案；若通用方案被机械认定为“与专业无关”而扣分，则缺乏量规依据。,可用通用的复用、分层机制解决本题专业课问题，不强制编造具体竞赛题；纯无关学科内容仍不符合题意。
A187,differentiation-adapter__cn62_09,不需修改,题干中“3个特别拔尖的技能大赛苗子”暗示需兼顾竞赛针对性，但量规未提及竞赛准备或技能提升维度，可能导致完全偏离题干情境的回答仍获高分。,本题聚焦低负担提供拔尖拓展，不能推导出必须额外交付技能大赛训练计划。
A188,differentiation-adapter__cn62_10,不需修改,问题要求教师填写“哪两个核心核对字段”，明确指定字段数量为两个；而量规优秀等级描述“给出2个直接核对目标对齐的字段”虽提及数量，但未强调这是强制要求，仅以示例性措辞“如”开头，可能被理解为可选示例，导致评分时无法严格按两个字段判断。,A级原文先明确给出2个字段，后面的如仅举字段例子，不将数量变为可选。
A189,differentiation-adapter__cn63_01,不需修改,题干明确要求“极其简明”的模板和“立刻”协调话术，但F11优秀标准仅说“给出简明统筹表”和“提供协调话术”，未显式评价“极其简明”和“立刻”这一紧迫性要求，可能使未突出紧迫性的回答仍获满分。,简明表和协调话术已经回应紧迫需求；不靠是否复述极其、立刻这两个词评分。
A190,differentiation-adapter__cn63_01,不需修改,F2要求“砍掉无效重复题”，F11仅要求“协调删减无效重复任务”，将“题”泛化为“任务”，可能允许仅删减任务而不针对重复题目，遗漏题干明确要求。,重复题属于重复任务，题中还含绘图和代码，任务表述覆盖范围更准确，并未排除题目。
A191,differentiation-adapter__cn63_01,不需修改,F11提到“以给定110分钟叠加负担为讨论依据”，但F2中三科时长合计为30+40+40=110分钟，数值吻合，但未说明是否必须引用该数值；若评分时忽略未引用该数值的回答，可能过严。,以110分钟负担为依据不是要求逐字写110，合理方案可体现该总量；无须新增数字复述扣分项。
A192,differentiation-adapter__cn63_02,不需修改,题目明确要求‘硬性角色分工与轮流强制规则’，但D2优秀仅要求‘明确学习目标、关键操作和记录方式’，D3优秀虽有‘4人具体角色及轮换’但未体现‘强制’属性，均未直接回应轮流强制规则。,D3已有4人角色及轮换规则和个人核查，落实规则可在安全资格前提下执行，不要求强迫无资格者操作机器。
A193,differentiation-adapter__cn63_08,采纳并已修正,题目要求增加两项‘必须填写客观事实的约束字段’来防止人情刷分；量规A级却要求‘说明如何让事实对应评分判断’并强调‘允许等效字段’，这增加了题目未要求的额外解释义务，可能使仅正确给出两项字段的回答被降级。,采纳：两项字段本身能够表达事实与判断关系时，不应强制另交解释段落；明确字段设计内含关系也可满足。
A194,differentiation-adapter__cn63_08,不需修改,题目明确要求两项字段，量规B级仅笼统说‘回应了本题核心要求且方向合理’，未提及数量要求；但若回答只有一项字段，按B级描述可能被判合格，导致评分遗漏题目明确的数量要求。,A要求2项，B允许部分可修正不足，不能把部分等级理解为对完整交付的认证。
A195,differentiation-adapter__cn63_09,不需修改,题目要求把去年杂乱数据转化为新生可直接使用的“标准化实操题库”，并明确教研组暑假案头工作；F11只要求“说明如何核验、脱敏并整理”与“设备和场景适用边界”，未提及“实操题库”的建立，可能遗漏题目明确要求的题库构建环节。,D2整理核验数据，D3明确题目、目标、条件、参考依据、评分标准及试用校准，合起来覆盖题库建设。
A196,differentiation-adapter__cn63_09,不需修改,题目要求把“杂乱数据”转化为“标准化实操题库”，F19要求整理题目、目标、条件数据、参考判断依据和评分标准，但未明确要求“标准化”处理（如统一格式、难度分级），可能遗漏题目中“标准化”这一核心要求。,统一条目组成和试用校准已体现标准化；题面没有要求难度分级，不能借此新加强制分级任务。
A197,differentiation-adapter__cn63_10,不需修改,题干要求“如何兼顾考试要求”，D2优秀等级仅要求“说明与升学或职业资格考试的衔接”，未明确要求给出兼顾书面练习与考试的具体方法或安排，评分时可能遗漏题干明确要求。,D2已经要求书面与实操价值及考试衔接，实际对照已拒绝取消试卷且无视考试的回答；不必固定某一种安排模板。
