task_id,case_sha256,structure,content_review,evidence,skill_suitability,v4_answer_grading_calibration,overall
hinge-question-designer__01,9dda5ad036ea6b5776883147019678e6e7a54e27d8b0d8f6ac20c506cf932716,通过,待逐题内容验收,,待确认,未完成,待确认
hinge-question-designer__02,bc1fa6832db9c51c816caa9ede6672ae474486177f06aa52f9abe1aa587f4708,通过,待逐题内容验收,,待确认,未完成,待确认
hinge-question-designer__03,2b5f6e0720297e10a756951fd57ee60ac1f3b9f63e58829840c3447294714701,通过,待逐题内容验收,,待确认,未完成,待确认
retrieval-practice-generator__01,20890edd03937d864eae930b5277ad693cd66b9133975d26dd64800fc97348ff,通过,待逐题内容验收,,待确认,未完成,待确认
retrieval-practice-generator__02,0dcc5c2be116a8319d154e8ac9c7ef88480a978f0e1aab842d205f2024d5028f,通过,待逐题内容验收,,待确认,未完成,待确认
retrieval-practice-generator__03,92a4ff53dbc45e58b63764e9b0ebf78026008890273dc4f00ec1a661c483412e,通过,待逐题内容验收,,待确认,未完成,待确认
socratic-questioning-sequence-generator__01,45a667a6ea40216d1ebc25cfe9cf9ceab071630b98efa2e7dd26f78300c8068b,通过,待逐题内容验收,,待确认,未完成,待确认
socratic-questioning-sequence-generator__02,36c1a2cd65fcad71eaa8b446d2edefd9c8b4431193e70ff2deabb345eaf06aba,通过,待逐题内容验收,,待确认,未完成,待确认
socratic-questioning-sequence-generator__03,0955885d64767cd008d23d6019a40794518a778e4fa28fb9fc0255f3588d1fc1,通过,待逐题内容验收,,待确认,未完成,待确认
differentiation-adapter__01,ebc1757228409f56124ba39b5c209e1699a59b07e74fc44e35f4b9d5230e60e3,通过,待逐题内容验收,,待确认,未完成,待确认
differentiation-adapter__02,6103b18a2e3c041c0803c189070931cbba9b30574fd5a98bdcbe89c8f5fe5790,通过,待逐题内容验收,,待确认,未完成,待确认
differentiation-adapter__03,1d846ba455e89cc95c54229c6c9e47e059d6e98a301d83a90ff1066d406b398c,通过,待逐题内容验收,,待确认,未完成,待确认
motivation-diagnostic-task-redesign__01,97bb7ec3b100339c6f1fdef811909d211de078f7ed417491a2021acb7fb04cdf,通过,待逐题内容验收,,待确认,未完成,待确认
motivation-diagnostic-task-redesign__02,6073daf328cc0efbea2258a78353109c23c5610baf3f0841ed1813f7585a66c0,通过,待逐题内容验收,,待确认,未完成,待确认
motivation-diagnostic-task-redesign__03,7316f29a436845e69680690667bd21a526f0c9b88f05e6762a646e2ba8f81ad0,通过,待逐题内容验收,,待确认,未完成,待确认
self-efficacy-builder-sequence__01,11fa6c13e85eae9596bd946a03eb1fa43b07e5094ab31fcbdda0c4f63ebe2076,通过,参考与评分一致性修复后复查通过,参考与评分均允许具体反馈旁的普通支持性鼓励，禁止把泛泛表扬或高成就同伴比较当主要干预；未认定真实教学效果已验证。,待确认,未完成,待确认
self-efficacy-builder-sequence__02,014ede5a1aaeeb3bcdeb896becc1c43f1021dc06c5d814f007732ec755bfc17c,通过,待逐题内容验收,,待确认,未完成,待确认
self-efficacy-builder-sequence__03,cf7ccd6a54f7ff69e2b1376ae825fdf96b8d3345f3053829268a93eb89ac73ba,通过,待逐题内容验收,,待确认,未完成,待确认
backwards-design-unit-planner__01,9f4de9292980e052a14550e59aac60694350002e4160824adaad78ca541631a0,通过,待逐题内容验收,,待确认,未完成,待确认
backwards-design-unit-planner__02,57440dd9474782f6e3c20d857de3e162c7f7b2ca1de79658eb80dce3746b53e0,通过,待逐题内容验收,,待确认,未完成,待确认
backwards-design-unit-planner__03,58653f05402c2a603664d49e8bd8e9a9deabbf5a60710141043ae908248ad829,通过,待逐题内容验收,,待确认,未完成,待确认
lesson-builder__01,9aa1e1e62f400bcb19e49b6a1f2defa1a3b09a1b22d6c0f3890df74ab9dcbfd1,通过,待逐题内容验收,,待确认,未完成,待确认
lesson-builder__02,520ad29126778267a87e9ffd8f65e6a7eaa2149b52bc374f941cf0d8149caf15,通过,待逐题内容验收,,待确认,未完成,待确认
lesson-builder__03,05e004da043f8a1c8a924411f6a809d755c2d2d04126b4014976c522816717f4,通过,待逐题内容验收,,待确认,未完成,待确认
adaptive-hint-sequence-designer__01,5b4e12f346c7fac35c9abd33a1c3b172f0bbcba447b9c23a47885a6bc273cdfe,通过,待逐题内容验收,,待确认,未完成,待确认
adaptive-hint-sequence-designer__02,29f1c70a036253beb06c3700aafd44a37ca379f6037201f32bcce9219db212a8,通过,待逐题内容验收,,待确认,未完成,待确认
adaptive-hint-sequence-designer__03,3705ac27a3550181aa582440341494441340cd9adf85875330f71d28e14abe90,通过,正确性专项通过,"利润 (20-Q)Q-(4Q+10)=54-(Q-8)^2；在 [0,20] 内 Q=8 全局最优，P=12，利润54；端点为-10、-90。",待确认,未完成,待确认
self-explanation-prompt-designer__01,0d43719c1b9d9a63bd0da61f58452a08893743a3d5adbc1b57eefe6815a930a4,通过,待逐题内容验收,,待确认,未完成,待确认
self-explanation-prompt-designer__02,0ccd4ae7ae34f4dfea2cedf7862d201c6f59e682f29bbe2233b62a70753dfb0d,通过,待逐题内容验收,,待确认,未完成,待确认
self-explanation-prompt-designer__03,fcc3103c2ea4135519c98230f792a24069d9c126a034ea9b1d932b8bc6659760,通过,专项复查通过（范围见证据，非整题通过）,物理计算专项：0.5×0.4×(0.3²−0.1²)/2=0.008 Wb；导数0.5×0.4×0.2=0.04 Wb/m，乘3得磁通变化率0.12 Wb/s。内法向为正时电动势−0.12 V、电流−0.06 A，故逆时针；不能用前缘磁场乘全线圈面积。题面、参考和评分数值一致。,待确认,未完成,待确认
emergent-project-design-scaffold__01,f8cc3ba550d0243a255a33447d9fbc6456d8fb244e4d1fbdf6ae20d416c3e47d,通过,待逐题内容验收,,待确认,未完成,待确认
emergent-project-design-scaffold__02,4d8081da915992940506ddfbec662f7c94d6c8d14742d376a525aa228d9cf785,通过,待逐题内容验收,,待确认,未完成,待确认
emergent-project-design-scaffold__03,10c0d7d380bab12f1ba49d19bf46577323270f29daba7e105d90e17ba606bda0,通过,待逐题内容验收,,待确认,未完成,待确认
project-brief-designer__01,69a8ca6889d52f5d1602675f220fa10889d7a8be328520e62e7523461e90d5f6,通过,待逐题内容验收,,待确认,未完成,待确认
project-brief-designer__02,4f9d22a6a5c7c331ae90125460000245bf5c816701219936d0edc078b7b32bcb,通过,待逐题内容验收,,待确认,未完成,待确认
project-brief-designer__03,4ac395c378493a57707686300c2c30173aa25deb1d11d732976aa77cc7fa22af,通过,待逐题内容验收,,待确认,未完成,待确认
spaced-practice-scheduler__01,2aeefa35d915d0b2bc7d03e0e9e8ced68bbbc4fbfdf9f24d3254592c26ac2862,通过,待逐题内容验收,,待确认,未完成,待确认
spaced-practice-scheduler__02,52a684161cd5f0602b038c17ed283ef49b508a4962a21a4e719b67cdbd0c187c,通过,待逐题内容验收,,待确认,未完成,待确认
spaced-practice-scheduler__03,5f8c07bd7f72b411bab941fe0c8245d5785e0188fd786b309ac62d335d80d59d,通过,待逐题内容验收,,待确认,未完成,待确认
ruler-emotional-literacy-sequence__01,c34e51940a08839337bc1f8805325cf06dd7b63b7be69d0c9dc639d428ac7bea,通过,待逐题内容验收,,待确认,未完成,待确认
ruler-emotional-literacy-sequence__02,30bd0772ea5226d4655a96828f6938c4c4245180d4c6786f646987eee659d1f8,通过,待逐题内容验收,,待确认,未完成,待确认
ruler-emotional-literacy-sequence__03,bba9754cefacc273b57ea6f2cd4da135264e8623a0d7831e8832d3c085f1757a,通过,待逐题内容验收,,待确认,未完成,待确认
lesson-builder__cn01_01,8f5391843604bd4a912fa05ccbf9714734c1f91faf96405c718576e47c1228d3,通过,待逐题内容验收,,待确认,未完成,待确认
lesson-builder__cn01_02,a2c5f7c943ad54be0b9f88d138583b47133063564499c54bbb12d9bdbc4e5136,通过,待逐题内容验收,,待确认,未完成,待确认
lesson-builder__cn01_03,f51620c9102ceb96f55cae739518dd7210f08beb84a4fbadf6e35681a4fdafdb,通过,待逐题内容验收,,待确认,未完成,待确认
lesson-builder__cn01_04,5813832f429c0befcb3f71f74a340f4777d6fe06a5d90150523f0a4074477e76,通过,待逐题内容验收,,待确认,未完成,待确认
lesson-builder__cn01_05,b4fd874309ecbab07b57221e8a4ddbdcd05707b971469e97fd1fb4a460849c64,通过,待逐题内容验收,,待确认,未完成,待确认
lesson-builder__cn01_06,4605722ce0d5de5a6acdca39c05306d2d742d275856d8d20b64348e4961f6f3e,通过,待逐题内容验收,,待确认,未完成,待确认
lesson-builder__cn01_07,7dbe369ed29df580d7bda828a1b8da2c28511402da6f68b6901053733548167a,通过,待逐题内容验收,,待确认,未完成,待确认
lesson-builder__cn01_08,f014967ba82a16deb0bacd97ed5827abe508e74d04565a90144173fa9f6a3769,通过,待逐题内容验收,,待确认,未完成,待确认
lesson-builder__cn01_09,0e35c5cdbd45aac8c23b91fd63bd55051d5b874430c97ba7fb85e0d1e5ef4eeb,通过,待逐题内容验收,,待确认,未完成,待确认
lesson-builder__cn01_10,62bd026c15194f74828da74eb2f303a37f1087ad6a4d94e9908a4314653ba915,通过,待逐题内容验收,,待确认,未完成,待确认
lesson-builder__cn02_01,973d59a7615b993249ffd82a73d54077167b5cd29f633256f339d6eb88fa5cb2,通过,待逐题内容验收,,待确认,未完成,待确认
lesson-builder__cn02_02,6513c5e2c0bdb4d3211b7adb000a37d94d7e6e64af3c40c055cf97a27b3244db,通过,待逐题内容验收,,待确认,未完成,待确认
lesson-builder__cn02_03,2a7e941cb1636a31e11bf92630a6041d247ce2776cc28e93994567815b8ce4a1,通过,待逐题内容验收,,待确认,未完成,待确认
lesson-builder__cn02_04,17359c3eb0f79b68450b8e4b9d1dca8c74a9d0782f4133414fbe129588f03495,通过,待逐题内容验收,,待确认,未完成,待确认
lesson-builder__cn02_05,b89151ff7ef663fffb2bdd3d3c3946ae7d05d97295869acc2d4402d2c96b04c9,通过,待逐题内容验收,,待确认,未完成,待确认
lesson-builder__cn02_06,25d197874984c8df6a9f95ccebe9985aa3961e4261d96d89b1a70e8edb6b43ff,通过,待逐题内容验收,,待确认,未完成,待确认
lesson-builder__cn02_07,221f390395492464d7ba2d26b0fe2bcc35f4a989577f2e79fa36750ee5fc7eda,通过,待逐题内容验收,,待确认,未完成,待确认
lesson-builder__cn02_08,82d1b4f6959b5dd736d22f4e8b96fdabb98afc03a69d42ace9879fd804c72a8c,通过,待逐题内容验收,,待确认,未完成,待确认
lesson-builder__cn02_09,fc7ab22f0145946723fca6a4883357b72f32a23ed159c339a38d1481014805d9,通过,待逐题内容验收,,待确认,未完成,待确认
lesson-builder__cn02_10,388f3593945d4fa9b3c49bbaabcc5de8fefb525386ee482acfc92ba49fc273c5,通过,待逐题内容验收,,待确认,未完成,待确认
lesson-builder__cn05_01,836ff0147227f60027ed8a2e2fd5f49c80e29296540d0cba8ec384a7a97bbd97,通过,待逐题内容验收,,待确认,未完成,待确认
lesson-builder__cn05_02,547d69a912b91e72a2848d951f83ba954ee212b8526b653c5421c8f5149744af,通过,待逐题内容验收,,待确认,未完成,待确认
lesson-builder__cn05_03,6a64f6306ba16d26d0edda358266cbe65f2c56b23217686bc79822271745a23b,通过,待逐题内容验收,,待确认,未完成,待确认
lesson-builder__cn05_04,007fea72aabb82fb7d965bf727e948e4443e9ddf82819be1fe3f81605c81dc9b,通过,待逐题内容验收,,待确认,未完成,待确认
lesson-builder__cn05_05,26aa0bd00cc4db8aa958285120ec9c39690deb70cfbbd158d100d713313bd27e,通过,待逐题内容验收,,待确认,未完成,待确认
lesson-builder__cn05_06,55032eebc037bcd332b6ce471f945604f71ada9012f0a4b9d2845af5e68c95d8,通过,待逐题内容验收,,待确认,未完成,待确认
lesson-builder__cn05_07,59d27253cfda16eadfc3e003416f15f91a18e470963df9967f02d10394ff3d57,通过,待逐题内容验收,,待确认,未完成,待确认
lesson-builder__cn05_08,22cb456cafc5f13ec0c3e95be6b7a81379b7262b2be313dd031a8e617de6d45e,通过,待逐题内容验收,,待确认,未完成,待确认
lesson-builder__cn05_09,bc9cba23001931ab9daf89dfa7d1a6501ff032524782406fad8031b7f453c2b8,通过,待逐题内容验收,,待确认,未完成,待确认
lesson-builder__cn05_10,09d0794e63f0dc5c2d7b3adb3ea4157be679d4dcbb70328b8c6b2840ec30fbcb,通过,待逐题内容验收,,待确认,未完成,待确认
differentiation-adapter__cn07_01,0d76bbec494f63a74cf74e8a085b3c57afa1b4c2a9109bfffe4a3e9817fe477b,通过,待逐题内容验收,,待确认,未完成,待确认
differentiation-adapter__cn07_02,ff8aeeee2f20de98aa33388406a265bcca5d5d7875ed932bc757e1eefcb33874,通过,待逐题内容验收,,待确认,未完成,待确认
differentiation-adapter__cn07_03,6bafa05d26ddfb2b5e17513d35c5ce7aa2cfbf1d9665970b894920aaf36066f5,通过,待逐题内容验收,,待确认,未完成,待确认
differentiation-adapter__cn07_04,0f50ef1e3ff8755afd5b321b61db76d467cec8d79bdc2368346f2fbcdb312b9d,通过,待逐题内容验收,,待确认,未完成,待确认
differentiation-adapter__cn07_05,afa33a3670218436df60e43830607dd0b3a19019a6bd284a09872d198a5c8465,通过,待逐题内容验收,,待确认,未完成,待确认
differentiation-adapter__cn07_06,3b94dbcb0d0f085adf044c0f20a74192b7d2f92a37c0fe5fe6da837ba7525134,通过,待逐题内容验收,,待确认,未完成,待确认
differentiation-adapter__cn07_07,d5968d1a2addf26f12c42a4f605b7258bc77ab00f6c175015f1b4c643e1ec62d,通过,待逐题内容验收,,待确认,未完成,待确认
differentiation-adapter__cn07_08,4d913c00f06b4cc0fe7044343dd181cafae57d2b12eac05fc090431174838809,通过,待逐题内容验收,,待确认,未完成,待确认
differentiation-adapter__cn07_09,b703deda3957add78f8a2e72ba4240ad2c39e4402cfc54cfd0330b811f58bc68,通过,待逐题内容验收,,待确认,未完成,待确认
differentiation-adapter__cn07_10,54459900ec0791743a7f9903d4df37ce733dd89c872693c9dd5dedbf2c49d3b0,通过,待逐题内容验收,,待确认,未完成,待确认
lesson-builder__cn18_01,1e8af5b0195d8f384be12275774e11befad52c199f74faecd26a88b0f3c8c5d2,通过,待逐题内容验收,,待确认,未完成,待确认
lesson-builder__cn18_02,f2e667a588ac1dacdd8b21ef8ee3820db39f5612c9b5a540e86f089524e07947,通过,待逐题内容验收,,待确认,未完成,待确认
lesson-builder__cn18_03,8af9466786b644fa0af534e82c838fa8507f6ec8c44b2e0e6d9b5fb2848682cf,通过,待逐题内容验收,,待确认,未完成,待确认
lesson-builder__cn18_04,a464c6fd23418f25d7831f73a1b6898a55ca3f29c8c788531f4c0f5707213ed1,通过,待逐题内容验收,,待确认,未完成,待确认
lesson-builder__cn18_05,753a05d6197a61242bb2308c97fbd3cbabd4295c02f939518172d600463429d5,通过,待逐题内容验收,,待确认,未完成,待确认
lesson-builder__cn18_06,1806396f2db3aa1a62ee353f6d353ed0f5b53ef7304df7889b3497b5c8fee645,通过,待逐题内容验收,,待确认,未完成,待确认
lesson-builder__cn18_07,d1ad859004c1b475270cd63e6b45b2e8771a8c915d90ddae42798d2b07498e83,通过,待逐题内容验收,,待确认,未完成,待确认
lesson-builder__cn18_08,c41f81441bd86029d9553c922b1f5f98eab2362b80de7bdb6c9706ab43ba1580,通过,待逐题内容验收,,待确认,未完成,待确认
lesson-builder__cn18_09,6c3c0da560eb76253584f25580b5aa7dbed479adecde6b6255a0c704aa82f84a,通过,待逐题内容验收,,待确认,未完成,待确认
lesson-builder__cn18_10,4c5d8af7a31136028980614564ec89a7f224be64486468335e911f24aff74d9d,通过,待逐题内容验收,,待确认,未完成,待确认
lesson-builder__cn21_01,1f72ab73ca31fcdca03c5b73dcd6a2a3793b86341252c607fe97baf72d99fb58,通过,待逐题内容验收,,待确认,未完成,待确认
lesson-builder__cn21_02,3af6963ffddc08de106a68e4141cf81e59b9cd8c81642a0b63f11999fd481a49,通过,待逐题内容验收,,待确认,未完成,待确认
lesson-builder__cn21_03,eca532820ae3a059b0f848b0b669e21ffb24c2a5cbd2b9dde730e5e3d29bee8a,通过,待逐题内容验收,,待确认,未完成,待确认
lesson-builder__cn21_04,c308598684202179e10de852c04da2926b83c36d676a397518129606e840d092,通过,待逐题内容验收,,待确认,未完成,待确认
lesson-builder__cn21_05,f77f440d65ea9c97e8df548fb5d46b3b37170ff10c5c9e54fdabe0dafe12d489,通过,待逐题内容验收,,待确认,未完成,待确认
lesson-builder__cn21_06,fb069715e1554baa3ef88e39f95506e163c0844082923fb48e6e64b9e3f36ae5,通过,待逐题内容验收,,待确认,未完成,待确认
lesson-builder__cn21_07,3e5d91456ffa7896ba4ffb63c704c5a032640616b6b0dfc74c5777d5caa7adaa,通过,待逐题内容验收,,待确认,未完成,待确认
lesson-builder__cn21_08,d4e38160836f618790caec53439d8f1b51410a86b06dcea5454e03a75117ccf6,通过,待逐题内容验收,,待确认,未完成,待确认
lesson-builder__cn21_09,5a9d1c6574a9758c798289abd267363f99e324f710a9b4e4b24d2ce7df9868b0,通过,待逐题内容验收,,待确认,未完成,待确认
lesson-builder__cn21_10,ea928ac27c80386f4b6e36d629b50ce21ba85f4372c58c8536dd6836a73f72c6,通过,待逐题内容验收,,待确认,未完成,待确认
lesson-builder__cn22_01,104cab417f36272a8b5f36489c86d1a0c2142e29f1d7357ed523a5a5b72a3d6e,通过,待逐题内容验收,,待确认,未完成,待确认
lesson-builder__cn22_02,25dc63dbf08cceec1cb26598eb1c888b2ed30edc0f729fc38eefad83b37c3d65,通过,待逐题内容验收,,待确认,未完成,待确认
lesson-builder__cn22_03,c61d1284465ddf668b2c7a77426a5c972ab708247a096a5bc26868a316a0e177,通过,待逐题内容验收,,待确认,未完成,待确认
lesson-builder__cn22_04,dd9fc927b7171d09daeae3054bf8f18e6c65a92a4dd0881b04b69544a239972f,通过,待逐题内容验收,,待确认,未完成,待确认
lesson-builder__cn22_05,02257b2d25d4715305053936cceea80f8ea7d854a68059ec9e04afa42a0984a7,通过,待逐题内容验收,,待确认,未完成,待确认
lesson-builder__cn22_06,52a80139d525d62f094e8d770604b1be5f1582af16760709e33d7285a82bbd8d,通过,正确性专项通过,非零平面向量有大小和方向；零向量无唯一方向。自由向量平移不改变相等关系。,待确认,未完成,待确认
lesson-builder__cn22_07,59cc2a84ba35634d16a4a11761bbcf5e1bd14868abd138446e57e901ece3631f,通过,待逐题内容验收,,待确认,未完成,待确认
lesson-builder__cn22_08,bd3b93ba155b6cbc0a5fa52d3fba7192d484760b426843b3cce8715f8e4c2c8a,通过,待逐题内容验收,,待确认,未完成,待确认
lesson-builder__cn22_09,c1569af4339056f741bbfd2f65ce3de7bb62d729c2af0f50f64b403041be8cf9,通过,待逐题内容验收,,待确认,未完成,待确认
retrieval-practice-generator__cn23_01,c22f6672cf8633895c7f569dea50fe9e9648cf3a4f9e565b8f87987c6e2cd939,通过,待逐题内容验收,,待确认,未完成,待确认
retrieval-practice-generator__cn23_02,846337ec6ea67b3ae008f632d5ff261658d423345fcafff6ad8759e3362cad75,通过,待逐题内容验收,,待确认,未完成,待确认
retrieval-practice-generator__cn23_03,e4ddba45ce009e53aaf75fc8262ae5395aa73c5e2d1d8bb2ca76fe28be92fc2b,通过,待逐题内容验收,,待确认,未完成,待确认
retrieval-practice-generator__cn23_04,3e18646ad666d88c6bd12af106a23f604e7d0e70882fbfdeaee12096406b9c45,通过,待逐题内容验收,,待确认,未完成,待确认
retrieval-practice-generator__cn23_05,7c22abc8a912392010cacb3d539de1dea591ccf6291c35a8d0982cc73eb4a341,通过,待逐题内容验收,,待确认,未完成,待确认
retrieval-practice-generator__cn23_06,b5c65dce66e66bed7adac8f3e5eeb17a0be7b18dda9097d43406a2bc70af480a,通过,待逐题内容验收,,待确认,未完成,待确认
retrieval-practice-generator__cn23_07,3848e4c26bb827e289799993896ccbd39e5e2aae4ed513c323112c86e413640a,通过,待逐题内容验收,,待确认,未完成,待确认
retrieval-practice-generator__cn23_08,de800bfb8d8179fe3f650c61ebbc167c82c1639dc6ea8cf8f2ed72a284d45cdf,通过,待逐题内容验收,,待确认,未完成,待确认
lesson-builder__cn24_01,c70c8718fff88e94d20754602a759b1b49dd56adcee55c6a77dc5ccafe075dcb,通过,专项复查通过（范围见证据，非整题通过）,主题与定理专项：两个相交面内方向张成平面，均与待证直线正交才能推出线面垂直；x轴与y轴垂直但仍在z=0内，反例成立。当前参考及关键评分均对应线面垂直。,待确认,未完成,待确认
lesson-builder__cn24_02,85f5117088720082fec39aad1b389401944577ad27edb8151665de7c7b074758,通过,专项复查通过（范围见证据，非整题通过）,主题与定理专项：两组独立平行方向确定相同平面方向，还需两平面不重合；z=0与y=0虽共享x方向仍相交，单组方向不足。参考和评分一致。,待确认,未完成,待确认
lesson-builder__cn24_03,4c99ac61471a7aea87367095c39cf9dbac711871fa37e4f5e9dffdb03b2f7a64,通过,专项复查通过（范围见证据，非整题通过）,主题与定理专项：一个平面包含另一平面的法线时两面垂直；x=0和z=0的公共y方向不是任一面的法线，不能推出所有直线垂直。当前已对应面面垂直。,待确认,未完成,待确认
lesson-builder__cn24_04,7229c8e2f50075f2abe3824202193c156670a28ac4a23afdecc244af5ee35c12,通过,专项复查通过（范围见证据，非整题通过）,主题与推导专项：取面内直线方向u，有u·OA=0，故u·AB=u·OB；两个垂直条件等价。B≠O保证投影方向非零。题面、参考、关键评分对应三垂线定理及逆定理。,待确认,未完成,待确认
lesson-builder__cn24_05,e5f9be48e12c05f14159381f6f8428aff282c7e75878b39b766f4bee3db923a0,通过,专项复查通过（范围见证据，非整题通过）,主题与计算专项：由向量差的平方得到c²=a²+b²−2ab cos C；3²+4²−24 cos90°=25。SAS用夹角、SSS求角，当前参考和关键评分已对应余弦定理。,待确认,未完成,待确认
lesson-builder__cn24_06,83d0134ea84dc5f989d88131681caee8a40e14553d5df7918f35d33dbd4ee7ea,通过,专项复查通过（范围见证据，非整题通过）,主题与反例专项：sin B=8 sin30°/5=0.8；B约53.1301°或126.8699°，分别余下C约96.8699°或23.1301°，均可构成三角形。当前明确SSA不能只取反正弦主值。,待确认,未完成,待确认
lesson-builder__cn24_07,cee141db0291900f5d163b45b604211890b5641e5e70adaf65a9207ca7e6b601,通过,专项复查通过（范围见证据，非整题通过）,"主题与推导专项：正边长且构成三角形时，余弦定理给cos C=(a²+b²−c²)/(2ab)，等式成立即C=90°；3,4,5通过，2,3,4不通过。参考及评分对应勾股逆定理。",待确认,未完成,待确认
lesson-builder__cn24_08,55e038f244de12ef53b6629f25c0ff940b8cb2aaf1f33d14e2a5bd628418f69c,通过,专项复查通过（范围见证据，非整题通过）,中位线范围专项：M=(A+B)/2、N=(A+C)/2，故N−M=(C−B)/2；平行且半长需要中点条件。已明确为三角形中位线；题源是否本来指其他中位线范围仍待核对。,待确认,未完成,待确认
lesson-builder__cn24_09,d1f42ffad3b46d6016fac0a4e47b4b8af6c2d569b73bf4af2b3e7d1499929fa9,通过,专项复查通过（范围见证据，非整题通过）,"主题与边界专项：二维行列式为零表示线性相关，b非零时可写a=λb；(0,2)与(0,5)行列式0，(1,0)与(0,1)行列式1。不以分量比除零，零向量不作直线方向。",待确认,未完成,待确认
lesson-builder__cn25_01,88d3e249a29dcb7e4ade83ab9b55c13db48c677b9c7f8e13f738f3fb608a8b5d,通过,专项复查通过（范围见证据，非整题通过）,"主题与计算专项：x+y=6且非负给出x∈[0,6]，xy=9−(x−3)²≤9，x=y=3取等，端点均为0。当前已围绕选主变量展开，不再以梅涅劳斯代替；对原竞赛术语的覆盖充分性仍待题源核对。",待确认,未完成,待确认
lesson-builder__cn26_01,73d7c48ae1d729c7c64b3fdf7305b99ba369475b2002aafeb5c489927b16429f,通过,待逐题内容验收,,待确认,未完成,待确认
lesson-builder__cn26_02,1bdee5d3e610c3f3ca637e89161b154b750d9f0d7e04db94c56820baac2770af,通过,正确性专项通过,命题定义限定于经典初等逻辑；P充分于Q为P⇒Q，P必要于Q为Q⇒P。反例：2是偶数但不被4整除。,待确认,未完成,待确认
lesson-builder__cn26_03,13d6bf43ac13771bde4e56762cd0247ac8b5f65fbf03cc9ea646b8f9981c58fd,通过,待逐题内容验收,,待确认,未完成,待确认
lesson-builder__cn26_04,e83f407e4a930e7d24961e9c5a654a6aa967a5c3c89d0024c522458d94f61c93,通过,待逐题内容验收,,待确认,未完成,待确认
lesson-builder__cn26_05,4864c97a10ca1f875978663e1b97ce8d349c59c0e98995336b1faa8449924255,通过,待逐题内容验收,,待确认,未完成,待确认
lesson-builder__cn26_06,89042f95b4b420f99520be5045ded2f6802c9ac5b325c20182c33ca0669b28f0,通过,待逐题内容验收,,待确认,未完成,待确认
lesson-builder__cn26_07,2ae7432f5315b0e7fe1ebfc590894b32a0eb11882108c520bae6b01daa933a96,通过,待逐题内容验收,,待确认,未完成,待确认
lesson-builder__cn26_08,42885d33a9a053c1d06b72362a0d614f4423f57caf47afa480b8359faf54e546,通过,待逐题内容验收,,待确认,未完成,待确认
lesson-builder__cn26_09,742d001bf22387094164bcc37c8ed9bbee3130819cd5243cf190ee26428fa3e7,通过,待逐题内容验收,,待确认,未完成,待确认
lesson-builder__cn27_01,f90a0170fb7adbbb21f78976b6f0bccf294a0ea94d362b8825630b3c1d22f2e1,通过,待逐题内容验收,,待确认,未完成,待确认
lesson-builder__cn27_02,162b144abb11a1d0bc04b0009f9c065466844676c485cadfe7a088c560fdfab6,通过,待逐题内容验收,,待确认,未完成,待确认
lesson-builder__cn27_03,d2303206fc0b58d6705358a3721923da37effe9b75686b4b2068676ff7fcc938,通过,待逐题内容验收,,待确认,未完成,待确认
lesson-builder__cn27_04,52e40ab66dce5ea44d25c50c19e28f85ed1c438dd740a9c334838a66ddc94b9b,通过,待逐题内容验收,,待确认,未完成,待确认
lesson-builder__cn27_05,c80a5742c4844490890269de226a2d928b8245689057754b64ba3899e024b90a,通过,待逐题内容验收,,待确认,未完成,待确认
lesson-builder__cn27_06,5f6ea1b722bf463c3558ea62a0d2f70d4eb6500ab3d1324391bd4476ea279f8e,通过,待逐题内容验收,,待确认,未完成,待确认
lesson-builder__cn27_07,555e82ce7e7a4dda62a178e65ea1c55594bc562a9fc0f7585529783e16e7b546,通过,待逐题内容验收,,待确认,未完成,待确认
lesson-builder__cn27_08,2f9798beb8dfb0e2b6ed40e99d00b59ddfde26e4cca40ad8a78f38b1bb5e39f5,通过,待逐题内容验收,,待确认,未完成,待确认
lesson-builder__cn28_01,cd9f3ad64728e11551f8c781ea015b6e55606ba65c8496c8aaae58705eb01d01,通过,待逐题内容验收,,待确认,未完成,待确认
lesson-builder__cn28_02,4e4f545a35bc80d7ede6b7faa9938a6a584ce2eb660ec47e7375564ec17cbaa1,通过,待逐题内容验收,,待确认,未完成,待确认
lesson-builder__cn28_03,eb4120cf52dfb40bac9eedb5451bca30ceec9b46bf459588971d6aea9e7089a8,通过,待逐题内容验收,,待确认,未完成,待确认
lesson-builder__cn28_04,d78721376c88c6deaac8e5479ebaf89052dd931701d73f4e37f05080702ddf6a,通过,待逐题内容验收,,待确认,未完成,待确认
hinge-question-designer__cn29_01,2293f8b69e7ea6744597c7dfaf0cabe10ffec2a2efcc55dea2b1ebb263c73484,通过,待逐题内容验收,,不通过：当前Skill用途,未完成,不通过：当前Skill用途
hinge-question-designer__cn29_02,1ea0676452cccb44f8fcd3002ef63591ed68510b031f6542425adfc0eba185a0,通过,待逐题内容验收,,不通过：当前Skill用途,未完成,不通过：当前Skill用途
hinge-question-designer__cn29_03,ac62381a53aa8da5eb80a8b641c7eb7d54a65a2d8eebb9ea7a083e8fd34e4044,通过,待逐题内容验收,,不通过：当前Skill用途,未完成,不通过：当前Skill用途
hinge-question-designer__cn29_04,261a3dbb7137ecdc42f85c3390668872061a1fac0226bc6cef44c02c6bcb2cc4,通过,待逐题内容验收,,不通过：当前Skill用途,未完成,不通过：当前Skill用途
hinge-question-designer__cn29_05,b03702806a04b1c9b543aff2f9b49835f836bbd1591b13977dbab62bb4d14f3f,通过,待逐题内容验收,,不通过：当前Skill用途,未完成,不通过：当前Skill用途
hinge-question-designer__cn29_06,6cf1e406f9a00441fe3bf659f004ab50b0bfccedfc2fdc8f411758b2b6b17fef,通过,正确性专项通过；Skill用途不通过,x²-2x+c=(x-1)²+c-1，全体实数恒非负等价于c≥1；内容可成立，但任务不要求生成选择题，不符合当前hinge Skill交付物。,不通过：当前Skill用途,未完成,不通过：当前Skill用途
hinge-question-designer__cn29_07,350c73da1ac7827b71fd79451e3dbcadee4088a883f0e998c7e122ab17734724,通过,待逐题内容验收,,不通过：当前Skill用途,未完成,不通过：当前Skill用途
hinge-question-designer__cn29_08,9792f0cc3350371ddd7e1ee0a205ce916fbfd43d9e30d39a6af32932cb9f5aac,通过,待逐题内容验收,,不通过：当前Skill用途,未完成,不通过：当前Skill用途
hinge-question-designer__cn29_09,e736819d031c663a9260c6e1f4fbc08c19adea0e0c99aad8628c3a877cd4d2f1,通过,待逐题内容验收,,不通过：当前Skill用途,未完成,不通过：当前Skill用途
lesson-builder__cn30_01,8ee31691855fe3fd73fd2cf7aebd7795bca1c8d655d0c3cc9fd4b3d0fcd23fce,通过,待逐题内容验收,,待确认,未完成,待确认
lesson-builder__cn30_02,71d080e0e66f3483a7c230a4f11bbddd7449cc9dcb95c368a3ddfc1bffcac087,通过,待逐题内容验收,,待确认,未完成,待确认
lesson-builder__cn30_03,55201f6bdaf961acd4489e8bd4dfbc282cd37e6703118698bf63338c437b0d99,通过,待逐题内容验收,,待确认,未完成,待确认
lesson-builder__cn30_04,4d2d6e84c1949229830d2c28af6a3ca57fed62179e875b59c86fbfb58a7f79df,通过,待逐题内容验收,,待确认,未完成,待确认
lesson-builder__cn30_05,dc5186726b8f386dce5b501b63eb28aee34c913d4de386acdcadd65cd2952c95,通过,待逐题内容验收,,待确认,未完成,待确认
lesson-builder__cn30_06,19cc748f40f970a68526ca8d26dff3b0e656b7de840be15909bca1cd2cff2473,通过,待逐题内容验收,,待确认,未完成,待确认
lesson-builder__cn31_01,6e41ab172ce3ec00490a3eb992ef12036fb52939944023371036bda38fc31b67,通过,待逐题内容验收,,待确认,未完成,待确认
lesson-builder__cn31_02,f36451b8707c02185384dc9573516f8667ecf613040381396458cb7902909c11,通过,待逐题内容验收,,待确认,未完成,待确认
lesson-builder__cn31_03,20d189f552e7d55d257c2ec41e417dc04bf6d36f0982f27dc97fd713a42c6306,通过,待逐题内容验收,,待确认,未完成,待确认
lesson-builder__cn31_04,a82db5483c36b1c567530ad4db6e8c2b8832d5dc1d9d8edae885fb2bd6671d3f,通过,待逐题内容验收,,待确认,未完成,待确认
lesson-builder__cn31_05,0c35bb0439a03d8c2ffb877066a7b71312ca9d0388bf861e01a3796b387513c7,通过,待逐题内容验收,,待确认,未完成,待确认
lesson-builder__cn31_06,fc77065c979e723f8120f48d545a344fc05bfd9826163321dacb2e3a0bf05727,通过,待逐题内容验收,,待确认,未完成,待确认
lesson-builder__cn31_07,2c61d34347378bfadf02feffe26bad1a71b1c9ca203fb7cda2217fb0183e9ee5,通过,待逐题内容验收,,待确认,未完成,待确认
lesson-builder__cn31_08,dc9d16fe0e83840c9691721d9429754124b7691ea65dbfce786e05b18d379ca6,通过,待逐题内容验收,,待确认,未完成,待确认
self-efficacy-builder-sequence__cn35_01,77d96b46335dc912f4fd30482ccc8a2de2e83de7576ac37f3af0ced006c41f6d,通过,待逐题内容验收,,待确认,未完成,待确认
self-efficacy-builder-sequence__cn35_02,254edc11c418e2b41931a9b9021f2fa4336ce7bebfa312988523740a3626c835,通过,待逐题内容验收,,待确认,未完成,待确认
self-efficacy-builder-sequence__cn35_03,2565ff46889fb28c7606d21fc5defcb568b8a51de3e814ab3413a3c00b5f2f76,通过,待逐题内容验收,,待确认,未完成,待确认
self-efficacy-builder-sequence__cn35_04,e4b11518f360495264cd3cb43b37620f5c39c413a15fe8eee9bb0a0cabcd7fd9,通过,待逐题内容验收,,待确认,未完成,待确认
self-efficacy-builder-sequence__cn35_05,e0832f8bb68182a69cb56394dd4487bf2e61d104a1d44a19030287e5fd9956d9,通过,待逐题内容验收,,待确认,未完成,待确认
self-efficacy-builder-sequence__cn35_06,563f6b1f922bab2be0eff4b3ee33e8d3f7cfa9c69aeb42642b478df75edac5ca,通过,待逐题内容验收,,待确认,未完成,待确认
project-brief-designer__cn43_01,c35d3adad07f0c807f58a0b2a4e05dc3105bad77b7669ee32c0740b970199139,通过,待逐题内容验收,,待确认,未完成,待确认
project-brief-designer__cn43_02,49227bf93c8bd596042351244b7d0c4d35576d8af1af1af342773b0f1a2d28fa,通过,待逐题内容验收,,待确认,未完成,待确认
project-brief-designer__cn43_03,9ccadccb32b37f5c417f32ee62e40b1545b04c2077f5bdcc01fbd60b12e80cad,通过,待逐题内容验收,,待确认,未完成,待确认
project-brief-designer__cn43_04,5c88c1ade01c235ad3edd20f81c3987ff40c749268f931d4a4fc03939e7df1a7,通过,待逐题内容验收,,待确认,未完成,待确认
project-brief-designer__cn43_05,f77f06a4ba919effd54b60ee76ab6a70608c1318794b1076ddf0d5ffc8256e98,通过,待逐题内容验收,,待确认,未完成,待确认
project-brief-designer__cn43_06,1be78d466d159209e32d3888020535345e589d6d3efbf8c4ccce8143af8a907c,通过,待逐题内容验收,,待确认,未完成,待确认
lesson-builder__cn50_01,d391ad51400cddf1acf66898ba560a77586b38a8ef5bbfd91ce86f0b6630e17a,通过,待逐题内容验收,,待确认,未完成,待确认
lesson-builder__cn50_02,83f925ede23c4d600dc7c958df3e5aa3d7d273b7dc5b2d5f3087f00e177dc738,通过,待逐题内容验收,,待确认,未完成,待确认
lesson-builder__cn50_03,470dd0a4ad309693494ddfe2324c7d6b0ac9e196a5deceed3ab2775b17c9c879,通过,待逐题内容验收,,待确认,未完成,待确认
lesson-builder__cn50_04,3b73f476c466c206ee30a2b774cced83fd78e768f0bcfdc8d8ab08cc810b3459,通过,待逐题内容验收,,待确认,未完成,待确认
lesson-builder__cn50_05,43d45ce2c8061d234686552953fbb2f0e37f64a501eef1cdf9df226ef2743d79,通过,待逐题内容验收,,待确认,未完成,待确认
lesson-builder__cn50_06,cac55303046e0b98355a2fe4512bb7aeb6460a2ca6b03794d1847a224c27f6ae,通过,待逐题内容验收,,待确认,未完成,待确认
lesson-builder__cn50_07,151f0c942ac973220939609fd2c7b0dd1070daf01dba5fdf68925e7f131b67c3,通过,待逐题内容验收,,待确认,未完成,待确认
lesson-builder__cn50_08,f5ad5eb2a0dae6c0fb100e64c2ac8dd904f50aeaf71751107410aad7e2cf4e37,通过,待逐题内容验收,,待确认,未完成,待确认
lesson-builder__cn50_09,6db4277d0b2e177ff5eb88a4fd3f3109491edd3ac06e7dd992db23cace197149,通过,待逐题内容验收,,待确认,未完成,待确认
lesson-builder__cn50_10,0b2ddc59a6e557555a84824b448833dfebb8e9a920440fd78d658be6804be2a2,通过,待逐题内容验收,,待确认,未完成,待确认
lesson-builder__cn51_01,3dc78cfaf9f22d21577110d5cc22b83bd2e49409443cf8b0c0e75d7506ebcc0c,通过,待逐题内容验收,,待确认,未完成,待确认
lesson-builder__cn51_02,1fb5d0909e7b16c9d5763cdf74c4cd3e123cf72b84da8be92ab632f20db3d79c,通过,待逐题内容验收,,待确认,未完成,待确认
lesson-builder__cn51_03,630122905671ef05c458fe017c9e4085cf16106e677c07298206bc5a31001752,通过,待逐题内容验收,,待确认,未完成,待确认
lesson-builder__cn51_04,06602b95a9515ee64dcbb7e8bee3944dbac0b6acd887dc55575312240891a17c,通过,待逐题内容验收,,待确认,未完成,待确认
lesson-builder__cn51_05,845958135db162b66a6e21541faf19bfaacbbdb7b732ad51f790ed7ae2eb64d3,通过,待逐题内容验收,,待确认,未完成,待确认
lesson-builder__cn51_06,fef3b085a969d70a6b81cd74fc4aa6294ad55facb4688d2b8dbc8f8ece4dc0dd,通过,待逐题内容验收,,待确认,未完成,待确认
lesson-builder__cn51_07,36eebfd349abb53e5ecb0661a80b69e247349c4a2389ea02abcf0e19fe4beffa,通过,待逐题内容验收,,待确认,未完成,待确认
lesson-builder__cn51_08,006b8f6eef679ff57564fa923ba2f33f2741e379bd63b6f7d69adb2568943015,通过,待逐题内容验收,,待确认,未完成,待确认
lesson-builder__cn51_09,39a0cedc58b06e74dc0cd3fae34e8b3cfa7a612e6ca51efc76cfac6badffc311,通过,待逐题内容验收,,待确认,未完成,待确认
lesson-builder__cn51_10,8bbc77792276d811e249cb719823d2633c257d618820dd875c751a7a0269e8bf,通过,待逐题内容验收,,待确认,未完成,待确认
project-brief-designer__cn52_01,7a56032650532480b024593ca877ae5b2c7e0eb667e8f4b44e4039e8764638ab,通过,待逐题内容验收,,待确认,未完成,待确认
project-brief-designer__cn52_02,71ecc5ba7b30394533029db7513f255da3027de12dffa2fe1849ff84b213eba9,通过,待逐题内容验收,,待确认,未完成,待确认
project-brief-designer__cn52_03,d23aa94c214b5cfc00b322d547393db572766b1c9a16676a6b65c45f0866579e,通过,待逐题内容验收,,待确认,未完成,待确认
project-brief-designer__cn52_04,efe35578407dcbf30140b10f1654cc39c6a725a3d46812199d4ada9eeb625365,通过,正确性与等价解专项通过,10×4+5=45且10+1=11；9×4+3+6=45且9+1+1=11也是满足人数条件的分组，评分文字明确示例非唯一要求，实际评委是否接受仍待测。,待确认,未完成,待确认
project-brief-designer__cn52_05,e9f43df28d5770452eed6fc9c4099c5486c00095300f303c15b207c4d5399198,通过,待逐题内容验收,,待确认,未完成,待确认
project-brief-designer__cn52_06,166668e6b0b855d576ddbc786474824d7c3ab450966f1c4a1eeea466bb2df8e0,通过,待逐题内容验收,,待确认,未完成,待确认
project-brief-designer__cn52_07,1a21887e00feb9d286e40656944d3979f9fc9d9da6637e1deb99ac2bfb6e1992,通过,待逐题内容验收,,待确认,未完成,待确认
project-brief-designer__cn52_08,5119bbcd11c6a60d46414b4fd82d723b9077b7a1ba6995073c7713c1c477a1b7,通过,待逐题内容验收,,待确认,未完成,待确认
project-brief-designer__cn52_09,cbdc47d13e26b2a975725f3827103efcafdb15ece35f87f39a39593c84baff4c,通过,待逐题内容验收,,待确认,未完成,待确认
project-brief-designer__cn52_10,ed33404abab33198d01bede06644fb638dea5c334df082b4d0648536d093d7be,通过,待逐题内容验收,,待确认,未完成,待确认
adaptive-hint-sequence-designer__cn53_01,8ec1f3cf8e16a2b04040385c7d9ed721aa63f7f767727e14d07cac8eb740a289,通过,待逐题内容验收,,待确认,未完成,待确认
adaptive-hint-sequence-designer__cn53_02,221d03e8397ffa652d52a70d636ef4f6b80399c0730f13f866f8b1305e716869,通过,待逐题内容验收,,待确认,未完成,待确认
adaptive-hint-sequence-designer__cn53_03,24128f99c55e267b26cb0a1a84ee981ff0ad65ebc6bc9c494fb327ca518de27e,通过,待逐题内容验收,,待确认,未完成,待确认
adaptive-hint-sequence-designer__cn53_04,23225ae3588519e80b172864073b6fee85a87164d7a3edb24e191744f582fe70,通过,待逐题内容验收,,待确认,未完成,待确认
adaptive-hint-sequence-designer__cn53_05,dcc1643297c08f6672a1bc29cb8d7b86b647d7eb060d6e48c234bd6e157bbda7,通过,待逐题内容验收,,待确认,未完成,待确认
adaptive-hint-sequence-designer__cn53_06,99aa7a68aaae97e9823b76ddc6c982adfc1fe48a46162648beb2e486282fad06,通过,待逐题内容验收,,待确认,未完成,待确认
adaptive-hint-sequence-designer__cn53_07,9e5132f595e03d47da0eb05fa08566686e30c09e93b8e608b2674575c296d3f4,通过,待逐题内容验收,,待确认,未完成,待确认
adaptive-hint-sequence-designer__cn53_08,00ad23a8fdceaf62ab446c4bbeefb756c73a90354dcb9d9af23aa35e3a67f513,通过,待逐题内容验收,,待确认,未完成,待确认
adaptive-hint-sequence-designer__cn53_09,e7e20bb76592620df489e82996bde804469cf7d3bf8eb7a51ad9bd9f3595a487,通过,待逐题内容验收,,待确认,未完成,待确认
adaptive-hint-sequence-designer__cn53_10,83d9fbf5c784ccac42ac8aba585db37ab24a7bfb8176cb7583e18f60d10022b3,通过,待逐题内容验收,,待确认,未完成,待确认
backwards-design-unit-planner__cn54_01,ef90dcd2939074173e96620d38d91dbe824bb101980f6654fd19278d8ef920d0,通过,待逐题内容验收,,待确认,未完成,待确认
backwards-design-unit-planner__cn54_02,27143baab911ceba42b4c7b75449d9797600f21941fe8382036670402c6c37b2,通过,待逐题内容验收,,待确认,未完成,待确认
backwards-design-unit-planner__cn54_03,905a073a376d4a4f202d0a4637940d7bb54d5f297d19abfc52ce888de8d7ff1b,通过,待逐题内容验收,,待确认,未完成,待确认
backwards-design-unit-planner__cn54_04,d25f490e426b7898a0fd7ce889d950f17ec56b97ad08005f1c4ee342bbb5672c,通过,待逐题内容验收,,待确认,未完成,待确认
backwards-design-unit-planner__cn54_05,848bd989d1ea75b2e3481bae965e6a6ea3d37e75accfb32f1ea112f5b5c3b555,通过,待逐题内容验收,,待确认,未完成,待确认
backwards-design-unit-planner__cn54_06,6436494eb78730975b26d0e68b5dd009233c05eb77107189352a11b12852ac43,通过,待逐题内容验收,,待确认,未完成,待确认
backwards-design-unit-planner__cn54_07,1b0d2212dffc44b64a4b176339c99d27c90867bff45235faa9147347bb78adb3,通过,待逐题内容验收,,待确认,未完成,待确认
backwards-design-unit-planner__cn54_08,b6da56ac7ae49aa62e8dab2ff1bee2792c42b59fc10425ceee6d65334e6edb69,通过,待逐题内容验收,,待确认,未完成,待确认
backwards-design-unit-planner__cn54_09,4766355550a3fd046e5899214078461313b55119917ee7e41699637d6e49888c,通过,待逐题内容验收,,待确认,未完成,待确认
backwards-design-unit-planner__cn54_10,2788e7d16754fed867d8fa5235103e6c56fd1a1188e759a5323de88859559a05,通过,待逐题内容验收,,待确认,未完成,待确认
lesson-builder__cn55_01,9e3ef5d85d3c6eef9c4e6f27eba3631487751df9b65eba2da991ceb6e22312b4,通过,待逐题内容验收,,待确认,未完成,待确认
lesson-builder__cn55_02,b4159dd9ad55a2bc4d9e998e4bde55ed3240e73ccfb68ee277a8237b99885157,通过,待逐题内容验收,,待确认,未完成,待确认
lesson-builder__cn55_03,390b0c608aa5a5b1d04c1a44a169b3392201abfd7b3f6dd742014c5aa998dc0b,通过,待逐题内容验收,,待确认,未完成,待确认
lesson-builder__cn55_04,e6554cb85133f8b6f5335bc1097ddd4b8073f6901a9c3b0027ce528ac77710fc,通过,待逐题内容验收,,待确认,未完成,待确认
lesson-builder__cn55_05,c94701176fad5990bad4983e1f2657e952f502d4b10bc335191c1c4e04eb324e,通过,待逐题内容验收,,待确认,未完成,待确认
lesson-builder__cn55_06,7181625c4af7225bcaeb102847dbffde9815f1e0f374670f10c9eb00a06fdc79,通过,待逐题内容验收,,待确认,未完成,待确认
lesson-builder__cn55_07,762ed37b49b48934922b1f8961ba64e1ff40f15cac27412a03f62b9aef7d253c,通过,待逐题内容验收,,待确认,未完成,待确认
lesson-builder__cn55_08,8cd4bbb08b1cfbd8cda7f96d2e4511617edd0bd450ec5fac62fd3b5d407297a2,通过,待逐题内容验收,,待确认,未完成,待确认
lesson-builder__cn55_09,a5f2a0f064bfa0e8aea7a00d2c425d9604ee05e53cfcd993a331ce93a8eb606d,通过,待逐题内容验收,,待确认,未完成,待确认
lesson-builder__cn55_10,eb1f1ce3b303846c2678862387de5e493f8c8bf518640aa56801ee408164e8fa,通过,待逐题内容验收,,待确认,未完成,待确认
socratic-questioning-sequence-generator__cn56_01,018171a7f20d3ed912b47a335ae0b9355e2f202b86293812374e7e4d7ae9e364,通过,待逐题内容验收,,待确认,未完成,待确认
socratic-questioning-sequence-generator__cn56_02,b65a1ad28a2a3358d3bbff0d2d694c68607b83fe4d78ea2c5fb254a9db095ff0,通过,待逐题内容验收,,待确认,未完成,待确认
socratic-questioning-sequence-generator__cn56_03,f67e8ee1d0eba67736f9e67ccb84b18bdfdc3ac576acba824fdda0cfb0c9e012,通过,待逐题内容验收,,待确认,未完成,待确认
socratic-questioning-sequence-generator__cn56_04,1757330be9e9eab35469d350790d9e4b93df16628c0ee9eed5fee69a97bb0fd6,通过,待逐题内容验收,,待确认,未完成,待确认
socratic-questioning-sequence-generator__cn56_05,372870dfa0bb3a18ea1f9746afd6b56c23865eddd8db1ebdc391935a914c60e4,通过,待逐题内容验收,,待确认,未完成,待确认
socratic-questioning-sequence-generator__cn56_06,88e3c1574ac8b0a67450cda9a85bf546198901f69e1a371efb9185c880157105,通过,待逐题内容验收,,待确认,未完成,待确认
socratic-questioning-sequence-generator__cn56_07,f651ffbe85f9e922cbe3191b47b9a4d09e8c35fb79226340f945025ecbcdaac0,通过,待逐题内容验收,,待确认,未完成,待确认
socratic-questioning-sequence-generator__cn56_08,3aa37f68a0f4d5664e20857364f7c65ef7ac0d10c57d7597cdbc2981f5cc8a26,通过,待逐题内容验收,,待确认,未完成,待确认
socratic-questioning-sequence-generator__cn56_09,6ea3a3a14200417be646840a234de6e75bec46b9d8771f6e018062470c761cb1,通过,待逐题内容验收,,待确认,未完成,待确认
socratic-questioning-sequence-generator__cn56_10,fd54af8182247326a0fc2c6f41495a57d82da78b682015ab7e931f43d2c8e870,通过,待逐题内容验收,,待确认,未完成,待确认
lesson-builder__cn57_01,84f49b9640626952f04aab9b022584cae593ce92f204ca3bbbb7171d92875589,通过,待逐题内容验收,,待确认,未完成,待确认
lesson-builder__cn57_02,7a7e5144b2d9f1e1e3311a643fbddfda9f57e8fb431e0441cad80023d2d4043c,通过,待逐题内容验收,,待确认,未完成,待确认
lesson-builder__cn57_03,6b9717abf965d0d829896cc248a3fb4b9dc0506d2be8263732db89dde29746c0,通过,待逐题内容验收,,待确认,未完成,待确认
lesson-builder__cn57_04,4ebef1ea7cb69eed944ec73545d5f158bcd004b63e4e7e4906f0282eb3eae229,通过,待逐题内容验收,,待确认,未完成,待确认
lesson-builder__cn57_05,a074a23d01de05145db974794fad535589bab3020c2ce44dfa1feb791150b0fe,通过,待逐题内容验收,,待确认,未完成,待确认
lesson-builder__cn57_06,1d7361b4e7ed40183c72fe83d2c4f9dfdb976160c03544490d1f105cd381372a,通过,待逐题内容验收,,待确认,未完成,待确认
lesson-builder__cn57_07,9dd85f820307b3fddace645472a10e5de2ac2d52b0ec0b4427981b9469e13ee8,通过,待逐题内容验收,,待确认,未完成,待确认
lesson-builder__cn57_08,5afa10adb60defc0fbfb259bc2d4c0cf8c828f81929e0b565b0d8750dc8be4ca,通过,待逐题内容验收,,待确认,未完成,待确认
lesson-builder__cn57_09,1ff47fb4dad5972dd8d6f447b3d8db9250ca5c75494b9fa759183b8e6c0e32da,通过,待逐题内容验收,,待确认,未完成,待确认
lesson-builder__cn57_10,872dfaefdd4df2a5f5f9b1a41cef8b1b51dff463411d9b189771bfaef5cc5d35,通过,待逐题内容验收,,待确认,未完成,待确认
adaptive-hint-sequence-designer__cn59_01,8f3b72a3ecf5c4da335eccd703752e3b94107f36a6404f59339549f894615a33,通过,专项复查通过（范围见证据，非整题通过）,主题对应专项：逐读当前题面、参考和关键评分，三者均围绕回形针沉水与表面支撑、放置方式；没有再把单摆结论作为本题评分依据。本记录仅关闭旧TOPIC_MISMATCH问题，不认证全部科学细节、Skill适配或评分效果。,待确认,未完成,待确认
adaptive-hint-sequence-designer__cn59_02,82a352ff3f4c1a95b4cd7fb3b06fce253c222ed16e906c7bbf83c6ae8ffc1072,通过,专项复查通过（范围见证据，非整题通过）,主题对应专项：逐读当前题面、参考和关键评分，三者均围绕蚯蚓未移动与条件检查，不能由不动判定偏好；没有再把单摆结论作为本题评分依据。本记录仅关闭旧TOPIC_MISMATCH问题，不认证全部科学细节、Skill适配或评分效果。,待确认,未完成,待确认
adaptive-hint-sequence-designer__cn59_03,4aa5bd60ad29b8b81762b1b88a7cd63508bb0f185da86b428b999a1d961b2782,通过,专项复查通过（范围见证据，非整题通过）,主题对应专项：逐读当前题面、参考和关键评分，三者均围绕磁极识别及重复观察；没有再把单摆结论作为本题评分依据。本记录仅关闭旧TOPIC_MISMATCH问题，不认证全部科学细节、Skill适配或评分效果。,待确认,未完成,待确认
adaptive-hint-sequence-designer__cn59_04,69a4e13c8ade96d8daeb8e8fb5e1e6fb47f5ea1a1d481d492c2f24647799e8cf,通过,专项复查通过（范围见证据，非整题通过）,主题对应专项：逐读当前题面、参考和关键评分，三者均围绕蜡烛未熄灭与未确定的气体量、混合、输送因素；没有再把单摆结论作为本题评分依据。本记录仅关闭旧TOPIC_MISMATCH问题，不认证全部科学细节、Skill适配或评分效果。,待确认,未完成,待确认
adaptive-hint-sequence-designer__cn59_05,cc7fd24161a9049e7729fbbfdf66fe869d1e6c25c71b96859a85c3fca0cc2c2e,通过,专项复查通过（范围见证据，非整题通过）,主题对应专项：逐读当前题面、参考和关键评分，三者均围绕绿豆芽未弯向窗户与光照、观察条件；没有再把单摆结论作为本题评分依据。本记录仅关闭旧TOPIC_MISMATCH问题，不认证全部科学细节、Skill适配或评分效果。,待确认,未完成,待确认
adaptive-hint-sequence-designer__cn59_06,6c75844d3751beae8ed5d94014e4686ad2b3746e142058973c31d99a2ab7d397,通过,专项复查通过（范围见证据，非整题通过）,主题对应专项：逐读当前题面、参考和关键评分，三者均围绕音叉振动的可观察证据及直接讲解的适用方式；没有再把单摆结论作为本题评分依据。本记录仅关闭旧TOPIC_MISMATCH问题，不认证全部科学细节、Skill适配或评分效果。,待确认,未完成,待确认
adaptive-hint-sequence-designer__cn59_07,e2f08972372924042b3e0f2ae117e0324728c7a6287624c8715cc51bfb66e85e,通过,待逐题内容验收,,待确认,未完成,待确认
adaptive-hint-sequence-designer__cn59_08,b356ef2e3e44a7f1910bf4a0c958492a5821b25d712365dea4515e787e79d808,通过,专项复查通过（范围见证据，非整题通过）,主题对应专项：逐读当前题面、参考和关键评分，三者均围绕小灯泡未亮与闭合回路、元件排查；没有再把单摆结论作为本题评分依据。本记录仅关闭旧TOPIC_MISMATCH问题，不认证全部科学细节、Skill适配或评分效果。,待确认,未完成,待确认
adaptive-hint-sequence-designer__cn59_09,f9c01efe0b814ffef8b56f7a2d4ca7e3257944e1ffbcde42f8bfdd600d060dd7,通过,专项复查通过（范围见证据，非整题通过）,主题对应专项：逐读当前题面、参考和关键评分，三者均围绕铁钉锈蚀差异与条件记录；没有再把单摆结论作为本题评分依据。本记录仅关闭旧TOPIC_MISMATCH问题，不认证全部科学细节、Skill适配或评分效果。,待确认,未完成,待确认
adaptive-hint-sequence-designer__cn59_10,0a0dee181c67db6765f78cadfdfb8c635116554d8319442bd9c10af8683c05da,通过,专项复查通过（范围见证据，非整题通过）,主题对应专项：逐读当前题面、参考和关键评分，三者均围绕番茄酱火山模型与未说明的驱动机制；没有再把单摆结论作为本题评分依据。本记录仅关闭旧TOPIC_MISMATCH问题，不认证全部科学细节、Skill适配或评分效果。,待确认,未完成,待确认
lesson-builder__cn60_01,9c1f8a1fc4916f6fea0c6b25b85f30a774ccf94c81adb20e885ae24740ba774b,通过,待逐题内容验收,,待确认,未完成,待确认
lesson-builder__cn60_02,03f91e78805ef020997195b62de01b504bf8b93bc6033aa46c9b95f7338dfb25,通过,待逐题内容验收,,待确认,未完成,待确认
lesson-builder__cn60_03,a061753332911882ed9c9ed19fe013b11e81f124441add2eb629c536b7e8710f,通过,待逐题内容验收,,待确认,未完成,待确认
lesson-builder__cn60_04,15af16f4e4421a57ae1decb98c92ae20a1208f9c4d571c90e21437b1eb7cd6cf,通过,待逐题内容验收,,待确认,未完成,待确认
lesson-builder__cn60_05,32a8dc66e8ba9476107653e49d007bde57ae5beba766149fa4de8e6e1fa93f5f,通过,待逐题内容验收,,待确认,未完成,待确认
lesson-builder__cn60_06,cfa600a148e5b6c75d23f907bdb62912e0a1b7d743ddb44bad83ec17a1941a3c,通过,待逐题内容验收,,待确认,未完成,待确认
lesson-builder__cn60_07,47de2f10ad48bc47f5a0b03dcafef52647f1c5fed35997616ebb6781f316761d,通过,待逐题内容验收,,待确认,未完成,待确认
lesson-builder__cn60_08,97bba63a0d51f50b3e00bf9b9e7651109306f1465a9fda9fc35f317a44592b0e,通过,待逐题内容验收,,待确认,未完成,待确认
lesson-builder__cn60_09,c4e8a57ba9e0a52af14440b90e052c8bf7e1f8d40ea4123f99df1f2e1c296f4f,通过,待逐题内容验收,,待确认,未完成,待确认
lesson-builder__cn60_10,1b8ab4adc87745990b348600485387b4c761c8983501aefdffa58159dd71f3e0,通过,待逐题内容验收,,待确认,未完成,待确认
differentiation-adapter__cn62_01,378b7d9144c1c9c0ea889292da47b1f9cb683a31014afb0988e38844aecaa361,通过,待逐题内容验收,,待确认,未完成,待确认
differentiation-adapter__cn62_02,69d05c4197fa8500a4446fd8c606aed0365803347bfe1911e543a06de655c097,通过,待逐题内容验收,,待确认,未完成,待确认
differentiation-adapter__cn62_03,6332b4436f944a018799fc6a3452d86bd6204732bf5e5ec7b301d3933c27225f,通过,待逐题内容验收,,待确认,未完成,待确认
differentiation-adapter__cn62_04,fee72f045b7998728563a3e70fd7f9b42b0c9e8502496376a105d70905e42636,通过,待逐题内容验收,,待确认,未完成,待确认
differentiation-adapter__cn62_05,aeb84ffe37065eabc5151d338caf3a8bb6567d76a99e0844cc3e05e54785906e,通过,待逐题内容验收,,待确认,未完成,待确认
differentiation-adapter__cn62_06,ed2e5feedb2fb32319109c64acba9c75bc7348bcfff6b2ff663a7f8e5d2c1278,通过,待逐题内容验收,,待确认,未完成,待确认
differentiation-adapter__cn62_07,e53ec02d71aebdb0930304354ef1e00bf39dc0221d818ce5e766d395c411e449,通过,待逐题内容验收,,待确认,未完成,待确认
differentiation-adapter__cn62_08,4c0612583f6a2d051285947e45d55927f406b1717993e4443971be42704673e3,通过,待逐题内容验收,,待确认,未完成,待确认
differentiation-adapter__cn62_09,32c8d3363aea379b6ceb4063fcbb22fa638469da2969f572af67b1013168da75,通过,待逐题内容验收,,待确认,未完成,待确认
differentiation-adapter__cn62_10,a40f765b0570ed68495475b1227bbff9446510038dcf8c8f2c467243d9b43a9c,通过,待逐题内容验收,,待确认,未完成,待确认
differentiation-adapter__cn63_01,dfbbf43948aa9e23848aeb11050370cd165d29474f07ba075a7db2e8051ba666,通过,待逐题内容验收,,待确认,未完成,待确认
differentiation-adapter__cn63_02,030d1ef0cb66212273ae378be3a57419192b05ee4076a33b735b970b5851e0f6,通过,待逐题内容验收,,待确认,未完成,待确认
differentiation-adapter__cn63_03,f92e5b22af9ad0c15ec3f22eef4b405fffe75be52fc5b5b939d1f2cfd80e2cf4,通过,待逐题内容验收,,待确认,未完成,待确认
differentiation-adapter__cn63_04,de24a8f68d661a475a1ac6505f6fd724fd2be5c888432737a7d906f874405158,通过,待逐题内容验收,,待确认,未完成,待确认
differentiation-adapter__cn63_05,f12b369af122a88dc9a4bd7bb2a89330b51dd1011023e3ac9c6d1c73b440b780,通过,待逐题内容验收,,待确认,未完成,待确认
differentiation-adapter__cn63_06,32912331fcd4ed72d055bc1b35be235416b5073e488f27b1b3c095f617b96d34,通过,待逐题内容验收,,待确认,未完成,待确认
differentiation-adapter__cn63_07,bcaeebed0b63ac91cd190feadfedfda78587c223a1cb35c300bebe4d95f7d359,通过,待逐题内容验收,,待确认,未完成,待确认
differentiation-adapter__cn63_08,4d0aa12bb89b9fb4c9438cc038db70634df6f6ef5447395383dada438158e762,通过,待逐题内容验收,,待确认,未完成,待确认
differentiation-adapter__cn63_09,fc2933d9dba775231eca50c166fdc9607924b065524304077c8b3f8174e04e4c,通过,待逐题内容验收,,待确认,未完成,待确认
differentiation-adapter__cn63_10,b4dd54d41f26afa1319fe56898ff827c7f5720a030d8a86d18d00137e0cc01f5,通过,待逐题内容验收,,待确认,未完成,待确认
