题号,当前内容摘要,本轮意见数,采纳数,不需修改数,待裁决数,本轮处理
hinge-question-designer__01,628cb1a253ec190d23cab74db37532710e331bde8d01dedfe1fe8d97dd3cbc20,3,0,3,0,逐条裁决不需修改
hinge-question-designer__02,d6c29ca488235c85ea3fa2a4874f54e1cc8e3aaff10d46d83a427f4ab9a17399,4,0,4,0,逐条裁决不需修改
hinge-question-designer__03,b053eac2235eb6030e96636c5ae57f46d369dcc8e46b3f7888c2fab960a67d8e,2,0,2,0,逐条裁决不需修改
retrieval-practice-generator__01,3db738d132d3d2bd4b1bd6e9ad8aaba3367eb8a0a2af635b989cbd62f9566d8e,0,0,0,0,本轮无待裁决意见
retrieval-practice-generator__02,3aa0f392e835656ae046ab4d70e7d7e1cb63e40ad04f36151bd99f6c2f815831,0,0,0,0,本轮无待裁决意见
retrieval-practice-generator__03,015603dc050e4bebb2f84a9db2883ef350cef85659f25d3a2dc143126d706971,0,0,0,0,本轮无待裁决意见
socratic-questioning-sequence-generator__01,b48e701a30911039e0f4a6d78f1b5e13104020f07f890d59d4c883cddb8d2192,0,0,0,0,本轮无待裁决意见
socratic-questioning-sequence-generator__02,f9684a787f8e4c009b36f204e67744f80aa60bac364db04ca96d543d743b2d34,0,0,0,0,本轮无待裁决意见
socratic-questioning-sequence-generator__03,88d19f87fee8952551545b47dfbfb21720ca0e3c6099d4cb02074334753d97b6,0,0,0,0,本轮无待裁决意见
differentiation-adapter__01,5448699b3322c6815593748f7d5f7bf644e13100a34956dfbb0c77823bfa450b,2,0,2,0,逐条裁决不需修改
differentiation-adapter__02,94629e0708c6b712e7efeef637a50ac3ed7b63f40592efe62bf7341d777cedaf,1,0,1,0,逐条裁决不需修改
differentiation-adapter__03,43d658889be24ec01357d920438bb28b0235f3deae38f319950aa66d94be6d38,0,0,0,0,本轮无待裁决意见
motivation-diagnostic-task-redesign__01,b55ce0447fe0c16cb438e125372ba18eba05b9dea4e63ab8447368489c1fd946,1,0,1,0,逐条裁决不需修改
motivation-diagnostic-task-redesign__02,d0c1fc3487fb2cf1e601151536185c8130cc056e0ba44deb207af651dd31c0b4,3,0,3,0,逐条裁决不需修改
motivation-diagnostic-task-redesign__03,76d4f91cfe5d3ddf1c1b302f6cc01bb3ce81e5c893478bdce9fcfe876855a734,2,0,2,0,逐条裁决不需修改
self-efficacy-builder-sequence__01,b8800fd7a9a94d79c28f2d2966bb38b5b62256a02b3587e96490513ecce23b2e,0,0,0,0,本轮无待裁决意见
self-efficacy-builder-sequence__02,6a566d6a906cac109547c5e755e12570d2e67d8e26cfa6e32ed7646bdc4a79d6,3,0,3,0,逐条裁决不需修改
self-efficacy-builder-sequence__03,b99d4a9483dae5c2ef6fc0a005b983ebff9130a29f7239c39854c236d76bbc5c,4,0,4,0,逐条裁决不需修改
backwards-design-unit-planner__01,7f477724ea21f6b7cc6d7c2fe51c5e4a221088d8ef2c89dd6db54f624eaa10f8,0,0,0,0,本轮无待裁决意见
backwards-design-unit-planner__02,cc48e7c4b57531aa1d0bf8943de726b9e7da0df4d9027e6130243ed5735e75fd,3,0,3,0,逐条裁决不需修改
backwards-design-unit-planner__03,8a3fa72296d5ff7bc69da8f66d748ede0608fc03dbdac2723b1d70dce540a12a,0,0,0,0,本轮无待裁决意见
lesson-builder__01,fbe06d65664faa9e6a693dab12c275cfc75db805f74ace394b5a1e881b11bac5,0,0,0,0,本轮无待裁决意见
lesson-builder__02,20651089557332bdb78a54d98410800b3848fe29b1529a9dbe4fd5176fc09518,0,0,0,0,本轮无待裁决意见
lesson-builder__03,2ddb17f6e951006ac0ae8ff078ba278965f1384bc772e9778847948630ad88b2,1,0,1,0,逐条裁决不需修改
adaptive-hint-sequence-designer__01,127a8bca0ef8a5c5c1d65ec9e55905a55382da51010f5c6799e84938c6bb86fb,0,0,0,0,本轮无待裁决意见
adaptive-hint-sequence-designer__02,b2842f702ba3652d387780a799cb55d7448ee0ce764b8c20e402c86f5f9b0085,0,0,0,0,本轮无待裁决意见
adaptive-hint-sequence-designer__03,eaa97bc899bcf6dbe4a774946a8275c76211e7be0f1ec6cf5e015c9a1532ec8f,0,0,0,0,本轮无待裁决意见
self-explanation-prompt-designer__01,71298ed87215722f7c9461f9f330990f933e429bd7a9173d291a4b9bced62aa5,0,0,0,0,本轮无待裁决意见
self-explanation-prompt-designer__02,59e5df8fc1a65bcca46edff4901a1eaf487dd8898566a0ac0060e8d0e37f9baf,0,0,0,0,本轮无待裁决意见
self-explanation-prompt-designer__03,50d4a586ecb0c5da210b1e689a7938260fa21b1d6dddadbb51de46f936967bca,0,0,0,0,本轮无待裁决意见
emergent-project-design-scaffold__01,2c58fd392d8cf63e24ebac0c6379d57f9fb18feeb0ff4a915a72446eaa337b2a,0,0,0,0,本轮无待裁决意见
emergent-project-design-scaffold__02,3fe39b2480838411c046df6876e03234246b4f72ba4a3d78d4b0f5b1537c8b3e,0,0,0,0,本轮无待裁决意见
emergent-project-design-scaffold__03,46d222d8f57091534b5a1f17119e7546b29635fd7a891a6b6af6054935cdf54f,2,0,2,0,逐条裁决不需修改
project-brief-designer__01,bd2f0ec2cdfcd51fb59afabd494e8d4e19f425cc9dc83acddaf723d7079b5026,1,0,1,0,逐条裁决不需修改
project-brief-designer__02,3a69ead9faab034cb401e3a7b59dac8cd4bfbe7f402d77ed19df4db0cd667c7d,0,0,0,0,本轮无待裁决意见
project-brief-designer__03,73a74596ad0533d38194da77f3a601150559200ff6b57fe5a435ab99af24d728,2,0,2,0,逐条裁决不需修改
spaced-practice-scheduler__01,d0b34f4036047384dff59e6c08f8d07d97046d9bdae8a85cc39364274b6e911f,0,0,0,0,本轮无待裁决意见
spaced-practice-scheduler__02,c3c97395a5ad4449fd3a09d87933ff9027094b522d18dd28a341e1eb07e9060a,1,0,1,0,逐条裁决不需修改
spaced-practice-scheduler__03,af7226fcf9562a02ae18c8ec12e04e5a09d6c0109d80bf01dbd55cf9c1e4b79f,0,0,0,0,本轮无待裁决意见
ruler-emotional-literacy-sequence__01,5be51d16b559e8020677f25eeb680ed8b1b60bc56aa8db933b073c0bebaf9e09,0,0,0,0,本轮无待裁决意见
ruler-emotional-literacy-sequence__02,00e0e824052d6899f7aad40b77d65f720c3186260682b5af60b77ea594c4fc32,1,0,1,0,逐条裁决不需修改
ruler-emotional-literacy-sequence__03,69c87f98e4faed07a055a44cec63203ec7e6eca9ca048cc0a7c93681cb976abc,0,0,0,0,本轮无待裁决意见
lesson-builder__cn01_01,e02c17035fc950c1e6b3abec72e9789d4624d66af24304748357b8928d7d6889,1,0,1,0,逐条裁决不需修改
lesson-builder__cn01_02,5eade505b6be3f9ef1a4c5b378a1c2f8019269ba60ea33b1407db52e1651561f,0,0,0,0,本轮无待裁决意见
lesson-builder__cn01_03,42142547ada35a7a016e1062b083ac3209b055db281115d9ce520b5466637894,0,0,0,0,本轮无待裁决意见
lesson-builder__cn01_04,4a13577307713b7ca6f4abc9185242c4e4272e7a4e17b957b28664ae0c41e011,3,0,3,0,逐条裁决不需修改
lesson-builder__cn01_05,b3d2ff6bba9ddf9a363e0cfd6cf9b19d5852938276589665782f5d006234a32c,2,0,2,0,逐条裁决不需修改
lesson-builder__cn01_06,a65e123ef6c6024968176d06f9af9233c8f465ae3ed3c9c3f001ea1f331a482b,2,1,1,0,修正评分并补测
lesson-builder__cn01_07,89e12d32fb05381c2180c5b1a227699ab1b203655d0028474efcde7d9d626217,2,2,0,0,修正评分并补测
lesson-builder__cn01_08,4dff98fd1da5e827170727b55a729fc1ab507e5549e83df2cfdee5e0da4f3382,0,0,0,0,本轮无待裁决意见
lesson-builder__cn01_09,8a1a1f095bf1e98a41f077de996ff51dbc462943676490daa3cb226f1dfa04af,0,0,0,0,本轮无待裁决意见
lesson-builder__cn01_10,420dcd74b0e1ff840edeaea243f668525b8174c49dfdcb9adf864e14c5b7136c,1,1,0,0,修正评分并补测
lesson-builder__cn02_01,8d4c935262c9511398539cf1b08f3d6eae54c24d4eaa5ff252527321bf728be6,0,0,0,0,本轮无待裁决意见
lesson-builder__cn02_02,ab408fe4b1183fa1c45edabddba80a41cfd81ab3bb4f9e9611625997b4577bad,0,0,0,0,本轮无待裁决意见
lesson-builder__cn02_03,957d876893d2a064ba79b8a5c498fe4b009d37ba5d9aac1223779ba129d4adfd,2,0,2,0,逐条裁决不需修改
lesson-builder__cn02_04,766bf5ac824a90270a68588aa8baf07b5fde7f6caf824d07e2104f5534c62e9a,2,0,2,0,逐条裁决不需修改
lesson-builder__cn02_05,3e9b60c8ba4dbf5b0b1567e0f4f1ec00cde659c97ec14cd6e9734f8301f92ebb,1,0,1,0,逐条裁决不需修改
lesson-builder__cn02_06,aa70dfae696c719f5a4a23da097b3cd3d0417693a20edceab5d48292b8444d8e,0,0,0,0,本轮无待裁决意见
lesson-builder__cn02_07,576e1f5a43ef9750212adb3dfcd51734baf000e23038cf336534c1a39714dc1a,0,0,0,0,本轮无待裁决意见
lesson-builder__cn02_08,61c2325770859d1105c99954d2b346bd370a76e42da0d10d2751631c047fd15a,0,0,0,0,本轮无待裁决意见
lesson-builder__cn02_09,0b85294ae53a97fd02bd883a172bf1050cf8ad5d589b31435417b7c5331118b2,3,2,1,0,修正评分并补测
lesson-builder__cn02_10,cba50dd16eea19bd3b0be3986ded6ef7ada907323b7e2b0ebf6db91257601358,0,0,0,0,本轮无待裁决意见
lesson-builder__cn05_01,f50857b962d5ba69bbd636c93ab6a970cd4e80651e24f4b159bd3f8cb822d71d,0,0,0,0,本轮无待裁决意见
lesson-builder__cn05_02,cfe3287f4301752e23d365b94cbcd952b84640fdd3c8c2d055418578dde4ec33,0,0,0,0,本轮无待裁决意见
lesson-builder__cn05_03,6fef7f002ba1040c9ff0c4f86d4598571ed09a174e0d2b48f496d4962a438cf4,0,0,0,0,本轮无待裁决意见
lesson-builder__cn05_04,b5fd6c0b046cc954ef02c772a9a8fe0f855207d62b96f187d9afe24488a2969c,0,0,0,0,本轮无待裁决意见
lesson-builder__cn05_05,ff732e447036f74b39a029878a1ee0ad080b56dfdd189e2a291f6d70e113f02b,0,0,0,0,本轮无待裁决意见
lesson-builder__cn05_06,b20e8209f0d8ad5d42bbb13fd769d5c47c167fcbcfb593faa02ac9759af36879,0,0,0,0,本轮无待裁决意见
lesson-builder__cn05_07,be67f5ccd6bbc6a02526eb8cb414d6d487ba3ed3bb219e0485646700dcd95f7f,1,0,1,0,逐条裁决不需修改
lesson-builder__cn05_08,60100371a86eb73f607093bcb9552581257e346cfcd5b83a18fb01564c1dbc97,1,0,1,0,逐条裁决不需修改
lesson-builder__cn05_09,71f6469f97694043d7c0d6f4e391096944a803202f35c2d31933ce2b3718f536,0,0,0,0,本轮无待裁决意见
lesson-builder__cn05_10,1a01fbc390c88f2f1212c9680ebff39ce5553ba50eb0b24fa23cfe6add002601,1,0,1,0,逐条裁决不需修改
differentiation-adapter__cn07_01,401fae931b3d4797420b1519aa32f613e70ece868c21cb89c03708a46e5ae894,0,0,0,0,本轮无待裁决意见
differentiation-adapter__cn07_02,e3acd3c92cfe57ed4e914b0ef06409b5cf2d55f13d21180e64cb5e708b20f3a0,0,0,0,0,本轮无待裁决意见
differentiation-adapter__cn07_03,9e4538d9fe82afbc4a1a4f549c055646a97e0543b70fae84689ed4259480fb41,0,0,0,0,本轮无待裁决意见
differentiation-adapter__cn07_04,89a0636d814a451e50b3707854345f20c05a3a499fd7a4fe7148edb705a5ae46,0,0,0,0,本轮无待裁决意见
differentiation-adapter__cn07_05,8508cbd4cc789255297678ff435a92bcd1a925825bb12321384417f35ab9a9f0,0,0,0,0,本轮无待裁决意见
differentiation-adapter__cn07_06,96c211f9826ebdc5892f31316e96be96212d5ffcd4682c132c1a2e976e744f03,0,0,0,0,本轮无待裁决意见
differentiation-adapter__cn07_07,65f40ad562108e2b0bbcb25cc8d81cecf67e501bbc703d8316da17279d092b57,0,0,0,0,本轮无待裁决意见
differentiation-adapter__cn07_08,5d06b7518eae10e41943a342018fb58d25be052f8ad35202a7e7e36748c415ff,0,0,0,0,本轮无待裁决意见
differentiation-adapter__cn07_09,88edaed2ba57ed0b73dcef10437b5ce9d7acbab0d2c2b056796f03f351df1825,0,0,0,0,本轮无待裁决意见
differentiation-adapter__cn07_10,4997665f4d6c419a623e2465d99ee5980bc5b7b96d10790c3103757809ff0ccc,0,0,0,0,本轮无待裁决意见
lesson-builder__cn18_01,c8978d3a7bf0248b52cd0c4ff9f55579636f5db96ab35462e3700a02606f447b,1,0,1,0,逐条裁决不需修改
lesson-builder__cn18_02,e2b526d0aaa4279b7e8ee4593393488f2085445e0aa8eea2b34eb4eaf44e1a59,0,0,0,0,本轮无待裁决意见
lesson-builder__cn18_03,acf3d51b6dac5170bdd892c9267830c890abf6f757e3d891ee9a120f425f03b1,0,0,0,0,本轮无待裁决意见
lesson-builder__cn18_04,816b1eb26823725fc08157966090bd29704e8b0f552f391aae3a0af511b029ec,2,0,2,0,逐条裁决不需修改
lesson-builder__cn18_05,c6d284fa4c06aca23fdd39e6d1ce980725871c5903a517123a050059db60e554,0,0,0,0,本轮无待裁决意见
lesson-builder__cn18_06,6455c2f2e3dc04422a3065888ffe811daa70a2bf87f13bc0f7315fd2328b5834,1,1,0,0,修正评分并补测
lesson-builder__cn18_07,b517b126d5f45ba2efd960f7385e7d0d33b9e408ac0967fa5d18863d964379e1,2,0,2,0,逐条裁决不需修改
lesson-builder__cn18_08,2b73aad8f22ad73fb3478722b27cfb2a472641a8ee3e446d93e255b187cdfd65,0,0,0,0,本轮无待裁决意见
lesson-builder__cn18_09,121746e69fe962bf6606f23cadc22ef85dd1e40c1c8f33f9b8a5874df31401ab,0,0,0,0,本轮无待裁决意见
lesson-builder__cn18_10,744fd719e06dcb2575024003f9621ee602cf61024cbfd5e37bdfc05ddff5a9ee,0,0,0,0,本轮无待裁决意见
lesson-builder__cn21_01,6c7819e80deb4762cafd6238696f2574ce2592e6080aa0b37e15390835dd9b11,1,0,1,0,逐条裁决不需修改
lesson-builder__cn21_02,28f46e60780a1b59105f6529b97fb7be1a64e06d98c7b3af5d7c10799dd4d180,0,0,0,0,本轮无待裁决意见
lesson-builder__cn21_03,452997816274f654e464e680e413289a900bf213033553af729d45d2de5109df,0,0,0,0,本轮无待裁决意见
lesson-builder__cn21_04,88dd0d3518a17d8aed3e9c784109ec9c740c8009b2a98ff8ec51a4cf7a57d142,0,0,0,0,本轮无待裁决意见
lesson-builder__cn21_05,9090bbc0c36e11c3de1dcb7ba214dfc945de989de3481702f74ecba54a48d88a,1,0,1,0,逐条裁决不需修改
lesson-builder__cn21_06,fa9d6aeb5ed6c3ee6291e733e2dd8617f62411289452dd396722a131cdc3031b,0,0,0,0,本轮无待裁决意见
lesson-builder__cn21_07,a25809bad0cec0a639e39d6c34ed84f042253d6de80e7e221a87b04310e9afff,0,0,0,0,本轮无待裁决意见
lesson-builder__cn21_08,e3172494da06f1a7b757c0e6ba9c499e9f4fc9b91fa7f5947ee0722e5caff05e,0,0,0,0,本轮无待裁决意见
lesson-builder__cn21_09,a7ff3fd6e97397be906c117e5e385b48701501a6bd641c045566858f9d2061ec,0,0,0,0,本轮无待裁决意见
lesson-builder__cn21_10,0bed89580125a7bb391ee8811a74259abb72e58e26d8286b0ab189c18b0aa3fd,0,0,0,0,本轮无待裁决意见
lesson-builder__cn22_01,bcdabd240409e2f73714fb78379180b14e5e54170240148d3516b09832fe2721,0,0,0,0,本轮无待裁决意见
lesson-builder__cn22_02,393884702fcc4e5d7cbea97ead738b023cfd5af2e65d928e6299756804e2e77b,0,0,0,0,本轮无待裁决意见
lesson-builder__cn22_03,22b0af4e8ce764851537af43595d70a093cfa33c7f1096b343ffc79f42fd6dd8,1,0,1,0,逐条裁决不需修改
lesson-builder__cn22_04,c2e5ce2354b5326e2bcc86cde73741bf696426c98893aafdfd84c3c50fd85a30,2,0,2,0,逐条裁决不需修改
lesson-builder__cn22_05,891c7b2f8d1420d58798819d6f7cfc92ad790b936a3c03c59d742a146d02d676,0,0,0,0,本轮无待裁决意见
lesson-builder__cn22_06,7e3de1d57a604f33234e44495e3fd6ca29efb6cac1470729363f25913d5c3132,0,0,0,0,本轮无待裁决意见
lesson-builder__cn22_07,0e37221c79127a2858aac420a21160a41eb9476d2ef01066f888951d8a21a664,0,0,0,0,本轮无待裁决意见
lesson-builder__cn22_08,b69b6cb7a34644afbe69fffe93d9c5badea85c82f86f039e5e1bc949f8cfebb0,0,0,0,0,本轮无待裁决意见
lesson-builder__cn22_09,e1346e584531b701a7ec67f6c0132bddded639d1dd284d08cd940a4d1ca527d0,0,0,0,0,本轮无待裁决意见
retrieval-practice-generator__cn23_01,707df2131f923a1e9ebc67922a33a64de9095b7813c73ee54bd85c95a6d2c27a,0,0,0,0,本轮无待裁决意见
retrieval-practice-generator__cn23_02,fecb3b9acd27190ef2055c29af5efeb7ef6ac3e21b7e5510892006439147014a,0,0,0,0,本轮无待裁决意见
retrieval-practice-generator__cn23_03,de924c658a307019cc0bda28997fe543c674c983a8b663816124c40dffb0337e,0,0,0,0,本轮无待裁决意见
retrieval-practice-generator__cn23_04,7cfcffce84435809f8876b0a3abee40bacc4b6b32bb5d46dd94f6d0d4edfee15,0,0,0,0,本轮无待裁决意见
retrieval-practice-generator__cn23_05,50b9b5cba08c469ad7016a7f34ebab223b2487dfd0c8bf8cae6e677e504c6d05,0,0,0,0,本轮无待裁决意见
retrieval-practice-generator__cn23_06,029773f742d89fd7632df6605372d7ded464c65fecd90f2f918277f20c8801b5,0,0,0,0,本轮无待裁决意见
retrieval-practice-generator__cn23_07,82df2e3c29f93cfa40c821e27917720cfdb47e30b6dd19c818a81c49fe6de95b,0,0,0,0,本轮无待裁决意见
retrieval-practice-generator__cn23_08,3a5bbabde9c572c1be573d97370ab00d94053919e7b118777eba85c3bda32101,0,0,0,0,本轮无待裁决意见
lesson-builder__cn24_01,1905523d8564dfd31698aa212fbf9081aa88c9fdecb8a77a49a05f9195fc8e2a,0,0,0,0,本轮无待裁决意见
lesson-builder__cn24_02,23753d049efe749176d98c50a1bebe2f18f55727a31810dc7c84bc6e7a48e212,0,0,0,0,本轮无待裁决意见
lesson-builder__cn24_03,7d1e8cc0aac38f2b843f55dd439922a10aed01ece9888db42d9be73b1139c8bb,0,0,0,0,本轮无待裁决意见
lesson-builder__cn24_04,606dd2444bf4cf8f8c0926c44f3da6efd3f35c3ccca8b96906f61b393eb79666,0,0,0,0,本轮无待裁决意见
lesson-builder__cn24_05,dff0f402310b54b087bb09626ce7c682168efde093d4d00ad8c40ad3cc885143,1,0,1,0,逐条裁决不需修改
lesson-builder__cn24_06,a3446ccc9e57f8abcbd08d83b7a25edf05016478472f6feadac1c7894556c67d,0,0,0,0,本轮无待裁决意见
lesson-builder__cn24_07,c5ba7708431bb71f4de2ba7e58ab60424bf236212f46ad7b7ed8349693a1a41d,0,0,0,0,本轮无待裁决意见
lesson-builder__cn24_08,e78c8771b260f84d39d6fa3d4c2ec0c7d1566a340b03b6dcf78b3754c2462c48,3,0,3,0,逐条裁决不需修改
lesson-builder__cn24_09,8427cce31d22abe3eba7f09de47ed591df35136022752527071339239f6bfde9,0,0,0,0,本轮无待裁决意见
lesson-builder__cn25_01,bd6c365b2e83977ac8ab600efcab3bced4b4ca63af5c45af956d836585ede167,0,0,0,0,本轮无待裁决意见
lesson-builder__cn26_01,83bfaa907dc74ec514bfaaf690f2cc94a5bd0591f0bcdfa3acaeb08f4ea554d0,0,0,0,0,本轮无待裁决意见
lesson-builder__cn26_02,d7a3c12957839f52017143b8f3bf01491056339ac3aa8918d384c68391093115,2,0,2,0,逐条裁决不需修改
lesson-builder__cn26_03,8c377d763e2b07c545a282cfc560c816bbddee30a7f35f2bb2cfcacde8368cca,1,0,1,0,逐条裁决不需修改
lesson-builder__cn26_04,ea43a174cb422d92c13feb01b42abc0693acd904d4b69d691e1d46e117ec1e58,0,0,0,0,本轮无待裁决意见
lesson-builder__cn26_05,9dd6cab258171d4a868a0e7af67c0e411fc5cc3b608509b3f92d2c121bceda31,0,0,0,0,本轮无待裁决意见
lesson-builder__cn26_06,3c4443eb0c35af478b0e1714f8a6ee473106c3fd17faf0e560dd7010377716f5,0,0,0,0,本轮无待裁决意见
lesson-builder__cn26_07,ec354eb607d4ea40ca68c90acf9ceb95b1128c9c639013652de5cfa99fe708e9,2,0,2,0,逐条裁决不需修改
lesson-builder__cn26_08,31b561ba729600e4a62f5feaf73d714ccde01f49010c0a9d1387860fb6932f1f,0,0,0,0,本轮无待裁决意见
lesson-builder__cn26_09,0bcb41316b5c5cf456a76d5174d90c8af84d2da4f17dba50e91c32c386457841,0,0,0,0,本轮无待裁决意见
lesson-builder__cn27_01,8c14a2bba521c441d4bb30b67580fee041840246fd22fcc75bbcd8acbb75837c,2,0,2,0,逐条裁决不需修改
lesson-builder__cn27_02,dc30d9cb7a0afb0ec1db5888c5a70f9d16890785a9090041d6b32716bf258aa5,0,0,0,0,本轮无待裁决意见
lesson-builder__cn27_03,fb6ff260709a8bfac3076ba54111d252d0bad22f69448c21fbae2f1d95cf0f18,0,0,0,0,本轮无待裁决意见
lesson-builder__cn27_04,651e417ea1963f809585dfc0217ec90f01db7991a20445488ffac65316f118e6,0,0,0,0,本轮无待裁决意见
lesson-builder__cn27_05,0aeb6c63f71a9d2e73387bf50fa70e2eb88d61fad820dfcb51d0e2fe13eeabdc,0,0,0,0,本轮无待裁决意见
lesson-builder__cn27_06,266d089ca4eac429ba5e1b2a16942a59906075faea159b955502d7cf71ac7408,2,0,2,0,逐条裁决不需修改
lesson-builder__cn27_07,c32817a0c3f1ce2c1a7700195a946fbf8d78007f9c3dbaa4ced8a4965f190916,0,0,0,0,本轮无待裁决意见
lesson-builder__cn27_08,145edb1fc175aa65d25037ad6893e43fedabde120a462165f50409c4d9f96ff2,0,0,0,0,本轮无待裁决意见
lesson-builder__cn28_01,eae439293bc696ca9b928dac59590a2dbdd7521dd3f3abbd0f04026dff159c1f,0,0,0,0,本轮无待裁决意见
lesson-builder__cn28_02,94ff453d2e45785f8c100349ff9e12d8e996207a0b655dc18a4a2351b0c2927e,0,0,0,0,本轮无待裁决意见
lesson-builder__cn28_03,318b7a5b9073b097ff15fcfc75efa64d73ef00352ed1f34009611e6b6c1df997,0,0,0,0,本轮无待裁决意见
lesson-builder__cn28_04,5405d0d89f1150c5b8e6f5491c2ce0d4ced5a15d715b2c6d264122e778d3710a,0,0,0,0,本轮无待裁决意见
hinge-question-designer__cn29_01,36788d53a904054c6e443d9f13e74b445bcd52acf27776911034e8a63375d4a9,1,0,1,0,逐条裁决不需修改
hinge-question-designer__cn29_02,5339ad235fa5488302b059c29e73eb9ec7bfe7162d73e076beeef2f5ff23df68,1,0,1,0,逐条裁决不需修改
hinge-question-designer__cn29_03,93b034f6406da32906d3a431168ccbd7080ed2f5a0e6af82a6718dfe7b3b7a9f,0,0,0,0,本轮无待裁决意见
hinge-question-designer__cn29_04,ea855a688e4f762693e43de6200e7eea65bb22b8a744d7264b41e25429e2f34e,0,0,0,0,本轮无待裁决意见
hinge-question-designer__cn29_05,cc042ce4a7c360f06f371da0fc1833fb106a34ac5fa57153375beac92eb471fe,0,0,0,0,本轮无待裁决意见
hinge-question-designer__cn29_06,01ae02213a7795422940de8883f4a537c6870984ced56698afd90ce8536cd6df,0,0,0,0,本轮无待裁决意见
hinge-question-designer__cn29_07,47d7e8b27a49b503a686ef701356b91455018e2683d170c676924231823e3320,0,0,0,0,本轮无待裁决意见
hinge-question-designer__cn29_08,a54b451a0e5affb684764b365ab3ccc6564fbcbf6d42f0ba8ea4bed85a93ab1c,2,0,2,0,逐条裁决不需修改
hinge-question-designer__cn29_09,d381eb482df14ff8768f7262725b15b8c14cb46439c4ab2dc154c51ca52da85e,2,0,2,0,逐条裁决不需修改
lesson-builder__cn30_01,5f02511d662d9c7b6b39171c35de78b308affdf7633ef32f17aecf24e18eb1f2,2,0,2,0,逐条裁决不需修改
lesson-builder__cn30_02,c8109dba2ab1a939026b5ee501bcea7d0f83272fb2b7fec7f65ad11b6334bcf5,1,0,1,0,逐条裁决不需修改
lesson-builder__cn30_03,27ce189d38fa10c8cfa25a856865e22dcf5734dbdfe7bf56836aa9e1e8a71283,0,0,0,0,本轮无待裁决意见
lesson-builder__cn30_04,5825f46e0d1d678e15d16ceb597738ea17f56f3202737b61e9f7f5e60fb5460d,0,0,0,0,本轮无待裁决意见
lesson-builder__cn30_05,b684467bf028de061e2ec7f9b604fabfad49d7175ea237b9c62fd01909727b08,0,0,0,0,本轮无待裁决意见
lesson-builder__cn30_06,1ac8fa3106d9f5d8c3b2f373bf7df4b6aea3eeba1577869699d048f5007aae92,1,1,0,0,修正评分并补测
lesson-builder__cn31_01,65ff979f10b37ad363f461116cd904ab8da59497c61ebfc4b47b40c69c954798,1,1,0,0,修正评分并补测
lesson-builder__cn31_02,d684673d4ea7d2348dd4a3b796a13c0641480ca42637a7a0969744b4b8064759,0,0,0,0,本轮无待裁决意见
lesson-builder__cn31_03,1f495e011a4348ad9e8b428414995b9e8f1d2f88fd66167762ed99b8c3c31a63,0,0,0,0,本轮无待裁决意见
lesson-builder__cn31_04,5077f3c3e93e689d1c0740a23d5a2b3597427c49ab030290e9ce729a3d215fbd,2,0,2,0,逐条裁决不需修改
lesson-builder__cn31_05,0c7ff2046fedb2d58c96ccf3d37d338c272ab21e69671c0dc791db3178602dd2,1,0,1,0,逐条裁决不需修改
lesson-builder__cn31_06,c57f017f002c1fa6698bc771fa647d90a2a5280f175b0924f9bd9b2f5fc70bb0,0,0,0,0,本轮无待裁决意见
lesson-builder__cn31_07,c86526ff1ac78c40026a0db73e07bb55dc2f799f1c49359f2d518836df6d067c,0,0,0,0,本轮无待裁决意见
lesson-builder__cn31_08,221239025f44b302b60ef34f91b9c240df57d0322c3367c9552929e3b6fd8694,0,0,0,0,本轮无待裁决意见
self-efficacy-builder-sequence__cn35_01,31b9757ed1642780d1ee7c3ddcf6473124736d39ff8fb703e059444fb102a525,0,0,0,0,本轮无待裁决意见
self-efficacy-builder-sequence__cn35_02,1933424a63b3d03b2db4c016efe79d0af38860271c51d19620f9734c99e8004b,2,0,2,0,逐条裁决不需修改
self-efficacy-builder-sequence__cn35_03,b2d8a271f1b277de1191cb5ae48aa7594e1ad6cc64338346e895839b61e02e0f,0,0,0,0,本轮无待裁决意见
self-efficacy-builder-sequence__cn35_04,77da5a06dbb72da3cc7e722fb86fe8f0b533cb45166d2b91f12a096604fda692,0,0,0,0,本轮无待裁决意见
self-efficacy-builder-sequence__cn35_05,2ca8a39f0c115e13c76b7fb32f9a0cced8ea52c28d46419e23a6769a69a93ce6,0,0,0,0,本轮无待裁决意见
self-efficacy-builder-sequence__cn35_06,cb45b0412223338c3dc383fa19d1c579a1cb8cb23d07a911a0ca013f2a120648,0,0,0,0,本轮无待裁决意见
project-brief-designer__cn43_01,7f018a5d2f8fd42b5be07834f44c94ebc47d5d6bca045a0c1ffb1cdade10e154,0,0,0,0,本轮无待裁决意见
project-brief-designer__cn43_02,98dbb9ab5efc11382489a8318fbcf65f6b03c02523815dd77250e90ad53d9506,0,0,0,0,本轮无待裁决意见
project-brief-designer__cn43_03,508736fae2b635dbe81a7729fa964ca637eaa2366c72aac3dd3e39fda80456e4,0,0,0,0,本轮无待裁决意见
project-brief-designer__cn43_04,9c900cffa8611a1bf76a073942eef80994eb1926a2d51c0e182f25c89ef7ef7a,0,0,0,0,本轮无待裁决意见
project-brief-designer__cn43_05,808377eccaaef844732e3deba00ea23affec4867d0ce1110c7ae72e55a46fe7a,1,0,1,0,逐条裁决不需修改
project-brief-designer__cn43_06,76d8ca7e3605133756b90132dd36e173591eccbebb4a36333cddca93c4d2685f,2,0,2,0,逐条裁决不需修改
lesson-builder__cn50_01,b6f2e7008a0b545f86a0667e3c73c82a91dfb7208f2bdf1b8ef5f40645242557,0,0,0,0,本轮无待裁决意见
lesson-builder__cn50_02,2a6aa40f8f2e9d739477c0cf42fb5ce08f089bf0847e326d03b7fc5e72f33755,1,0,1,0,逐条裁决不需修改
lesson-builder__cn50_03,880c0f38d7b29b8dbb2a243ae62c608db0c216eb52b50cb664ea6c206abb7d72,2,0,2,0,逐条裁决不需修改
lesson-builder__cn50_04,1685e7f88c5df498498ea54a05cc7edd2ae89e1ee22d8ddd8c46142d3c07ac06,1,0,1,0,逐条裁决不需修改
lesson-builder__cn50_05,a48ed20126feb3e302abc688845fe0292b454ec9092ef39b39daa5e1140d3855,0,0,0,0,本轮无待裁决意见
lesson-builder__cn50_06,5834731e179fad347fcd33e5e29b9f8bc230d08861ff826340ca65b94d51b5bf,1,0,1,0,逐条裁决不需修改
lesson-builder__cn50_07,c7be07768196a866e2c017bd60ca108a3122e209ae9c7769a66036fd96a1dc12,0,0,0,0,本轮无待裁决意见
lesson-builder__cn50_08,5b87b05b844a9fb9a84cfcdd3123f99db5fcf3b71801e18b1374db53e0fea169,1,0,1,0,逐条裁决不需修改
lesson-builder__cn50_09,9f181abf4ae4fdb7bdd4adccb77323b3d40a170b1b0babf669ff9b7af356be68,0,0,0,0,本轮无待裁决意见
lesson-builder__cn50_10,509412aeca98ffdbe566e21b5f680b3d29ed5bfc2f1b109fc9d47a2e41766311,0,0,0,0,本轮无待裁决意见
lesson-builder__cn51_01,f86a7b65a77b55ecd47ad324c4b097500619619ff18471200441b9fe4fd2bf84,0,0,0,0,本轮无待裁决意见
lesson-builder__cn51_02,fcdf43eeb3b0a1f4d6e0a43293fe3a0598e7bfd9e250c1d3a2b09fb2a7695c45,0,0,0,0,本轮无待裁决意见
lesson-builder__cn51_03,a89fea952bea446f6f240d06c014023c1d1487961d8ed84463e524c01932b612,1,1,0,0,修正评分并补测
lesson-builder__cn51_04,021d9c314a7de5a863fc92e2125e10072ac35f47285f4179d83630e7ee8c422a,0,0,0,0,本轮无待裁决意见
lesson-builder__cn51_05,80369d1916117f560443e2fe5948c506a4313034f42340534818128d09bd7776,0,0,0,0,本轮无待裁决意见
lesson-builder__cn51_06,d4b3d1f5f318062b0b11e6104610636f18bf90e839abd27fb2ebd4a06aa55f6b,2,1,1,0,修正评分并补测
lesson-builder__cn51_07,aa32ddfe731c9f1fe61623a50643bab91013b20d3b3d746129f8bd7dfc739ad7,0,0,0,0,本轮无待裁决意见
lesson-builder__cn51_08,f2c5e53a668ff0646becfd1d3abf2b4cd552d58854f924df987726076e9806dc,0,0,0,0,本轮无待裁决意见
lesson-builder__cn51_09,9770439a6354ae6896c22b1da92c310652bbefc0606316b2526a890cc291b808,0,0,0,0,本轮无待裁决意见
lesson-builder__cn51_10,e91e959a70194840e1e9c90958b80b6a24efb752d029407e08b727d1eb4a13fc,0,0,0,0,本轮无待裁决意见
project-brief-designer__cn52_01,194a711c5e43042074fa518e3a5695c3280634d95baf56455e1b54d0c7bf5876,0,0,0,0,本轮无待裁决意见
project-brief-designer__cn52_02,66183f31feb80da9c676fb1d3501b56ab3009174d0a11fb031d2ce02a13c81f8,2,1,1,0,修正评分并补测
project-brief-designer__cn52_03,ffe41fd5f839521d2f121db510b1dfd265b042e8568bb7629a9d6b27bd5b8ec5,0,0,0,0,本轮无待裁决意见
project-brief-designer__cn52_04,fd404700d62115ec1103ced1e5ec7f4e911d45612644dead95dc097a08fd9d79,1,1,0,0,修正评分并补测
project-brief-designer__cn52_05,2beceaa929bcd73cf556a885a0cf41cba064293923e057393468f51a3eafb196,0,0,0,0,本轮无待裁决意见
project-brief-designer__cn52_06,5c7ff17a78ec97aeb302b1c5de2ab36c7a6814c7066b7c2eb5c92bca0d4d2a5b,0,0,0,0,本轮无待裁决意见
project-brief-designer__cn52_07,221b1884a16a26eb6efc67ba37667df4a5e126aef79ba2deb2ba66680bf36a59,2,0,2,0,逐条裁决不需修改
project-brief-designer__cn52_08,04e030ea8926f9e74c6b4cbbd40bf8cb52a8377cad16766e452afb398aee85b1,2,0,2,0,逐条裁决不需修改
project-brief-designer__cn52_09,46bf764a6925d219d5571eb064c6e7d87259822c01a535c40864299971fe5ca2,3,0,3,0,逐条裁决不需修改
project-brief-designer__cn52_10,ecc003d0963ee5e08adae4ab94decabe5884901ff038250eb2b2045aa9899ada,0,0,0,0,本轮无待裁决意见
adaptive-hint-sequence-designer__cn53_01,be54bbacb824e1827b65faa4da9529ad33e19283ff8a896090661f8e368f2227,0,0,0,0,本轮无待裁决意见
adaptive-hint-sequence-designer__cn53_02,7748a46f9a9610ca666958a03caf1deeba71b241fa79ca742f2579811df8feef,0,0,0,0,本轮无待裁决意见
adaptive-hint-sequence-designer__cn53_03,2d4702e0ac35a87ecd194ad83866739c406d7273793f2298dad8d5ae60f5c86a,0,0,0,0,本轮无待裁决意见
adaptive-hint-sequence-designer__cn53_04,6a9e74f5bd9a3c12f7819129e91d7e9b0aaa3308f2bf9b3e10ed8880b1f553f7,2,0,2,0,逐条裁决不需修改
adaptive-hint-sequence-designer__cn53_05,24b0b2dd1c8e6f00bcb5483a8b3e828c2c7bc0419fd0d8b18c72b6a6f0fba7ba,0,0,0,0,本轮无待裁决意见
adaptive-hint-sequence-designer__cn53_06,802b17c7c10f52d85f112f2ea2e6c5645f254f81d3c812dac942e71ad99e90e3,0,0,0,0,本轮无待裁决意见
adaptive-hint-sequence-designer__cn53_07,17b94f8dd129d780866e9e77b4c654b74d4eac0a0550b4e552bfb4a26f42fd39,0,0,0,0,本轮无待裁决意见
adaptive-hint-sequence-designer__cn53_08,cceff94f951534d7a51fb4a8b3346d36007ba823e51f7c73d28b036d23e38cba,0,0,0,0,本轮无待裁决意见
adaptive-hint-sequence-designer__cn53_09,f0bac59dadaa7c7abcf714b5705befc06d37332e6c32761bed1b88c0e1905db0,0,0,0,0,本轮无待裁决意见
adaptive-hint-sequence-designer__cn53_10,ff9fa1711e174a0d7a589a78887ebccde8d11c3daec2b8a6c3a785f2723fb1aa,3,0,3,0,逐条裁决不需修改
backwards-design-unit-planner__cn54_01,aa33c13cfd85e685e9c52a94b68c5171d0ed1b161d9aa3b7e0fae6a5ad9acd04,3,0,3,0,逐条裁决不需修改
backwards-design-unit-planner__cn54_02,de30611718b23d66efe56516139608210b67ffc961ec14dbf9aaf672e6955335,0,0,0,0,本轮无待裁决意见
backwards-design-unit-planner__cn54_03,dcb79f818db2b4e43fc62f6c4cae63bc614500cc9408847fd6cf7a500d2aab74,2,0,2,0,逐条裁决不需修改
backwards-design-unit-planner__cn54_04,68ab502840cc450e23eab4ea622aaa656ee7eac0376fbe86693da4e3601ed317,1,0,1,0,逐条裁决不需修改
backwards-design-unit-planner__cn54_05,9fcb3b5d8681824163cdc3902c1eb1cc9f0170d5501ca3d8dfaa0db8ca8ca2dc,0,0,0,0,本轮无待裁决意见
backwards-design-unit-planner__cn54_06,53c84c709d7682165502a3a041694c53f00e76386c7ab77644f54721b947ad36,3,0,3,0,逐条裁决不需修改
backwards-design-unit-planner__cn54_07,dc6567af7c9ef1e2afc1e5169ad9702e569a8469922ae2f6311cb2e3bfc74896,1,0,1,0,逐条裁决不需修改
backwards-design-unit-planner__cn54_08,e967446dd88d7c3581d41e5aa9f2067be9d6041183c5b9c1150bb959c4c9e96e,0,0,0,0,本轮无待裁决意见
backwards-design-unit-planner__cn54_09,a3456c3fc599817d6cf6b2261d94ba003ce2b5e903a28b575b773cb29463d343,4,0,4,0,逐条裁决不需修改
backwards-design-unit-planner__cn54_10,5e3f67d6c4f42d5e56a08ad78159f67a90a79b40c456f84ab7801d62228b1d40,1,0,1,0,逐条裁决不需修改
lesson-builder__cn55_01,3a5d41ab45a0426a994471dbdbd02ed4f0f8d3126c3ee69f7eae534963dc599a,0,0,0,0,本轮无待裁决意见
lesson-builder__cn55_02,d23f3b042841fcad9a9ed18baee7a02987f25c02c6fecc1f5d7c3e134552fd67,0,0,0,0,本轮无待裁决意见
lesson-builder__cn55_03,e296e4eebd3f925c0196d47dfc2b31c2c3f754dbfe6f5db58fcbca9bec1a1c44,0,0,0,0,本轮无待裁决意见
lesson-builder__cn55_04,7ab1244093d43a825d6ef9c45e24bb8a085201b1baa144f8dfb4a8991f3ba953,0,0,0,0,本轮无待裁决意见
lesson-builder__cn55_05,dedacd6a3b011e010420ed26107900b5cab392094c358d663307e25dd1814403,4,0,4,0,逐条裁决不需修改
lesson-builder__cn55_06,22ade79354ea8ae8eec4d4ac3d42fbfcc7f9c2a6f056438af8721869cfd62d4d,0,0,0,0,本轮无待裁决意见
lesson-builder__cn55_07,7177ce41ef58306f4b6572416df0ba21f76601aee4d4589eef011c391880c6b5,0,0,0,0,本轮无待裁决意见
lesson-builder__cn55_08,0bd988ee04c67ccf5f2bb1ed8cd5c804cce675f00e5fc6ffcefe7994d21c1272,1,0,1,0,逐条裁决不需修改
lesson-builder__cn55_09,c6340596a94f41b50cad5d6771b7642affc900f982f1ba6bf783af243b81ca69,0,0,0,0,本轮无待裁决意见
lesson-builder__cn55_10,dd8d6fdc1941446a179f1d5f9177de5f0bfa60386251a363671745909371e328,0,0,0,0,本轮无待裁决意见
socratic-questioning-sequence-generator__cn56_01,4910f74810b9bb2b6980d33ecfaefe113341e97c08a741fca724b7e5e6f98848,0,0,0,0,本轮无待裁决意见
socratic-questioning-sequence-generator__cn56_02,60e509793129c7e8587d6a5e309889a7def1ac6a2ddc2c51d6ce098ea6c08ace,1,0,1,0,逐条裁决不需修改
socratic-questioning-sequence-generator__cn56_03,c46820c6f70fa7f2f5c9545243d8e8bf8720c4fb05afc91c451ded7274d5a724,0,0,0,0,本轮无待裁决意见
socratic-questioning-sequence-generator__cn56_04,683e2ea78ecd8039b6c7bbf04d0c78bf195027a96e87f2795fd380edb7d2431c,2,0,2,0,逐条裁决不需修改
socratic-questioning-sequence-generator__cn56_05,6e05fb5f1c5d9ef587357fbf2de87d26579107cae6c6a4afe52084a9e9693612,0,0,0,0,本轮无待裁决意见
socratic-questioning-sequence-generator__cn56_06,3557e18df150c3e632180e106a1dda657123b42c8c5c3f88117376fa3e7ca1f2,0,0,0,0,本轮无待裁决意见
socratic-questioning-sequence-generator__cn56_07,cdb6ac4ff09faae5db2d508cf2c1a9e2498db70182bd62ee4eb9beb7f987b41a,2,0,2,0,逐条裁决不需修改
socratic-questioning-sequence-generator__cn56_08,4202a5453c686f734b5719d8e0e591af534491a2707da53e73052fedfbee471c,0,0,0,0,本轮无待裁决意见
socratic-questioning-sequence-generator__cn56_09,23be5178406c7a04f884e3290fd72c978de5ac479dd16d75ffeee8d51843f70d,0,0,0,0,本轮无待裁决意见
socratic-questioning-sequence-generator__cn56_10,73d5bfe3b9fa719311e3838430fa3f0bff3a78099d980c40254eebf347a08a94,0,0,0,0,本轮无待裁决意见
lesson-builder__cn57_01,d356946d461d404416158f7953143988af4998fc9bbd784795e1d8df4609bf9b,0,0,0,0,本轮无待裁决意见
lesson-builder__cn57_02,0087e21200d88f0d538dd5e7423e06cdccca9441ee89c5e74aff3a89ad56b3f6,0,0,0,0,本轮无待裁决意见
lesson-builder__cn57_03,4d6c324292c4320ed990745214ecfcff6a0029e1b2c49f9ba0fc0c098a0553af,1,1,0,0,修正评分并补测
lesson-builder__cn57_04,a4263b6bde5506f4d9e5c2cc52263d564845b240994f07bad24a50d32e74a714,0,0,0,0,本轮无待裁决意见
lesson-builder__cn57_05,87d49e28bce387a20d2f8eb32ae19a367de0517563808ec11e8f80135e8146d2,0,0,0,0,本轮无待裁决意见
lesson-builder__cn57_06,01aa0e379e82ee29305905b74ec36fe3688a4cf2ebf52b18753642b4bc681640,0,0,0,0,本轮无待裁决意见
lesson-builder__cn57_07,03a172de02e01ad8e464eb01380cd7d9e7c1a072e7c15a9085b82cc7d29f21d1,3,0,3,0,逐条裁决不需修改
lesson-builder__cn57_08,94947ef1dbfe813b724535824b66b6185150f28f28df5f7dbebe1cd18894c330,1,0,1,0,逐条裁决不需修改
lesson-builder__cn57_09,f36186b8e72db70f1d9edeff918af02ba824ff2e13d84ce66c958f55b9644b09,0,0,0,0,本轮无待裁决意见
lesson-builder__cn57_10,5a8a84f9e9e5104ad002753820d35cd73a9fecbfccbde227ab98217c62443447,0,0,0,0,本轮无待裁决意见
adaptive-hint-sequence-designer__cn59_01,64a1a6a3888753180688beb81eef9d972f66df29dcdd1fa882a7cbcbac54d17d,1,0,1,0,逐条裁决不需修改
adaptive-hint-sequence-designer__cn59_02,bf71333546d089dcab0ede6bfc9641aad5a38b5f3a8751a6823973cabfa46e26,0,0,0,0,本轮无待裁决意见
adaptive-hint-sequence-designer__cn59_03,71080dce46e7b1785e40b947acf32897b2624c499358ecf8d5d70a066f3c9c92,0,0,0,0,本轮无待裁决意见
adaptive-hint-sequence-designer__cn59_04,340373c9b2683cbe4719c73aad4762ea0b39d5ce21b5c5e99ff624c966fafb87,1,0,1,0,逐条裁决不需修改
adaptive-hint-sequence-designer__cn59_05,1e28a07a09522124b8e23eaf5f093c1b8ec68a0f3b2dac659e7e2ec187fad185,0,0,0,0,本轮无待裁决意见
adaptive-hint-sequence-designer__cn59_06,ee772374a29a72ccf35cbbb47524f93cc92f9a3649805d7957deb32d6c7f23af,2,0,2,0,逐条裁决不需修改
adaptive-hint-sequence-designer__cn59_07,ebbec3bcf8f858b3633af21bfdb59c32d951ba9fca7fd76ae3dbb173ef814960,0,0,0,0,本轮无待裁决意见
adaptive-hint-sequence-designer__cn59_08,8f8f9805d538fd38b83f8c937de5739451f267fbb7719d1ae5a45f263b853f1c,0,0,0,0,本轮无待裁决意见
adaptive-hint-sequence-designer__cn59_09,c1b6c06ae9f2fc995f3c10bf78d1e36b060deaa0a7e70d2ec24f6ccb4dbb6d5a,0,0,0,0,本轮无待裁决意见
adaptive-hint-sequence-designer__cn59_10,6943617855282e54ec4e61a60d3df8300ab51b6c69024e6c9e81fb49427190ac,3,0,3,0,逐条裁决不需修改
lesson-builder__cn60_01,2751292608c7d3f5bbf03ef673c07f80d113f90df1287cce7cc31a55505f34e0,2,0,2,0,逐条裁决不需修改
lesson-builder__cn60_02,a53b11a815c2acd1f0c29a2ebb30e6bb11ed45783109b8c5b3908ba81c72a3eb,1,0,1,0,逐条裁决不需修改
lesson-builder__cn60_03,a3b1a9fddab4f33cf1066123c619dc35efaadf401408b3da1ef5a970a1132bf4,0,0,0,0,本轮无待裁决意见
lesson-builder__cn60_04,677f7380fbe460e30dd8824414fed4e541ceb16c0603f707c55f0d44baf0b136,4,1,3,0,修正评分并补测
lesson-builder__cn60_05,6397dc85dd9f0dfe72f8a101ad148d5b724ca618dd7b9b109dc69decd585233b,0,0,0,0,本轮无待裁决意见
lesson-builder__cn60_06,ab6cdbc184a40844c7441f945fd0dcb0cdf4e02d85477a0a8288c352a7cd5bef,2,0,2,0,逐条裁决不需修改
lesson-builder__cn60_07,a0ce21e1019a3d071e53d378fef05c6769b78dc54ec1fa9562aad933d8f5efd0,0,0,0,0,本轮无待裁决意见
lesson-builder__cn60_08,808a5e058864bb4cf9d32e9a503eac50ff4eef9e67a22958ed13fbc44b5e5747,2,0,2,0,逐条裁决不需修改
lesson-builder__cn60_09,4e1910abde60bdecb5a6a1185a2f84cda5eb56cd29db3323a098493f958f8f33,1,0,1,0,逐条裁决不需修改
lesson-builder__cn60_10,36d50698412875cd85c40e4e82e6485e6ad07cebd0818b4fcbe918148b9543e8,0,0,0,0,本轮无待裁决意见
differentiation-adapter__cn62_01,433059fca4fa4ef5e0caedfc21488d3cd795d9ad7152c3c1d5ce4995ce234fba,2,0,2,0,逐条裁决不需修改
differentiation-adapter__cn62_02,554a12cf294394ba5884332f7e6012dc737f5315715515b49f4f1e576aa1e1e9,0,0,0,0,本轮无待裁决意见
differentiation-adapter__cn62_03,fadcf80c9b3dc49a77da75eadf735a4e3a85d7d268c616ba8a55f55d00394e03,1,0,1,0,逐条裁决不需修改
differentiation-adapter__cn62_04,f18771c737e8b667b58a4225847b6829fb16eed7ec0de28ed0d406252ead17c7,3,0,3,0,逐条裁决不需修改
differentiation-adapter__cn62_05,43f99382a6bb635b901647b84bae95d7c934e26158f2c332045f14a70c01dd9d,2,0,2,0,逐条裁决不需修改
differentiation-adapter__cn62_06,873dbe7b11221771319e19735af9e70704f8b2bd0dcfd5168ff26deff1c170da,2,0,2,0,逐条裁决不需修改
differentiation-adapter__cn62_07,55eb129b78f0d4f8d222253b4c8f14aeb40a79cb69994d12ad6b7396383e540c,0,0,0,0,本轮无待裁决意见
differentiation-adapter__cn62_08,b5b4ab7e800d45a8707d65e75e23bf9cd2decc1e3098c500af29b0c79f67a53f,0,0,0,0,本轮无待裁决意见
differentiation-adapter__cn62_09,f2c838fdd288c15fc98471939fd7f2ec39f4cbccc1c5b650f61800c801860b96,3,0,3,0,逐条裁决不需修改
differentiation-adapter__cn62_10,4e65f61e4b78f3bff2f1c3cd0f17a5b2f627e723c4aeeccf8b912979d4a00551,1,0,1,0,逐条裁决不需修改
differentiation-adapter__cn63_01,26b7a89f46ef08df9d32455aa9a14b494b26a533a71d4fe43e13ff3e929983d1,3,0,3,0,逐条裁决不需修改
differentiation-adapter__cn63_02,ba22771d336a205ca6451f76143116dd923cf0a62e40c4bfde57d245a8e0bbdd,1,0,1,0,逐条裁决不需修改
differentiation-adapter__cn63_03,467d752da3f506cfdbf5e812623f19fb96935ac360c5a8881d78fa53006ef9c1,0,0,0,0,本轮无待裁决意见
differentiation-adapter__cn63_04,66c10700fd3ce96d9092e07f85eb31964e3517129916137689d540fe397f5e4b,0,0,0,0,本轮无待裁决意见
differentiation-adapter__cn63_05,06c86b9fc9286857a9df53bc76a9a29e24a887c6c4120c7ed78cfcbc04460416,0,0,0,0,本轮无待裁决意见
differentiation-adapter__cn63_06,39a10f96616dadecc688cb97d45719183da42bb2f4811a5bee922ea3183e1233,0,0,0,0,本轮无待裁决意见
differentiation-adapter__cn63_07,5a2a839a18ab5cb9c8285f7c80c584be0daf767872ea339e128a65dafd955bd2,0,0,0,0,本轮无待裁决意见
differentiation-adapter__cn63_08,fc1a7d0cf279cebd289058fa0734c94b206a2da3829ed0d045a22223066ab25c,2,1,1,0,修正评分并补测
differentiation-adapter__cn63_09,cf17b3a0e408d6e610df104634ca44424404eb68c70f9c8c31674cae24aecdc6,2,0,2,0,逐条裁决不需修改
differentiation-adapter__cn63_10,485f9494375a4d1a3b038769b425590c2db09929f48e2d5ddc6cfd60e3ba6f58,1,0,1,0,逐条裁决不需修改
