dataset,task_id,senior_review_status,revision_status,changed_fields,note
v1_42,hinge-question-designer__01,通过,modified_not_accepted,rubric,改动不等于已解决全部意见；需逐问题验收
v1_42,hinge-question-designer__02,通过,not_modified,,改动不等于已解决全部意见；需逐问题验收
v1_42,hinge-question-designer__03,通过,modified_not_accepted,rubric,改动不等于已解决全部意见；需逐问题验收
v1_42,retrieval-practice-generator__02,通过,modified_not_accepted,user_prompt,改动不等于已解决全部意见；需逐问题验收
v1_42,socratic-questioning-sequence-generator__01,通过,modified_not_accepted,user_prompt,改动不等于已解决全部意见；需逐问题验收
v1_42,differentiation-adapter__01,通过,modified_not_accepted,"user_prompt,expected_output,rubric",改动不等于已解决全部意见；需逐问题验收
v1_42,differentiation-adapter__02,通过,not_modified,,改动不等于已解决全部意见；需逐问题验收
v1_42,differentiation-adapter__03,通过,not_modified,,改动不等于已解决全部意见；需逐问题验收
v1_42,backwards-design-unit-planner__01,通过,not_modified,,改动不等于已解决全部意见；需逐问题验收
v1_42,backwards-design-unit-planner__02,通过,not_modified,,改动不等于已解决全部意见；需逐问题验收
v1_42,adaptive-hint-sequence-designer__01,通过,modified_not_accepted,user_prompt,改动不等于已解决全部意见；需逐问题验收
v1_42,adaptive-hint-sequence-designer__02,通过,not_modified,,改动不等于已解决全部意见；需逐问题验收
v1_42,self-explanation-prompt-designer__01,通过,modified_not_accepted,user_prompt,改动不等于已解决全部意见；需逐问题验收
v1_42,self-explanation-prompt-designer__02,通过,not_modified,,改动不等于已解决全部意见；需逐问题验收
v1_42,project-brief-designer__01,通过,modified_not_accepted,user_prompt,改动不等于已解决全部意见；需逐问题验收
v1_42,project-brief-designer__02,通过,modified_not_accepted,user_prompt,改动不等于已解决全部意见；需逐问题验收
v1_42,project-brief-designer__03,通过,modified_not_accepted,user_prompt,改动不等于已解决全部意见；需逐问题验收
v1_42,spaced-practice-scheduler__01,通过,not_modified,,改动不等于已解决全部意见；需逐问题验收
v1_42,spaced-practice-scheduler__02,通过,modified_not_accepted,user_prompt,改动不等于已解决全部意见；需逐问题验收
v1_42,ruler-emotional-literacy-sequence__01,通过,not_modified,,改动不等于已解决全部意见；需逐问题验收
v1_42,ruler-emotional-literacy-sequence__02,通过,not_modified,,改动不等于已解决全部意见；需逐问题验收
v1_42,ruler-emotional-literacy-sequence__03,通过,not_modified,,改动不等于已解决全部意见；需逐问题验收
v1_42,retrieval-practice-generator__03,不通过,not_modified,,改动不等于已解决全部意见；需逐问题验收
v1_42,socratic-questioning-sequence-generator__03,不通过,modified_not_accepted,"user_prompt,education_stage",改动不等于已解决全部意见；需逐问题验收
v1_42,backwards-design-unit-planner__03,不通过,modified_not_accepted,education_stage,改动不等于已解决全部意见；需逐问题验收
v1_42,lesson-builder__01,不通过,modified_not_accepted,"user_prompt,education_stage",改动不等于已解决全部意见；需逐问题验收
v1_42,lesson-builder__02,不通过,modified_not_accepted,"user_prompt,expected_output,rubric,education_stage",改动不等于已解决全部意见；需逐问题验收
v1_42,adaptive-hint-sequence-designer__03,不通过,modified_not_accepted,education_stage,改动不等于已解决全部意见；需逐问题验收
v1_42,self-explanation-prompt-designer__03,不通过,modified_not_accepted,"user_prompt,expected_output,rubric",改动不等于已解决全部意见；需逐问题验收
v1_42,spaced-practice-scheduler__03,不通过,modified_not_accepted,"user_prompt,education_stage",改动不等于已解决全部意见；需逐问题验收
v1_42,retrieval-practice-generator__01,待核验,modified_not_accepted,"user_prompt,rubric",改动不等于已解决全部意见；需逐问题验收
v1_42,socratic-questioning-sequence-generator__02,待核验,modified_not_accepted,"user_prompt,expected_output",改动不等于已解决全部意见；需逐问题验收
v1_42,motivation-diagnostic-task-redesign__01,待核验,not_modified,,改动不等于已解决全部意见；需逐问题验收
v1_42,motivation-diagnostic-task-redesign__02,待核验,not_modified,,改动不等于已解决全部意见；需逐问题验收
v1_42,motivation-diagnostic-task-redesign__03,待核验,not_modified,,改动不等于已解决全部意见；需逐问题验收
v1_42,self-efficacy-builder-sequence__01,待核验,modified_not_accepted,user_prompt,改动不等于已解决全部意见；需逐问题验收
v1_42,self-efficacy-builder-sequence__02,待核验,modified_not_accepted,user_prompt,改动不等于已解决全部意见；需逐问题验收
v1_42,self-efficacy-builder-sequence__03,待核验,modified_not_accepted,user_prompt,改动不等于已解决全部意见；需逐问题验收
v1_42,lesson-builder__03,待核验,modified_not_accepted,"context,user_prompt,expected_output,rubric",改动不等于已解决全部意见；需逐问题验收
v1_42,emergent-project-design-scaffold__01,待核验,modified_not_accepted,user_prompt,改动不等于已解决全部意见；需逐问题验收
v1_42,emergent-project-design-scaffold__02,待核验,modified_not_accepted,user_prompt,改动不等于已解决全部意见；需逐问题验收
v1_42,emergent-project-design-scaffold__03,待核验,modified_not_accepted,user_prompt,改动不等于已解决全部意见；需逐问题验收
cn263,lesson-builder__cn01_04,不通过,not_modified,,改动不等于已解决全部意见；需逐问题验收
cn263,lesson-builder__cn01_10,不通过,not_modified,,改动不等于已解决全部意见；需逐问题验收
cn263,lesson-builder__cn18_10,不通过,not_modified,,改动不等于已解决全部意见；需逐问题验收
cn263,lesson-builder__cn21_10,不通过,not_modified,,改动不等于已解决全部意见；需逐问题验收
cn263,retrieval-practice-generator__cn23_01,不通过,modified_not_accepted,"expected_output,rubric",改动不等于已解决全部意见；需逐问题验收
cn263,retrieval-practice-generator__cn23_02,不通过,modified_not_accepted,"expected_output,rubric",改动不等于已解决全部意见；需逐问题验收
cn263,retrieval-practice-generator__cn23_03,不通过,modified_not_accepted,"expected_output,rubric",改动不等于已解决全部意见；需逐问题验收
cn263,retrieval-practice-generator__cn23_04,不通过,modified_not_accepted,"expected_output,rubric",改动不等于已解决全部意见；需逐问题验收
cn263,retrieval-practice-generator__cn23_05,不通过,modified_not_accepted,"expected_output,rubric",改动不等于已解决全部意见；需逐问题验收
cn263,retrieval-practice-generator__cn23_06,不通过,modified_not_accepted,"expected_output,rubric",改动不等于已解决全部意见；需逐问题验收
cn263,retrieval-practice-generator__cn23_07,不通过,modified_not_accepted,"expected_output,rubric",改动不等于已解决全部意见；需逐问题验收
cn263,retrieval-practice-generator__cn23_08,不通过,modified_not_accepted,"expected_output,rubric",改动不等于已解决全部意见；需逐问题验收
cn263,lesson-builder__cn24_01,不通过,modified_not_accepted,"context,expected_output,rubric",改动不等于已解决全部意见；需逐问题验收
cn263,lesson-builder__cn24_02,不通过,modified_not_accepted,"context,expected_output,rubric",改动不等于已解决全部意见；需逐问题验收
cn263,lesson-builder__cn24_03,不通过,modified_not_accepted,"context,expected_output,rubric",改动不等于已解决全部意见；需逐问题验收
cn263,lesson-builder__cn24_04,不通过,modified_not_accepted,"context,expected_output,rubric",改动不等于已解决全部意见；需逐问题验收
cn263,lesson-builder__cn24_05,不通过,modified_not_accepted,"context,expected_output,rubric",改动不等于已解决全部意见；需逐问题验收
cn263,lesson-builder__cn24_06,不通过,modified_not_accepted,"context,expected_output,rubric",改动不等于已解决全部意见；需逐问题验收
cn263,lesson-builder__cn24_07,不通过,modified_not_accepted,"context,expected_output,rubric",改动不等于已解决全部意见；需逐问题验收
cn263,lesson-builder__cn24_09,不通过,modified_not_accepted,"context,expected_output,rubric",改动不等于已解决全部意见；需逐问题验收
cn263,lesson-builder__cn25_01,不通过,modified_not_accepted,"context,expected_output,rubric",改动不等于已解决全部意见；需逐问题验收
cn263,lesson-builder__cn28_01,不通过,modified_not_accepted,"expected_output,rubric",改动不等于已解决全部意见；需逐问题验收
cn263,lesson-builder__cn28_02,不通过,modified_not_accepted,"expected_output,rubric",改动不等于已解决全部意见；需逐问题验收
cn263,lesson-builder__cn28_03,不通过,modified_not_accepted,"expected_output,rubric",改动不等于已解决全部意见；需逐问题验收
cn263,lesson-builder__cn28_04,不通过,modified_not_accepted,"expected_output,rubric",改动不等于已解决全部意见；需逐问题验收
cn263,hinge-question-designer__cn29_01,不通过,not_modified,,改动不等于已解决全部意见；需逐问题验收
cn263,hinge-question-designer__cn29_02,不通过,not_modified,,改动不等于已解决全部意见；需逐问题验收
cn263,hinge-question-designer__cn29_03,不通过,not_modified,,改动不等于已解决全部意见；需逐问题验收
cn263,hinge-question-designer__cn29_04,不通过,not_modified,,改动不等于已解决全部意见；需逐问题验收
cn263,hinge-question-designer__cn29_05,不通过,not_modified,,改动不等于已解决全部意见；需逐问题验收
cn263,hinge-question-designer__cn29_06,不通过,not_modified,,改动不等于已解决全部意见；需逐问题验收
cn263,hinge-question-designer__cn29_07,不通过,not_modified,,改动不等于已解决全部意见；需逐问题验收
cn263,hinge-question-designer__cn29_08,不通过,not_modified,,改动不等于已解决全部意见；需逐问题验收
cn263,hinge-question-designer__cn29_09,不通过,not_modified,,改动不等于已解决全部意见；需逐问题验收
cn263,adaptive-hint-sequence-designer__cn59_01,不通过,modified_not_accepted,"expected_output,rubric",改动不等于已解决全部意见；需逐问题验收
cn263,adaptive-hint-sequence-designer__cn59_02,不通过,modified_not_accepted,"expected_output,rubric",改动不等于已解决全部意见；需逐问题验收
cn263,adaptive-hint-sequence-designer__cn59_03,不通过,modified_not_accepted,"expected_output,rubric",改动不等于已解决全部意见；需逐问题验收
cn263,adaptive-hint-sequence-designer__cn59_04,不通过,modified_not_accepted,"expected_output,rubric",改动不等于已解决全部意见；需逐问题验收
cn263,adaptive-hint-sequence-designer__cn59_05,不通过,modified_not_accepted,"expected_output,rubric",改动不等于已解决全部意见；需逐问题验收
cn263,adaptive-hint-sequence-designer__cn59_06,不通过,modified_not_accepted,"expected_output,rubric",改动不等于已解决全部意见；需逐问题验收
cn263,adaptive-hint-sequence-designer__cn59_08,不通过,modified_not_accepted,"expected_output,rubric",改动不等于已解决全部意见；需逐问题验收
cn263,adaptive-hint-sequence-designer__cn59_09,不通过,modified_not_accepted,"expected_output,rubric",改动不等于已解决全部意见；需逐问题验收
cn263,adaptive-hint-sequence-designer__cn59_10,不通过,modified_not_accepted,"expected_output,rubric",改动不等于已解决全部意见；需逐问题验收
cn263,differentiation-adapter__cn62_01,不通过,modified_not_accepted,"user_prompt,expected_output,rubric",改动不等于已解决全部意见；需逐问题验收
cn263,differentiation-adapter__cn62_02,不通过,modified_not_accepted,"expected_output,rubric",改动不等于已解决全部意见；需逐问题验收
cn263,differentiation-adapter__cn62_03,不通过,modified_not_accepted,"expected_output,rubric",改动不等于已解决全部意见；需逐问题验收
cn263,differentiation-adapter__cn62_04,不通过,modified_not_accepted,"expected_output,rubric",改动不等于已解决全部意见；需逐问题验收
cn263,differentiation-adapter__cn62_05,不通过,modified_not_accepted,"expected_output,rubric",改动不等于已解决全部意见；需逐问题验收
cn263,differentiation-adapter__cn62_06,不通过,modified_not_accepted,"user_prompt,expected_output,rubric",改动不等于已解决全部意见；需逐问题验收
cn263,differentiation-adapter__cn62_07,不通过,modified_not_accepted,"user_prompt,expected_output,rubric",改动不等于已解决全部意见；需逐问题验收
cn263,differentiation-adapter__cn62_08,不通过,modified_not_accepted,"user_prompt,expected_output,rubric",改动不等于已解决全部意见；需逐问题验收
cn263,differentiation-adapter__cn62_09,不通过,modified_not_accepted,"user_prompt,expected_output,rubric",改动不等于已解决全部意见；需逐问题验收
cn263,differentiation-adapter__cn62_10,不通过,modified_not_accepted,"expected_output,rubric",改动不等于已解决全部意见；需逐问题验收
cn263,differentiation-adapter__cn63_01,不通过,modified_not_accepted,"expected_output,rubric",改动不等于已解决全部意见；需逐问题验收
cn263,differentiation-adapter__cn63_02,不通过,modified_not_accepted,"user_prompt,expected_output,rubric",改动不等于已解决全部意见；需逐问题验收
cn263,differentiation-adapter__cn63_03,不通过,modified_not_accepted,"user_prompt,expected_output,rubric",改动不等于已解决全部意见；需逐问题验收
cn263,differentiation-adapter__cn63_04,不通过,modified_not_accepted,"user_prompt,expected_output,rubric",改动不等于已解决全部意见；需逐问题验收
cn263,differentiation-adapter__cn63_05,不通过,modified_not_accepted,"user_prompt,expected_output,rubric",改动不等于已解决全部意见；需逐问题验收
cn263,differentiation-adapter__cn63_06,不通过,modified_not_accepted,"expected_output,rubric",改动不等于已解决全部意见；需逐问题验收
cn263,differentiation-adapter__cn63_07,不通过,modified_not_accepted,"user_prompt,expected_output,rubric",改动不等于已解决全部意见；需逐问题验收
cn263,differentiation-adapter__cn63_08,不通过,modified_not_accepted,"expected_output,rubric",改动不等于已解决全部意见；需逐问题验收
cn263,differentiation-adapter__cn63_09,不通过,modified_not_accepted,"expected_output,rubric",改动不等于已解决全部意见；需逐问题验收
cn263,differentiation-adapter__cn63_10,不通过,modified_not_accepted,"user_prompt,expected_output,rubric",改动不等于已解决全部意见；需逐问题验收
cn263,lesson-builder__cn01_01,待核验,not_modified,,改动不等于已解决全部意见；需逐问题验收
cn263,lesson-builder__cn01_02,待核验,not_modified,,改动不等于已解决全部意见；需逐问题验收
cn263,lesson-builder__cn01_03,待核验,not_modified,,改动不等于已解决全部意见；需逐问题验收
cn263,lesson-builder__cn01_05,待核验,not_modified,,改动不等于已解决全部意见；需逐问题验收
cn263,lesson-builder__cn01_06,待核验,not_modified,,改动不等于已解决全部意见；需逐问题验收
cn263,lesson-builder__cn01_07,待核验,not_modified,,改动不等于已解决全部意见；需逐问题验收
cn263,lesson-builder__cn01_08,待核验,not_modified,,改动不等于已解决全部意见；需逐问题验收
cn263,lesson-builder__cn01_09,待核验,not_modified,,改动不等于已解决全部意见；需逐问题验收
cn263,lesson-builder__cn02_01,待核验,not_modified,,改动不等于已解决全部意见；需逐问题验收
cn263,lesson-builder__cn02_02,待核验,not_modified,,改动不等于已解决全部意见；需逐问题验收
cn263,lesson-builder__cn02_03,待核验,not_modified,,改动不等于已解决全部意见；需逐问题验收
cn263,lesson-builder__cn02_04,待核验,not_modified,,改动不等于已解决全部意见；需逐问题验收
cn263,lesson-builder__cn02_05,待核验,not_modified,,改动不等于已解决全部意见；需逐问题验收
cn263,lesson-builder__cn02_06,待核验,not_modified,,改动不等于已解决全部意见；需逐问题验收
cn263,lesson-builder__cn02_07,待核验,not_modified,,改动不等于已解决全部意见；需逐问题验收
cn263,lesson-builder__cn02_08,待核验,not_modified,,改动不等于已解决全部意见；需逐问题验收
cn263,lesson-builder__cn02_09,待核验,not_modified,,改动不等于已解决全部意见；需逐问题验收
cn263,lesson-builder__cn02_10,待核验,not_modified,,改动不等于已解决全部意见；需逐问题验收
cn263,lesson-builder__cn05_01,待核验,not_modified,,改动不等于已解决全部意见；需逐问题验收
cn263,lesson-builder__cn05_02,待核验,not_modified,,改动不等于已解决全部意见；需逐问题验收
cn263,lesson-builder__cn05_03,待核验,not_modified,,改动不等于已解决全部意见；需逐问题验收
cn263,lesson-builder__cn05_04,待核验,not_modified,,改动不等于已解决全部意见；需逐问题验收
cn263,lesson-builder__cn05_05,待核验,not_modified,,改动不等于已解决全部意见；需逐问题验收
cn263,lesson-builder__cn05_06,待核验,not_modified,,改动不等于已解决全部意见；需逐问题验收
cn263,lesson-builder__cn05_07,待核验,not_modified,,改动不等于已解决全部意见；需逐问题验收
cn263,lesson-builder__cn05_08,待核验,not_modified,,改动不等于已解决全部意见；需逐问题验收
cn263,lesson-builder__cn05_09,待核验,not_modified,,改动不等于已解决全部意见；需逐问题验收
cn263,lesson-builder__cn05_10,待核验,not_modified,,改动不等于已解决全部意见；需逐问题验收
cn263,differentiation-adapter__cn07_01,待核验,not_modified,,改动不等于已解决全部意见；需逐问题验收
cn263,differentiation-adapter__cn07_02,待核验,not_modified,,改动不等于已解决全部意见；需逐问题验收
cn263,differentiation-adapter__cn07_03,待核验,not_modified,,改动不等于已解决全部意见；需逐问题验收
cn263,differentiation-adapter__cn07_04,待核验,not_modified,,改动不等于已解决全部意见；需逐问题验收
cn263,differentiation-adapter__cn07_05,待核验,not_modified,,改动不等于已解决全部意见；需逐问题验收
cn263,differentiation-adapter__cn07_06,待核验,not_modified,,改动不等于已解决全部意见；需逐问题验收
cn263,differentiation-adapter__cn07_07,待核验,not_modified,,改动不等于已解决全部意见；需逐问题验收
cn263,differentiation-adapter__cn07_08,待核验,not_modified,,改动不等于已解决全部意见；需逐问题验收
cn263,differentiation-adapter__cn07_09,待核验,not_modified,,改动不等于已解决全部意见；需逐问题验收
cn263,differentiation-adapter__cn07_10,待核验,not_modified,,改动不等于已解决全部意见；需逐问题验收
cn263,lesson-builder__cn18_01,待核验,not_modified,,改动不等于已解决全部意见；需逐问题验收
cn263,lesson-builder__cn18_02,待核验,not_modified,,改动不等于已解决全部意见；需逐问题验收
cn263,lesson-builder__cn18_03,待核验,not_modified,,改动不等于已解决全部意见；需逐问题验收
cn263,lesson-builder__cn18_04,待核验,not_modified,,改动不等于已解决全部意见；需逐问题验收
cn263,lesson-builder__cn18_05,待核验,not_modified,,改动不等于已解决全部意见；需逐问题验收
cn263,lesson-builder__cn18_06,待核验,not_modified,,改动不等于已解决全部意见；需逐问题验收
cn263,lesson-builder__cn18_07,待核验,not_modified,,改动不等于已解决全部意见；需逐问题验收
cn263,lesson-builder__cn18_08,待核验,not_modified,,改动不等于已解决全部意见；需逐问题验收
cn263,lesson-builder__cn18_09,待核验,not_modified,,改动不等于已解决全部意见；需逐问题验收
cn263,lesson-builder__cn21_01,待核验,not_modified,,改动不等于已解决全部意见；需逐问题验收
cn263,lesson-builder__cn21_02,待核验,not_modified,,改动不等于已解决全部意见；需逐问题验收
cn263,lesson-builder__cn21_03,待核验,not_modified,,改动不等于已解决全部意见；需逐问题验收
cn263,lesson-builder__cn21_04,待核验,not_modified,,改动不等于已解决全部意见；需逐问题验收
cn263,lesson-builder__cn21_05,待核验,not_modified,,改动不等于已解决全部意见；需逐问题验收
cn263,lesson-builder__cn21_06,待核验,not_modified,,改动不等于已解决全部意见；需逐问题验收
cn263,lesson-builder__cn21_07,待核验,not_modified,,改动不等于已解决全部意见；需逐问题验收
cn263,lesson-builder__cn21_08,待核验,not_modified,,改动不等于已解决全部意见；需逐问题验收
cn263,lesson-builder__cn21_09,待核验,not_modified,,改动不等于已解决全部意见；需逐问题验收
cn263,lesson-builder__cn22_01,待核验,not_modified,,改动不等于已解决全部意见；需逐问题验收
cn263,lesson-builder__cn22_02,待核验,not_modified,,改动不等于已解决全部意见；需逐问题验收
cn263,lesson-builder__cn22_03,待核验,not_modified,,改动不等于已解决全部意见；需逐问题验收
cn263,lesson-builder__cn22_04,待核验,not_modified,,改动不等于已解决全部意见；需逐问题验收
cn263,lesson-builder__cn22_05,待核验,not_modified,,改动不等于已解决全部意见；需逐问题验收
cn263,lesson-builder__cn22_06,待核验,not_modified,,改动不等于已解决全部意见；需逐问题验收
cn263,lesson-builder__cn22_07,待核验,not_modified,,改动不等于已解决全部意见；需逐问题验收
cn263,lesson-builder__cn22_08,待核验,not_modified,,改动不等于已解决全部意见；需逐问题验收
cn263,lesson-builder__cn22_09,待核验,not_modified,,改动不等于已解决全部意见；需逐问题验收
cn263,lesson-builder__cn24_08,待核验,modified_not_accepted,"context,expected_output,rubric",改动不等于已解决全部意见；需逐问题验收
cn263,lesson-builder__cn26_01,待核验,not_modified,,改动不等于已解决全部意见；需逐问题验收
cn263,lesson-builder__cn26_02,待核验,not_modified,,改动不等于已解决全部意见；需逐问题验收
cn263,lesson-builder__cn26_03,待核验,not_modified,,改动不等于已解决全部意见；需逐问题验收
cn263,lesson-builder__cn26_04,待核验,not_modified,,改动不等于已解决全部意见；需逐问题验收
cn263,lesson-builder__cn26_05,待核验,not_modified,,改动不等于已解决全部意见；需逐问题验收
cn263,lesson-builder__cn26_06,待核验,not_modified,,改动不等于已解决全部意见；需逐问题验收
cn263,lesson-builder__cn26_07,待核验,not_modified,,改动不等于已解决全部意见；需逐问题验收
cn263,lesson-builder__cn26_08,待核验,not_modified,,改动不等于已解决全部意见；需逐问题验收
cn263,lesson-builder__cn26_09,待核验,not_modified,,改动不等于已解决全部意见；需逐问题验收
cn263,lesson-builder__cn27_01,待核验,not_modified,,改动不等于已解决全部意见；需逐问题验收
cn263,lesson-builder__cn27_02,待核验,not_modified,,改动不等于已解决全部意见；需逐问题验收
cn263,lesson-builder__cn27_03,待核验,not_modified,,改动不等于已解决全部意见；需逐问题验收
cn263,lesson-builder__cn27_04,待核验,not_modified,,改动不等于已解决全部意见；需逐问题验收
cn263,lesson-builder__cn27_05,待核验,not_modified,,改动不等于已解决全部意见；需逐问题验收
cn263,lesson-builder__cn27_06,待核验,not_modified,,改动不等于已解决全部意见；需逐问题验收
cn263,lesson-builder__cn27_07,待核验,not_modified,,改动不等于已解决全部意见；需逐问题验收
cn263,lesson-builder__cn27_08,待核验,not_modified,,改动不等于已解决全部意见；需逐问题验收
cn263,lesson-builder__cn30_01,待核验,not_modified,,改动不等于已解决全部意见；需逐问题验收
cn263,lesson-builder__cn30_02,待核验,not_modified,,改动不等于已解决全部意见；需逐问题验收
cn263,lesson-builder__cn30_03,待核验,not_modified,,改动不等于已解决全部意见；需逐问题验收
cn263,lesson-builder__cn30_04,待核验,not_modified,,改动不等于已解决全部意见；需逐问题验收
cn263,lesson-builder__cn30_05,待核验,not_modified,,改动不等于已解决全部意见；需逐问题验收
cn263,lesson-builder__cn30_06,待核验,not_modified,,改动不等于已解决全部意见；需逐问题验收
cn263,lesson-builder__cn31_01,待核验,modified_not_accepted,"expected_output,rubric",改动不等于已解决全部意见；需逐问题验收
cn263,lesson-builder__cn31_02,待核验,modified_not_accepted,"expected_output,rubric",改动不等于已解决全部意见；需逐问题验收
cn263,lesson-builder__cn31_03,待核验,modified_not_accepted,"expected_output,rubric",改动不等于已解决全部意见；需逐问题验收
cn263,lesson-builder__cn31_04,待核验,modified_not_accepted,"expected_output,rubric",改动不等于已解决全部意见；需逐问题验收
cn263,lesson-builder__cn31_05,待核验,modified_not_accepted,"expected_output,rubric",改动不等于已解决全部意见；需逐问题验收
cn263,lesson-builder__cn31_06,待核验,modified_not_accepted,"expected_output,rubric",改动不等于已解决全部意见；需逐问题验收
cn263,lesson-builder__cn31_07,待核验,modified_not_accepted,"expected_output,rubric",改动不等于已解决全部意见；需逐问题验收
cn263,lesson-builder__cn31_08,待核验,modified_not_accepted,"expected_output,rubric",改动不等于已解决全部意见；需逐问题验收
cn263,self-efficacy-builder-sequence__cn35_01,待核验,not_modified,,改动不等于已解决全部意见；需逐问题验收
cn263,self-efficacy-builder-sequence__cn35_02,待核验,not_modified,,改动不等于已解决全部意见；需逐问题验收
cn263,self-efficacy-builder-sequence__cn35_03,待核验,not_modified,,改动不等于已解决全部意见；需逐问题验收
cn263,self-efficacy-builder-sequence__cn35_04,待核验,not_modified,,改动不等于已解决全部意见；需逐问题验收
cn263,self-efficacy-builder-sequence__cn35_05,待核验,not_modified,,改动不等于已解决全部意见；需逐问题验收
cn263,self-efficacy-builder-sequence__cn35_06,待核验,not_modified,,改动不等于已解决全部意见；需逐问题验收
cn263,project-brief-designer__cn43_01,待核验,not_modified,,改动不等于已解决全部意见；需逐问题验收
cn263,project-brief-designer__cn43_02,待核验,not_modified,,改动不等于已解决全部意见；需逐问题验收
cn263,project-brief-designer__cn43_03,待核验,not_modified,,改动不等于已解决全部意见；需逐问题验收
cn263,project-brief-designer__cn43_04,待核验,not_modified,,改动不等于已解决全部意见；需逐问题验收
cn263,project-brief-designer__cn43_05,待核验,not_modified,,改动不等于已解决全部意见；需逐问题验收
cn263,project-brief-designer__cn43_06,待核验,not_modified,,改动不等于已解决全部意见；需逐问题验收
cn263,lesson-builder__cn50_01,待核验,not_modified,,改动不等于已解决全部意见；需逐问题验收
cn263,lesson-builder__cn50_02,待核验,not_modified,,改动不等于已解决全部意见；需逐问题验收
cn263,lesson-builder__cn50_03,待核验,not_modified,,改动不等于已解决全部意见；需逐问题验收
cn263,lesson-builder__cn50_04,待核验,not_modified,,改动不等于已解决全部意见；需逐问题验收
cn263,lesson-builder__cn50_05,待核验,not_modified,,改动不等于已解决全部意见；需逐问题验收
cn263,lesson-builder__cn50_06,待核验,not_modified,,改动不等于已解决全部意见；需逐问题验收
cn263,lesson-builder__cn50_07,待核验,not_modified,,改动不等于已解决全部意见；需逐问题验收
cn263,lesson-builder__cn50_08,待核验,not_modified,,改动不等于已解决全部意见；需逐问题验收
cn263,lesson-builder__cn50_09,待核验,not_modified,,改动不等于已解决全部意见；需逐问题验收
cn263,lesson-builder__cn50_10,待核验,not_modified,,改动不等于已解决全部意见；需逐问题验收
cn263,lesson-builder__cn51_01,待核验,modified_not_accepted,"expected_output,rubric",改动不等于已解决全部意见；需逐问题验收
cn263,lesson-builder__cn51_02,待核验,modified_not_accepted,"expected_output,rubric",改动不等于已解决全部意见；需逐问题验收
cn263,lesson-builder__cn51_03,待核验,modified_not_accepted,"expected_output,rubric",改动不等于已解决全部意见；需逐问题验收
cn263,lesson-builder__cn51_04,待核验,modified_not_accepted,"expected_output,rubric",改动不等于已解决全部意见；需逐问题验收
cn263,lesson-builder__cn51_05,待核验,modified_not_accepted,"expected_output,rubric",改动不等于已解决全部意见；需逐问题验收
cn263,lesson-builder__cn51_06,待核验,modified_not_accepted,"expected_output,rubric",改动不等于已解决全部意见；需逐问题验收
cn263,lesson-builder__cn51_07,待核验,modified_not_accepted,"expected_output,rubric",改动不等于已解决全部意见；需逐问题验收
cn263,lesson-builder__cn51_08,待核验,modified_not_accepted,"expected_output,rubric",改动不等于已解决全部意见；需逐问题验收
cn263,lesson-builder__cn51_09,待核验,modified_not_accepted,"expected_output,rubric",改动不等于已解决全部意见；需逐问题验收
cn263,lesson-builder__cn51_10,待核验,modified_not_accepted,"expected_output,rubric",改动不等于已解决全部意见；需逐问题验收
cn263,project-brief-designer__cn52_01,待核验,not_modified,,改动不等于已解决全部意见；需逐问题验收
cn263,project-brief-designer__cn52_02,待核验,not_modified,,改动不等于已解决全部意见；需逐问题验收
cn263,project-brief-designer__cn52_03,待核验,not_modified,,改动不等于已解决全部意见；需逐问题验收
cn263,project-brief-designer__cn52_04,待核验,not_modified,,改动不等于已解决全部意见；需逐问题验收
cn263,project-brief-designer__cn52_05,待核验,not_modified,,改动不等于已解决全部意见；需逐问题验收
cn263,project-brief-designer__cn52_06,待核验,not_modified,,改动不等于已解决全部意见；需逐问题验收
cn263,project-brief-designer__cn52_07,待核验,not_modified,,改动不等于已解决全部意见；需逐问题验收
cn263,project-brief-designer__cn52_08,待核验,not_modified,,改动不等于已解决全部意见；需逐问题验收
cn263,project-brief-designer__cn52_09,待核验,not_modified,,改动不等于已解决全部意见；需逐问题验收
cn263,project-brief-designer__cn52_10,待核验,not_modified,,改动不等于已解决全部意见；需逐问题验收
cn263,adaptive-hint-sequence-designer__cn53_01,待核验,not_modified,,改动不等于已解决全部意见；需逐问题验收
cn263,adaptive-hint-sequence-designer__cn53_02,待核验,not_modified,,改动不等于已解决全部意见；需逐问题验收
cn263,adaptive-hint-sequence-designer__cn53_03,待核验,not_modified,,改动不等于已解决全部意见；需逐问题验收
cn263,adaptive-hint-sequence-designer__cn53_04,待核验,not_modified,,改动不等于已解决全部意见；需逐问题验收
cn263,adaptive-hint-sequence-designer__cn53_05,待核验,not_modified,,改动不等于已解决全部意见；需逐问题验收
cn263,adaptive-hint-sequence-designer__cn53_06,待核验,not_modified,,改动不等于已解决全部意见；需逐问题验收
cn263,adaptive-hint-sequence-designer__cn53_07,待核验,not_modified,,改动不等于已解决全部意见；需逐问题验收
cn263,adaptive-hint-sequence-designer__cn53_08,待核验,not_modified,,改动不等于已解决全部意见；需逐问题验收
cn263,adaptive-hint-sequence-designer__cn53_09,待核验,not_modified,,改动不等于已解决全部意见；需逐问题验收
cn263,adaptive-hint-sequence-designer__cn53_10,待核验,not_modified,,改动不等于已解决全部意见；需逐问题验收
cn263,backwards-design-unit-planner__cn54_01,待核验,not_modified,,改动不等于已解决全部意见；需逐问题验收
cn263,backwards-design-unit-planner__cn54_02,待核验,not_modified,,改动不等于已解决全部意见；需逐问题验收
cn263,backwards-design-unit-planner__cn54_03,待核验,not_modified,,改动不等于已解决全部意见；需逐问题验收
cn263,backwards-design-unit-planner__cn54_04,待核验,not_modified,,改动不等于已解决全部意见；需逐问题验收
cn263,backwards-design-unit-planner__cn54_05,待核验,not_modified,,改动不等于已解决全部意见；需逐问题验收
cn263,backwards-design-unit-planner__cn54_06,待核验,not_modified,,改动不等于已解决全部意见；需逐问题验收
cn263,backwards-design-unit-planner__cn54_07,待核验,not_modified,,改动不等于已解决全部意见；需逐问题验收
cn263,backwards-design-unit-planner__cn54_08,待核验,not_modified,,改动不等于已解决全部意见；需逐问题验收
cn263,backwards-design-unit-planner__cn54_09,待核验,not_modified,,改动不等于已解决全部意见；需逐问题验收
cn263,backwards-design-unit-planner__cn54_10,待核验,not_modified,,改动不等于已解决全部意见；需逐问题验收
cn263,lesson-builder__cn55_01,待核验,not_modified,,改动不等于已解决全部意见；需逐问题验收
cn263,lesson-builder__cn55_02,待核验,not_modified,,改动不等于已解决全部意见；需逐问题验收
cn263,lesson-builder__cn55_03,待核验,not_modified,,改动不等于已解决全部意见；需逐问题验收
cn263,lesson-builder__cn55_04,待核验,not_modified,,改动不等于已解决全部意见；需逐问题验收
cn263,lesson-builder__cn55_05,待核验,not_modified,,改动不等于已解决全部意见；需逐问题验收
cn263,lesson-builder__cn55_06,待核验,not_modified,,改动不等于已解决全部意见；需逐问题验收
cn263,lesson-builder__cn55_07,待核验,not_modified,,改动不等于已解决全部意见；需逐问题验收
cn263,lesson-builder__cn55_08,待核验,not_modified,,改动不等于已解决全部意见；需逐问题验收
cn263,lesson-builder__cn55_09,待核验,not_modified,,改动不等于已解决全部意见；需逐问题验收
cn263,lesson-builder__cn55_10,待核验,not_modified,,改动不等于已解决全部意见；需逐问题验收
cn263,socratic-questioning-sequence-generator__cn56_01,待核验,not_modified,,改动不等于已解决全部意见；需逐问题验收
cn263,socratic-questioning-sequence-generator__cn56_02,待核验,not_modified,,改动不等于已解决全部意见；需逐问题验收
cn263,socratic-questioning-sequence-generator__cn56_03,待核验,not_modified,,改动不等于已解决全部意见；需逐问题验收
cn263,socratic-questioning-sequence-generator__cn56_04,待核验,not_modified,,改动不等于已解决全部意见；需逐问题验收
cn263,socratic-questioning-sequence-generator__cn56_05,待核验,not_modified,,改动不等于已解决全部意见；需逐问题验收
cn263,socratic-questioning-sequence-generator__cn56_06,待核验,not_modified,,改动不等于已解决全部意见；需逐问题验收
cn263,socratic-questioning-sequence-generator__cn56_07,待核验,not_modified,,改动不等于已解决全部意见；需逐问题验收
cn263,socratic-questioning-sequence-generator__cn56_08,待核验,not_modified,,改动不等于已解决全部意见；需逐问题验收
cn263,socratic-questioning-sequence-generator__cn56_09,待核验,not_modified,,改动不等于已解决全部意见；需逐问题验收
cn263,socratic-questioning-sequence-generator__cn56_10,待核验,not_modified,,改动不等于已解决全部意见；需逐问题验收
cn263,lesson-builder__cn57_01,待核验,not_modified,,改动不等于已解决全部意见；需逐问题验收
cn263,lesson-builder__cn57_02,待核验,not_modified,,改动不等于已解决全部意见；需逐问题验收
cn263,lesson-builder__cn57_03,待核验,not_modified,,改动不等于已解决全部意见；需逐问题验收
cn263,lesson-builder__cn57_04,待核验,not_modified,,改动不等于已解决全部意见；需逐问题验收
cn263,lesson-builder__cn57_05,待核验,not_modified,,改动不等于已解决全部意见；需逐问题验收
cn263,lesson-builder__cn57_06,待核验,not_modified,,改动不等于已解决全部意见；需逐问题验收
cn263,lesson-builder__cn57_07,待核验,not_modified,,改动不等于已解决全部意见；需逐问题验收
cn263,lesson-builder__cn57_08,待核验,not_modified,,改动不等于已解决全部意见；需逐问题验收
cn263,lesson-builder__cn57_09,待核验,not_modified,,改动不等于已解决全部意见；需逐问题验收
cn263,lesson-builder__cn57_10,待核验,not_modified,,改动不等于已解决全部意见；需逐问题验收
cn263,adaptive-hint-sequence-designer__cn59_07,待核验,modified_not_accepted,"expected_output,rubric",改动不等于已解决全部意见；需逐问题验收
cn263,lesson-builder__cn60_01,待核验,not_modified,,改动不等于已解决全部意见；需逐问题验收
cn263,lesson-builder__cn60_02,待核验,not_modified,,改动不等于已解决全部意见；需逐问题验收
cn263,lesson-builder__cn60_03,待核验,not_modified,,改动不等于已解决全部意见；需逐问题验收
cn263,lesson-builder__cn60_04,待核验,not_modified,,改动不等于已解决全部意见；需逐问题验收
cn263,lesson-builder__cn60_05,待核验,not_modified,,改动不等于已解决全部意见；需逐问题验收
cn263,lesson-builder__cn60_06,待核验,not_modified,,改动不等于已解决全部意见；需逐问题验收
cn263,lesson-builder__cn60_07,待核验,not_modified,,改动不等于已解决全部意见；需逐问题验收
cn263,lesson-builder__cn60_08,待核验,not_modified,,改动不等于已解决全部意见；需逐问题验收
cn263,lesson-builder__cn60_09,待核验,not_modified,,改动不等于已解决全部意见；需逐问题验收
cn263,lesson-builder__cn60_10,待核验,not_modified,,改动不等于已解决全部意见；需逐问题验收
