task_id,source_record,source_task,scene_index
lesson-builder__cn01_01,1,信息科技抽象概念”知识显化,1
lesson-builder__cn01_02,1,信息科技抽象概念”知识显化,2
lesson-builder__cn01_03,1,信息科技抽象概念”知识显化,3
lesson-builder__cn01_04,1,信息科技抽象概念”知识显化,4
lesson-builder__cn01_05,1,信息科技抽象概念”知识显化,5
lesson-builder__cn01_06,1,信息科技抽象概念”知识显化,6
lesson-builder__cn01_07,1,信息科技抽象概念”知识显化,7
lesson-builder__cn01_08,1,信息科技抽象概念”知识显化,8
lesson-builder__cn01_09,1,信息科技抽象概念”知识显化,9
lesson-builder__cn01_10,1,信息科技抽象概念”知识显化,10
lesson-builder__cn02_01,2,公开课情境导入设计助手,1
lesson-builder__cn02_02,2,公开课情境导入设计助手,2
lesson-builder__cn02_03,2,公开课情境导入设计助手,3
lesson-builder__cn02_04,2,公开课情境导入设计助手,4
lesson-builder__cn02_05,2,公开课情境导入设计助手,5
lesson-builder__cn02_06,2,公开课情境导入设计助手,6
lesson-builder__cn02_07,2,公开课情境导入设计助手,7
lesson-builder__cn02_08,2,公开课情境导入设计助手,8
lesson-builder__cn02_09,2,公开课情境导入设计助手,9
lesson-builder__cn02_10,2,公开课情境导入设计助手,10
lesson-builder__cn05_01,5,教学活动逻辑检查员,1
lesson-builder__cn05_02,5,教学活动逻辑检查员,2
lesson-builder__cn05_03,5,教学活动逻辑检查员,3
lesson-builder__cn05_04,5,教学活动逻辑检查员,4
lesson-builder__cn05_05,5,教学活动逻辑检查员,5
lesson-builder__cn05_06,5,教学活动逻辑检查员,6
lesson-builder__cn05_07,5,教学活动逻辑检查员,7
lesson-builder__cn05_08,5,教学活动逻辑检查员,8
lesson-builder__cn05_09,5,教学活动逻辑检查员,9
lesson-builder__cn05_10,5,教学活动逻辑检查员,10
differentiation-adapter__cn07_01,7,教材内容与真实教学条件的适配与调整方案,1
differentiation-adapter__cn07_02,7,教材内容与真实教学条件的适配与调整方案,2
differentiation-adapter__cn07_03,7,教材内容与真实教学条件的适配与调整方案,3
differentiation-adapter__cn07_04,7,教材内容与真实教学条件的适配与调整方案,4
differentiation-adapter__cn07_05,7,教材内容与真实教学条件的适配与调整方案,5
differentiation-adapter__cn07_06,7,教材内容与真实教学条件的适配与调整方案,6
differentiation-adapter__cn07_07,7,教材内容与真实教学条件的适配与调整方案,7
differentiation-adapter__cn07_08,7,教材内容与真实教学条件的适配与调整方案,8
differentiation-adapter__cn07_09,7,教材内容与真实教学条件的适配与调整方案,9
differentiation-adapter__cn07_10,7,教材内容与真实教学条件的适配与调整方案,10
lesson-builder__cn18_01,18,跨学科教学融合助手,1
lesson-builder__cn18_02,18,跨学科教学融合助手,2
lesson-builder__cn18_03,18,跨学科教学融合助手,3
lesson-builder__cn18_04,18,跨学科教学融合助手,4
lesson-builder__cn18_05,18,跨学科教学融合助手,5
lesson-builder__cn18_06,18,跨学科教学融合助手,6
lesson-builder__cn18_07,18,跨学科教学融合助手,7
lesson-builder__cn18_08,18,跨学科教学融合助手,8
lesson-builder__cn18_09,18,跨学科教学融合助手,9
lesson-builder__cn18_10,18,跨学科教学融合助手,10
lesson-builder__cn21_01,21,面向低学段课堂管理的“动作化与节奏化口令”设计与应用任务,1
lesson-builder__cn21_02,21,面向低学段课堂管理的“动作化与节奏化口令”设计与应用任务,2
lesson-builder__cn21_03,21,面向低学段课堂管理的“动作化与节奏化口令”设计与应用任务,3
lesson-builder__cn21_04,21,面向低学段课堂管理的“动作化与节奏化口令”设计与应用任务,4
lesson-builder__cn21_05,21,面向低学段课堂管理的“动作化与节奏化口令”设计与应用任务,5
lesson-builder__cn21_06,21,面向低学段课堂管理的“动作化与节奏化口令”设计与应用任务,6
lesson-builder__cn21_07,21,面向低学段课堂管理的“动作化与节奏化口令”设计与应用任务,7
lesson-builder__cn21_08,21,面向低学段课堂管理的“动作化与节奏化口令”设计与应用任务,8
lesson-builder__cn21_09,21,面向低学段课堂管理的“动作化与节奏化口令”设计与应用任务,9
lesson-builder__cn21_10,21,面向低学段课堂管理的“动作化与节奏化口令”设计与应用任务,10
lesson-builder__cn22_01,22,任务一-椭圆的概念-作者B,1
lesson-builder__cn22_02,22,任务一-椭圆的概念-作者B,2
lesson-builder__cn22_03,22,任务一-椭圆的概念-作者B,3
lesson-builder__cn22_04,22,任务一-椭圆的概念-作者B,4
lesson-builder__cn22_05,22,任务一-椭圆的概念-作者B,5
lesson-builder__cn22_06,22,任务一-椭圆的概念-作者B,6
lesson-builder__cn22_07,22,任务一-椭圆的概念-作者B,7
lesson-builder__cn22_08,22,任务一-椭圆的概念-作者B,8
lesson-builder__cn22_09,22,任务一-椭圆的概念-作者B,9
retrieval-practice-generator__cn23_01,23,任务七-集合的确定性题组训练-作者B,1
retrieval-practice-generator__cn23_02,23,任务七-集合的确定性题组训练-作者B,2
retrieval-practice-generator__cn23_03,23,任务七-集合的确定性题组训练-作者B,3
retrieval-practice-generator__cn23_04,23,任务七-集合的确定性题组训练-作者B,4
retrieval-practice-generator__cn23_05,23,任务七-集合的确定性题组训练-作者B,5
retrieval-practice-generator__cn23_06,23,任务七-集合的确定性题组训练-作者B,6
retrieval-practice-generator__cn23_07,23,任务七-集合的确定性题组训练-作者B,7
retrieval-practice-generator__cn23_08,23,任务七-集合的确定性题组训练-作者B,8
lesson-builder__cn24_01,24,任务三-线面平行应用-作者B,1
lesson-builder__cn24_02,24,任务三-线面平行应用-作者B,2
lesson-builder__cn24_03,24,任务三-线面平行应用-作者B,3
lesson-builder__cn24_04,24,任务三-线面平行应用-作者B,4
lesson-builder__cn24_05,24,任务三-线面平行应用-作者B,5
lesson-builder__cn24_06,24,任务三-线面平行应用-作者B,6
lesson-builder__cn24_07,24,任务三-线面平行应用-作者B,7
lesson-builder__cn24_08,24,任务三-线面平行应用-作者B,8
lesson-builder__cn24_09,24,任务三-线面平行应用-作者B,9
lesson-builder__cn25_01,25,任务九-梅涅劳斯定理-作者B,1
lesson-builder__cn26_01,26,任务二-集合的概念-作者B,1
lesson-builder__cn26_02,26,任务二-集合的概念-作者B,2
lesson-builder__cn26_03,26,任务二-集合的概念-作者B,3
lesson-builder__cn26_04,26,任务二-集合的概念-作者B,4
lesson-builder__cn26_05,26,任务二-集合的概念-作者B,5
lesson-builder__cn26_06,26,任务二-集合的概念-作者B,6
lesson-builder__cn26_07,26,任务二-集合的概念-作者B,7
lesson-builder__cn26_08,26,任务二-集合的概念-作者B,8
lesson-builder__cn26_09,26,任务二-集合的概念-作者B,9
lesson-builder__cn27_01,27,任务五-三角函数统一结构-作者B,1
lesson-builder__cn27_02,27,任务五-三角函数统一结构-作者B,2
lesson-builder__cn27_03,27,任务五-三角函数统一结构-作者B,3
lesson-builder__cn27_04,27,任务五-三角函数统一结构-作者B,4
lesson-builder__cn27_05,27,任务五-三角函数统一结构-作者B,5
lesson-builder__cn27_06,27,任务五-三角函数统一结构-作者B,6
lesson-builder__cn27_07,27,任务五-三角函数统一结构-作者B,7
lesson-builder__cn27_08,27,任务五-三角函数统一结构-作者B,8
lesson-builder__cn28_01,28,任务八-解三角形概念引入-作者B,1
lesson-builder__cn28_02,28,任务八-解三角形概念引入-作者B,2
lesson-builder__cn28_03,28,任务八-解三角形概念引入-作者B,3
lesson-builder__cn28_04,28,任务八-解三角形概念引入-作者B,4
hinge-question-designer__cn29_01,29,任务六-错因诊断训练-作者B,1
hinge-question-designer__cn29_02,29,任务六-错因诊断训练-作者B,2
hinge-question-designer__cn29_03,29,任务六-错因诊断训练-作者B,3
hinge-question-designer__cn29_04,29,任务六-错因诊断训练-作者B,4
hinge-question-designer__cn29_05,29,任务六-错因诊断训练-作者B,5
hinge-question-designer__cn29_06,29,任务六-错因诊断训练-作者B,6
hinge-question-designer__cn29_07,29,任务六-错因诊断训练-作者B,7
hinge-question-designer__cn29_08,29,任务六-错因诊断训练-作者B,8
hinge-question-designer__cn29_09,29,任务六-错因诊断训练-作者B,9
lesson-builder__cn30_01,30,任务十-向量的概念-作者B,1
lesson-builder__cn30_02,30,任务十-向量的概念-作者B,2
lesson-builder__cn30_03,30,任务十-向量的概念-作者B,3
lesson-builder__cn30_04,30,任务十-向量的概念-作者B,4
lesson-builder__cn30_05,30,任务十-向量的概念-作者B,5
lesson-builder__cn30_06,30,任务十-向量的概念-作者B,6
lesson-builder__cn31_01,31,任务四-排列组合问题-作者B,1
lesson-builder__cn31_02,31,任务四-排列组合问题-作者B,2
lesson-builder__cn31_03,31,任务四-排列组合问题-作者B,3
lesson-builder__cn31_04,31,任务四-排列组合问题-作者B,4
lesson-builder__cn31_05,31,任务四-排列组合问题-作者B,5
lesson-builder__cn31_06,31,任务四-排列组合问题-作者B,6
lesson-builder__cn31_07,31,任务四-排列组合问题-作者B,7
lesson-builder__cn31_08,31,任务四-排列组合问题-作者B,8
self-efficacy-builder-sequence__cn35_01,35,12.慢性作业抗拒与习得性无助干预方案-作者C,1
self-efficacy-builder-sequence__cn35_02,35,12.慢性作业抗拒与习得性无助干预方案-作者C,2
self-efficacy-builder-sequence__cn35_03,35,12.慢性作业抗拒与习得性无助干预方案-作者C,3
self-efficacy-builder-sequence__cn35_04,35,12.慢性作业抗拒与习得性无助干预方案-作者C,4
self-efficacy-builder-sequence__cn35_05,35,12.慢性作业抗拒与习得性无助干预方案-作者C,5
self-efficacy-builder-sequence__cn35_06,35,12.慢性作业抗拒与习得性无助干预方案-作者C,6
project-brief-designer__cn43_01,43,3.小学高年级劳动技能培养方案-作者C,1
project-brief-designer__cn43_02,43,3.小学高年级劳动技能培养方案-作者C,2
project-brief-designer__cn43_03,43,3.小学高年级劳动技能培养方案-作者C,3
project-brief-designer__cn43_04,43,3.小学高年级劳动技能培养方案-作者C,4
project-brief-designer__cn43_05,43,3.小学高年级劳动技能培养方案-作者C,5
project-brief-designer__cn43_06,43,3.小学高年级劳动技能培养方案-作者C,6
lesson-builder__cn50_01,50,1-小学低年级科学课小组合作能力培养+作者D,1
lesson-builder__cn50_02,50,1-小学低年级科学课小组合作能力培养+作者D,2
lesson-builder__cn50_03,50,1-小学低年级科学课小组合作能力培养+作者D,3
lesson-builder__cn50_04,50,1-小学低年级科学课小组合作能力培养+作者D,4
lesson-builder__cn50_05,50,1-小学低年级科学课小组合作能力培养+作者D,5
lesson-builder__cn50_06,50,1-小学低年级科学课小组合作能力培养+作者D,6
lesson-builder__cn50_07,50,1-小学低年级科学课小组合作能力培养+作者D,7
lesson-builder__cn50_08,50,1-小学低年级科学课小组合作能力培养+作者D,8
lesson-builder__cn50_09,50,1-小学低年级科学课小组合作能力培养+作者D,9
lesson-builder__cn50_10,50,1-小学低年级科学课小组合作能力培养+作者D,10
lesson-builder__cn51_01,51,10-小学科学探究中的过程性评价设计+作者D,1
lesson-builder__cn51_02,51,10-小学科学探究中的过程性评价设计+作者D,2
lesson-builder__cn51_03,51,10-小学科学探究中的过程性评价设计+作者D,3
lesson-builder__cn51_04,51,10-小学科学探究中的过程性评价设计+作者D,4
lesson-builder__cn51_05,51,10-小学科学探究中的过程性评价设计+作者D,5
lesson-builder__cn51_06,51,10-小学科学探究中的过程性评价设计+作者D,6
lesson-builder__cn51_07,51,10-小学科学探究中的过程性评价设计+作者D,7
lesson-builder__cn51_08,51,10-小学科学探究中的过程性评价设计+作者D,8
lesson-builder__cn51_09,51,10-小学科学探究中的过程性评价设计+作者D,9
lesson-builder__cn51_10,51,10-小学科学探究中的过程性评价设计+作者D,10
project-brief-designer__cn52_01,52,11-资源匮乏下小学科学本土化项目化学习设计+作者D,1
project-brief-designer__cn52_02,52,11-资源匮乏下小学科学本土化项目化学习设计+作者D,2
project-brief-designer__cn52_03,52,11-资源匮乏下小学科学本土化项目化学习设计+作者D,3
project-brief-designer__cn52_04,52,11-资源匮乏下小学科学本土化项目化学习设计+作者D,4
project-brief-designer__cn52_05,52,11-资源匮乏下小学科学本土化项目化学习设计+作者D,5
project-brief-designer__cn52_06,52,11-资源匮乏下小学科学本土化项目化学习设计+作者D,6
project-brief-designer__cn52_07,52,11-资源匮乏下小学科学本土化项目化学习设计+作者D,7
project-brief-designer__cn52_08,52,11-资源匮乏下小学科学本土化项目化学习设计+作者D,8
project-brief-designer__cn52_09,52,11-资源匮乏下小学科学本土化项目化学习设计+作者D,9
project-brief-designer__cn52_10,52,11-资源匮乏下小学科学本土化项目化学习设计+作者D,10
adaptive-hint-sequence-designer__cn53_01,53,2-小学科学动手操作中的支架式指导+作者D,1
adaptive-hint-sequence-designer__cn53_02,53,2-小学科学动手操作中的支架式指导+作者D,2
adaptive-hint-sequence-designer__cn53_03,53,2-小学科学动手操作中的支架式指导+作者D,3
adaptive-hint-sequence-designer__cn53_04,53,2-小学科学动手操作中的支架式指导+作者D,4
adaptive-hint-sequence-designer__cn53_05,53,2-小学科学动手操作中的支架式指导+作者D,5
adaptive-hint-sequence-designer__cn53_06,53,2-小学科学动手操作中的支架式指导+作者D,6
adaptive-hint-sequence-designer__cn53_07,53,2-小学科学动手操作中的支架式指导+作者D,7
adaptive-hint-sequence-designer__cn53_08,53,2-小学科学动手操作中的支架式指导+作者D,8
adaptive-hint-sequence-designer__cn53_09,53,2-小学科学动手操作中的支架式指导+作者D,9
adaptive-hint-sequence-designer__cn53_10,53,2-小学科学动手操作中的支架式指导+作者D,10
backwards-design-unit-planner__cn54_01,54,3-小学科学教师教学设计如何落实课标和学情+作者D,1
backwards-design-unit-planner__cn54_02,54,3-小学科学教师教学设计如何落实课标和学情+作者D,2
backwards-design-unit-planner__cn54_03,54,3-小学科学教师教学设计如何落实课标和学情+作者D,3
backwards-design-unit-planner__cn54_04,54,3-小学科学教师教学设计如何落实课标和学情+作者D,4
backwards-design-unit-planner__cn54_05,54,3-小学科学教师教学设计如何落实课标和学情+作者D,5
backwards-design-unit-planner__cn54_06,54,3-小学科学教师教学设计如何落实课标和学情+作者D,6
backwards-design-unit-planner__cn54_07,54,3-小学科学教师教学设计如何落实课标和学情+作者D,7
backwards-design-unit-planner__cn54_08,54,3-小学科学教师教学设计如何落实课标和学情+作者D,8
backwards-design-unit-planner__cn54_09,54,3-小学科学教师教学设计如何落实课标和学情+作者D,9
backwards-design-unit-planner__cn54_10,54,3-小学科学教师教学设计如何落实课标和学情+作者D,10
lesson-builder__cn55_01,55,4-小学科学课堂规则管理+作者D,1
lesson-builder__cn55_02,55,4-小学科学课堂规则管理+作者D,2
lesson-builder__cn55_03,55,4-小学科学课堂规则管理+作者D,3
lesson-builder__cn55_04,55,4-小学科学课堂规则管理+作者D,4
lesson-builder__cn55_05,55,4-小学科学课堂规则管理+作者D,5
lesson-builder__cn55_06,55,4-小学科学课堂规则管理+作者D,6
lesson-builder__cn55_07,55,4-小学科学课堂规则管理+作者D,7
lesson-builder__cn55_08,55,4-小学科学课堂规则管理+作者D,8
lesson-builder__cn55_09,55,4-小学科学课堂规则管理+作者D,9
lesson-builder__cn55_10,55,4-小学科学课堂规则管理+作者D,10
socratic-questioning-sequence-generator__cn56_01,56,5-小学科学课堂如何递进式提问+作者D,1
socratic-questioning-sequence-generator__cn56_02,56,5-小学科学课堂如何递进式提问+作者D,2
socratic-questioning-sequence-generator__cn56_03,56,5-小学科学课堂如何递进式提问+作者D,3
socratic-questioning-sequence-generator__cn56_04,56,5-小学科学课堂如何递进式提问+作者D,4
socratic-questioning-sequence-generator__cn56_05,56,5-小学科学课堂如何递进式提问+作者D,5
socratic-questioning-sequence-generator__cn56_06,56,5-小学科学课堂如何递进式提问+作者D,6
socratic-questioning-sequence-generator__cn56_07,56,5-小学科学课堂如何递进式提问+作者D,7
socratic-questioning-sequence-generator__cn56_08,56,5-小学科学课堂如何递进式提问+作者D,8
socratic-questioning-sequence-generator__cn56_09,56,5-小学科学课堂如何递进式提问+作者D,9
socratic-questioning-sequence-generator__cn56_10,56,5-小学科学课堂如何递进式提问+作者D,10
lesson-builder__cn57_01,57,6-小学科学课堂小组分工与角色安排+作者D,1
lesson-builder__cn57_02,57,6-小学科学课堂小组分工与角色安排+作者D,2
lesson-builder__cn57_03,57,6-小学科学课堂小组分工与角色安排+作者D,3
lesson-builder__cn57_04,57,6-小学科学课堂小组分工与角色安排+作者D,4
lesson-builder__cn57_05,57,6-小学科学课堂小组分工与角色安排+作者D,5
lesson-builder__cn57_06,57,6-小学科学课堂小组分工与角色安排+作者D,6
lesson-builder__cn57_07,57,6-小学科学课堂小组分工与角色安排+作者D,7
lesson-builder__cn57_08,57,6-小学科学课堂小组分工与角色安排+作者D,8
lesson-builder__cn57_09,57,6-小学科学课堂小组分工与角色安排+作者D,9
lesson-builder__cn57_10,57,6-小学科学课堂小组分工与角色安排+作者D,10
adaptive-hint-sequence-designer__cn59_01,59,8-小学科学实验结果与预设不符的探究式应对+作者D,1
adaptive-hint-sequence-designer__cn59_02,59,8-小学科学实验结果与预设不符的探究式应对+作者D,2
adaptive-hint-sequence-designer__cn59_03,59,8-小学科学实验结果与预设不符的探究式应对+作者D,3
adaptive-hint-sequence-designer__cn59_04,59,8-小学科学实验结果与预设不符的探究式应对+作者D,4
adaptive-hint-sequence-designer__cn59_05,59,8-小学科学实验结果与预设不符的探究式应对+作者D,5
adaptive-hint-sequence-designer__cn59_06,59,8-小学科学实验结果与预设不符的探究式应对+作者D,6
adaptive-hint-sequence-designer__cn59_07,59,8-小学科学实验结果与预设不符的探究式应对+作者D,7
adaptive-hint-sequence-designer__cn59_08,59,8-小学科学实验结果与预设不符的探究式应对+作者D,8
adaptive-hint-sequence-designer__cn59_09,59,8-小学科学实验结果与预设不符的探究式应对+作者D,9
adaptive-hint-sequence-designer__cn59_10,59,8-小学科学实验结果与预设不符的探究式应对+作者D,10
lesson-builder__cn60_01,60,9-小学科学实验课材料准备与分发回收的高效实施+作者D,1
lesson-builder__cn60_02,60,9-小学科学实验课材料准备与分发回收的高效实施+作者D,2
lesson-builder__cn60_03,60,9-小学科学实验课材料准备与分发回收的高效实施+作者D,3
lesson-builder__cn60_04,60,9-小学科学实验课材料准备与分发回收的高效实施+作者D,4
lesson-builder__cn60_05,60,9-小学科学实验课材料准备与分发回收的高效实施+作者D,5
lesson-builder__cn60_06,60,9-小学科学实验课材料准备与分发回收的高效实施+作者D,6
lesson-builder__cn60_07,60,9-小学科学实验课材料准备与分发回收的高效实施+作者D,7
lesson-builder__cn60_08,60,9-小学科学实验课材料准备与分发回收的高效实施+作者D,8
lesson-builder__cn60_09,60,9-小学科学实验课材料准备与分发回收的高效实施+作者D,9
lesson-builder__cn60_10,60,9-小学科学实验课材料准备与分发回收的高效实施+作者D,10
differentiation-adapter__cn62_01,62,中职作业规范化管理与智能分层设计 作者E,1
differentiation-adapter__cn62_02,62,中职作业规范化管理与智能分层设计 作者E,2
differentiation-adapter__cn62_03,62,中职作业规范化管理与智能分层设计 作者E,3
differentiation-adapter__cn62_04,62,中职作业规范化管理与智能分层设计 作者E,4
differentiation-adapter__cn62_05,62,中职作业规范化管理与智能分层设计 作者E,5
differentiation-adapter__cn62_06,62,中职作业规范化管理与智能分层设计 作者E,6
differentiation-adapter__cn62_07,62,中职作业规范化管理与智能分层设计 作者E,7
differentiation-adapter__cn62_08,62,中职作业规范化管理与智能分层设计 作者E,8
differentiation-adapter__cn62_09,62,中职作业规范化管理与智能分层设计 作者E,9
differentiation-adapter__cn62_10,62,中职作业规范化管理与智能分层设计 作者E,10
differentiation-adapter__cn63_01,63,中职学生反馈导向的作业控量与实操分层项目化改进方案 作者E,1
differentiation-adapter__cn63_02,63,中职学生反馈导向的作业控量与实操分层项目化改进方案 作者E,2
differentiation-adapter__cn63_03,63,中职学生反馈导向的作业控量与实操分层项目化改进方案 作者E,3
differentiation-adapter__cn63_04,63,中职学生反馈导向的作业控量与实操分层项目化改进方案 作者E,4
differentiation-adapter__cn63_05,63,中职学生反馈导向的作业控量与实操分层项目化改进方案 作者E,5
differentiation-adapter__cn63_06,63,中职学生反馈导向的作业控量与实操分层项目化改进方案 作者E,6
differentiation-adapter__cn63_07,63,中职学生反馈导向的作业控量与实操分层项目化改进方案 作者E,7
differentiation-adapter__cn63_08,63,中职学生反馈导向的作业控量与实操分层项目化改进方案 作者E,8
differentiation-adapter__cn63_09,63,中职学生反馈导向的作业控量与实操分层项目化改进方案 作者E,9
differentiation-adapter__cn63_10,63,中职学生反馈导向的作业控量与实操分层项目化改进方案 作者E,10
