dataset,task_id,status,changed_fields,independent_review,live_evaluation
original42,hinge-question-designer__01,revised_candidate,rubric,pending,not_run
original42,hinge-question-designer__02,screened_not_accepted,,pending,not_run
original42,hinge-question-designer__03,revised_candidate,rubric,pending,not_run
original42,retrieval-practice-generator__01,revised_candidate,"user_prompt,rubric",pending,not_run
original42,retrieval-practice-generator__02,revised_candidate,user_prompt,pending,not_run
original42,retrieval-practice-generator__03,screened_not_accepted,,pending,not_run
original42,socratic-questioning-sequence-generator__01,revised_candidate,user_prompt,pending,not_run
original42,socratic-questioning-sequence-generator__02,revised_candidate,"user_prompt,expected_output",pending,not_run
original42,socratic-questioning-sequence-generator__03,revised_candidate,"user_prompt,education_stage",pending,not_run
original42,differentiation-adapter__01,revised_candidate,"user_prompt,expected_output,rubric",pending,not_run
original42,differentiation-adapter__02,screened_not_accepted,,pending,not_run
original42,differentiation-adapter__03,screened_not_accepted,,pending,not_run
original42,motivation-diagnostic-task-redesign__01,screened_not_accepted,,pending,not_run
original42,motivation-diagnostic-task-redesign__02,screened_not_accepted,,pending,not_run
original42,motivation-diagnostic-task-redesign__03,screened_not_accepted,,pending,not_run
original42,self-efficacy-builder-sequence__01,revised_candidate,user_prompt,pending,not_run
original42,self-efficacy-builder-sequence__02,revised_candidate,user_prompt,pending,not_run
original42,self-efficacy-builder-sequence__03,revised_candidate,user_prompt,pending,not_run
original42,backwards-design-unit-planner__01,screened_not_accepted,,pending,not_run
original42,backwards-design-unit-planner__02,screened_not_accepted,,pending,not_run
original42,backwards-design-unit-planner__03,revised_candidate,education_stage,pending,not_run
original42,lesson-builder__01,revised_candidate,"user_prompt,education_stage",pending,not_run
original42,lesson-builder__02,revised_candidate,"user_prompt,expected_output,rubric,education_stage",pending,not_run
original42,lesson-builder__03,revised_candidate,"context,user_prompt,expected_output,rubric",pending,not_run
original42,adaptive-hint-sequence-designer__01,revised_candidate,user_prompt,pending,not_run
original42,adaptive-hint-sequence-designer__02,screened_not_accepted,,pending,not_run
original42,adaptive-hint-sequence-designer__03,revised_candidate,education_stage,pending,not_run
original42,self-explanation-prompt-designer__01,revised_candidate,user_prompt,pending,not_run
original42,self-explanation-prompt-designer__02,screened_not_accepted,,pending,not_run
original42,self-explanation-prompt-designer__03,revised_candidate,"user_prompt,expected_output,rubric",pending,not_run
original42,emergent-project-design-scaffold__01,revised_candidate,user_prompt,pending,not_run
original42,emergent-project-design-scaffold__02,revised_candidate,user_prompt,pending,not_run
original42,emergent-project-design-scaffold__03,revised_candidate,user_prompt,pending,not_run
original42,project-brief-designer__01,revised_candidate,user_prompt,pending,not_run
original42,project-brief-designer__02,revised_candidate,user_prompt,pending,not_run
original42,project-brief-designer__03,revised_candidate,user_prompt,pending,not_run
original42,spaced-practice-scheduler__01,screened_not_accepted,,pending,not_run
original42,spaced-practice-scheduler__02,revised_candidate,user_prompt,pending,not_run
original42,spaced-practice-scheduler__03,revised_candidate,"user_prompt,education_stage",pending,not_run
original42,ruler-emotional-literacy-sequence__01,screened_not_accepted,,pending,not_run
original42,ruler-emotional-literacy-sequence__02,screened_not_accepted,,pending,not_run
original42,ruler-emotional-literacy-sequence__03,screened_not_accepted,,pending,not_run
cn263,lesson-builder__cn01_01,screened_not_accepted,,pending,not_run
cn263,lesson-builder__cn01_02,screened_not_accepted,,pending,not_run
cn263,lesson-builder__cn01_03,screened_not_accepted,,pending,not_run
cn263,lesson-builder__cn01_04,screened_not_accepted,,pending,not_run
cn263,lesson-builder__cn01_05,screened_not_accepted,,pending,not_run
cn263,lesson-builder__cn01_06,screened_not_accepted,,pending,not_run
cn263,lesson-builder__cn01_07,screened_not_accepted,,pending,not_run
cn263,lesson-builder__cn01_08,screened_not_accepted,,pending,not_run
cn263,lesson-builder__cn01_09,screened_not_accepted,,pending,not_run
cn263,lesson-builder__cn01_10,screened_not_accepted,,pending,not_run
cn263,lesson-builder__cn02_01,screened_not_accepted,,pending,not_run
cn263,lesson-builder__cn02_02,screened_not_accepted,,pending,not_run
cn263,lesson-builder__cn02_03,screened_not_accepted,,pending,not_run
cn263,lesson-builder__cn02_04,screened_not_accepted,,pending,not_run
cn263,lesson-builder__cn02_05,screened_not_accepted,,pending,not_run
cn263,lesson-builder__cn02_06,screened_not_accepted,,pending,not_run
cn263,lesson-builder__cn02_07,screened_not_accepted,,pending,not_run
cn263,lesson-builder__cn02_08,screened_not_accepted,,pending,not_run
cn263,lesson-builder__cn02_09,screened_not_accepted,,pending,not_run
cn263,lesson-builder__cn02_10,screened_not_accepted,,pending,not_run
cn263,lesson-builder__cn05_01,screened_not_accepted,,pending,not_run
cn263,lesson-builder__cn05_02,screened_not_accepted,,pending,not_run
cn263,lesson-builder__cn05_03,screened_not_accepted,,pending,not_run
cn263,lesson-builder__cn05_04,screened_not_accepted,,pending,not_run
cn263,lesson-builder__cn05_05,screened_not_accepted,,pending,not_run
cn263,lesson-builder__cn05_06,screened_not_accepted,,pending,not_run
cn263,lesson-builder__cn05_07,screened_not_accepted,,pending,not_run
cn263,lesson-builder__cn05_08,screened_not_accepted,,pending,not_run
cn263,lesson-builder__cn05_09,screened_not_accepted,,pending,not_run
cn263,lesson-builder__cn05_10,screened_not_accepted,,pending,not_run
cn263,differentiation-adapter__cn07_01,screened_not_accepted,,pending,not_run
cn263,differentiation-adapter__cn07_02,screened_not_accepted,,pending,not_run
cn263,differentiation-adapter__cn07_03,screened_not_accepted,,pending,not_run
cn263,differentiation-adapter__cn07_04,screened_not_accepted,,pending,not_run
cn263,differentiation-adapter__cn07_05,screened_not_accepted,,pending,not_run
cn263,differentiation-adapter__cn07_06,screened_not_accepted,,pending,not_run
cn263,differentiation-adapter__cn07_07,screened_not_accepted,,pending,not_run
cn263,differentiation-adapter__cn07_08,screened_not_accepted,,pending,not_run
cn263,differentiation-adapter__cn07_09,screened_not_accepted,,pending,not_run
cn263,differentiation-adapter__cn07_10,screened_not_accepted,,pending,not_run
cn263,lesson-builder__cn18_01,screened_not_accepted,,pending,not_run
cn263,lesson-builder__cn18_02,screened_not_accepted,,pending,not_run
cn263,lesson-builder__cn18_03,screened_not_accepted,,pending,not_run
cn263,lesson-builder__cn18_04,screened_not_accepted,,pending,not_run
cn263,lesson-builder__cn18_05,screened_not_accepted,,pending,not_run
cn263,lesson-builder__cn18_06,screened_not_accepted,,pending,not_run
cn263,lesson-builder__cn18_07,screened_not_accepted,,pending,not_run
cn263,lesson-builder__cn18_08,screened_not_accepted,,pending,not_run
cn263,lesson-builder__cn18_09,screened_not_accepted,,pending,not_run
cn263,lesson-builder__cn18_10,screened_not_accepted,,pending,not_run
cn263,lesson-builder__cn21_01,screened_not_accepted,,pending,not_run
cn263,lesson-builder__cn21_02,screened_not_accepted,,pending,not_run
cn263,lesson-builder__cn21_03,screened_not_accepted,,pending,not_run
cn263,lesson-builder__cn21_04,screened_not_accepted,,pending,not_run
cn263,lesson-builder__cn21_05,screened_not_accepted,,pending,not_run
cn263,lesson-builder__cn21_06,screened_not_accepted,,pending,not_run
cn263,lesson-builder__cn21_07,screened_not_accepted,,pending,not_run
cn263,lesson-builder__cn21_08,screened_not_accepted,,pending,not_run
cn263,lesson-builder__cn21_09,screened_not_accepted,,pending,not_run
cn263,lesson-builder__cn21_10,screened_not_accepted,,pending,not_run
cn263,lesson-builder__cn22_01,screened_not_accepted,,pending,not_run
cn263,lesson-builder__cn22_02,screened_not_accepted,,pending,not_run
cn263,lesson-builder__cn22_03,screened_not_accepted,,pending,not_run
cn263,lesson-builder__cn22_04,screened_not_accepted,,pending,not_run
cn263,lesson-builder__cn22_05,screened_not_accepted,,pending,not_run
cn263,lesson-builder__cn22_06,screened_not_accepted,,pending,not_run
cn263,lesson-builder__cn22_07,screened_not_accepted,,pending,not_run
cn263,lesson-builder__cn22_08,screened_not_accepted,,pending,not_run
cn263,lesson-builder__cn22_09,screened_not_accepted,,pending,not_run
cn263,retrieval-practice-generator__cn23_01,revised_candidate,"expected_output,rubric",pending,not_run
cn263,retrieval-practice-generator__cn23_02,revised_candidate,"expected_output,rubric",pending,not_run
cn263,retrieval-practice-generator__cn23_03,revised_candidate,"expected_output,rubric",pending,not_run
cn263,retrieval-practice-generator__cn23_04,revised_candidate,"expected_output,rubric",pending,not_run
cn263,retrieval-practice-generator__cn23_05,revised_candidate,"expected_output,rubric",pending,not_run
cn263,retrieval-practice-generator__cn23_06,revised_candidate,"expected_output,rubric",pending,not_run
cn263,retrieval-practice-generator__cn23_07,revised_candidate,"expected_output,rubric",pending,not_run
cn263,retrieval-practice-generator__cn23_08,revised_candidate,"expected_output,rubric",pending,not_run
cn263,lesson-builder__cn24_01,revised_candidate,"context,expected_output,rubric",pending,not_run
cn263,lesson-builder__cn24_02,revised_candidate,"context,expected_output,rubric",pending,not_run
cn263,lesson-builder__cn24_03,revised_candidate,"context,expected_output,rubric",pending,not_run
cn263,lesson-builder__cn24_04,revised_candidate,"context,expected_output,rubric",pending,not_run
cn263,lesson-builder__cn24_05,revised_candidate,"context,expected_output,rubric",pending,not_run
cn263,lesson-builder__cn24_06,revised_candidate,"context,expected_output,rubric",pending,not_run
cn263,lesson-builder__cn24_07,revised_candidate,"context,expected_output,rubric",pending,not_run
cn263,lesson-builder__cn24_08,revised_candidate,"context,expected_output,rubric",pending,not_run
cn263,lesson-builder__cn24_09,revised_candidate,"context,expected_output,rubric",pending,not_run
cn263,lesson-builder__cn25_01,revised_candidate,"context,expected_output,rubric",pending,not_run
cn263,lesson-builder__cn26_01,screened_not_accepted,,pending,not_run
cn263,lesson-builder__cn26_02,screened_not_accepted,,pending,not_run
cn263,lesson-builder__cn26_03,screened_not_accepted,,pending,not_run
cn263,lesson-builder__cn26_04,screened_not_accepted,,pending,not_run
cn263,lesson-builder__cn26_05,screened_not_accepted,,pending,not_run
cn263,lesson-builder__cn26_06,screened_not_accepted,,pending,not_run
cn263,lesson-builder__cn26_07,screened_not_accepted,,pending,not_run
cn263,lesson-builder__cn26_08,screened_not_accepted,,pending,not_run
cn263,lesson-builder__cn26_09,screened_not_accepted,,pending,not_run
cn263,lesson-builder__cn27_01,screened_not_accepted,,pending,not_run
cn263,lesson-builder__cn27_02,screened_not_accepted,,pending,not_run
cn263,lesson-builder__cn27_03,screened_not_accepted,,pending,not_run
cn263,lesson-builder__cn27_04,screened_not_accepted,,pending,not_run
cn263,lesson-builder__cn27_05,screened_not_accepted,,pending,not_run
cn263,lesson-builder__cn27_06,screened_not_accepted,,pending,not_run
cn263,lesson-builder__cn27_07,screened_not_accepted,,pending,not_run
cn263,lesson-builder__cn27_08,screened_not_accepted,,pending,not_run
cn263,lesson-builder__cn28_01,revised_candidate,"expected_output,rubric",pending,not_run
cn263,lesson-builder__cn28_02,revised_candidate,"expected_output,rubric",pending,not_run
cn263,lesson-builder__cn28_03,revised_candidate,"expected_output,rubric",pending,not_run
cn263,lesson-builder__cn28_04,revised_candidate,"expected_output,rubric",pending,not_run
cn263,hinge-question-designer__cn29_01,screened_not_accepted,,pending,not_run
cn263,hinge-question-designer__cn29_02,screened_not_accepted,,pending,not_run
cn263,hinge-question-designer__cn29_03,screened_not_accepted,,pending,not_run
cn263,hinge-question-designer__cn29_04,screened_not_accepted,,pending,not_run
cn263,hinge-question-designer__cn29_05,screened_not_accepted,,pending,not_run
cn263,hinge-question-designer__cn29_06,screened_not_accepted,,pending,not_run
cn263,hinge-question-designer__cn29_07,screened_not_accepted,,pending,not_run
cn263,hinge-question-designer__cn29_08,screened_not_accepted,,pending,not_run
cn263,hinge-question-designer__cn29_09,screened_not_accepted,,pending,not_run
cn263,lesson-builder__cn30_01,screened_not_accepted,,pending,not_run
cn263,lesson-builder__cn30_02,screened_not_accepted,,pending,not_run
cn263,lesson-builder__cn30_03,screened_not_accepted,,pending,not_run
cn263,lesson-builder__cn30_04,screened_not_accepted,,pending,not_run
cn263,lesson-builder__cn30_05,screened_not_accepted,,pending,not_run
cn263,lesson-builder__cn30_06,screened_not_accepted,,pending,not_run
cn263,lesson-builder__cn31_01,revised_candidate,"expected_output,rubric",pending,not_run
cn263,lesson-builder__cn31_02,revised_candidate,"expected_output,rubric",pending,not_run
cn263,lesson-builder__cn31_03,revised_candidate,"expected_output,rubric",pending,not_run
cn263,lesson-builder__cn31_04,revised_candidate,"expected_output,rubric",pending,not_run
cn263,lesson-builder__cn31_05,revised_candidate,"expected_output,rubric",pending,not_run
cn263,lesson-builder__cn31_06,revised_candidate,"expected_output,rubric",pending,not_run
cn263,lesson-builder__cn31_07,revised_candidate,"expected_output,rubric",pending,not_run
cn263,lesson-builder__cn31_08,revised_candidate,"expected_output,rubric",pending,not_run
cn263,self-efficacy-builder-sequence__cn35_01,screened_not_accepted,,pending,not_run
cn263,self-efficacy-builder-sequence__cn35_02,screened_not_accepted,,pending,not_run
cn263,self-efficacy-builder-sequence__cn35_03,screened_not_accepted,,pending,not_run
cn263,self-efficacy-builder-sequence__cn35_04,screened_not_accepted,,pending,not_run
cn263,self-efficacy-builder-sequence__cn35_05,screened_not_accepted,,pending,not_run
cn263,self-efficacy-builder-sequence__cn35_06,screened_not_accepted,,pending,not_run
cn263,project-brief-designer__cn43_01,screened_not_accepted,,pending,not_run
cn263,project-brief-designer__cn43_02,screened_not_accepted,,pending,not_run
cn263,project-brief-designer__cn43_03,screened_not_accepted,,pending,not_run
cn263,project-brief-designer__cn43_04,screened_not_accepted,,pending,not_run
cn263,project-brief-designer__cn43_05,screened_not_accepted,,pending,not_run
cn263,project-brief-designer__cn43_06,screened_not_accepted,,pending,not_run
cn263,lesson-builder__cn50_01,screened_not_accepted,,pending,not_run
cn263,lesson-builder__cn50_02,screened_not_accepted,,pending,not_run
cn263,lesson-builder__cn50_03,screened_not_accepted,,pending,not_run
cn263,lesson-builder__cn50_04,screened_not_accepted,,pending,not_run
cn263,lesson-builder__cn50_05,screened_not_accepted,,pending,not_run
cn263,lesson-builder__cn50_06,screened_not_accepted,,pending,not_run
cn263,lesson-builder__cn50_07,screened_not_accepted,,pending,not_run
cn263,lesson-builder__cn50_08,screened_not_accepted,,pending,not_run
cn263,lesson-builder__cn50_09,screened_not_accepted,,pending,not_run
cn263,lesson-builder__cn50_10,screened_not_accepted,,pending,not_run
cn263,lesson-builder__cn51_01,revised_candidate,"expected_output,rubric",pending,not_run
cn263,lesson-builder__cn51_02,revised_candidate,"expected_output,rubric",pending,not_run
cn263,lesson-builder__cn51_03,revised_candidate,"expected_output,rubric",pending,not_run
cn263,lesson-builder__cn51_04,revised_candidate,"expected_output,rubric",pending,not_run
cn263,lesson-builder__cn51_05,revised_candidate,"expected_output,rubric",pending,not_run
cn263,lesson-builder__cn51_06,revised_candidate,"expected_output,rubric",pending,not_run
cn263,lesson-builder__cn51_07,revised_candidate,"expected_output,rubric",pending,not_run
cn263,lesson-builder__cn51_08,revised_candidate,"expected_output,rubric",pending,not_run
cn263,lesson-builder__cn51_09,revised_candidate,"expected_output,rubric",pending,not_run
cn263,lesson-builder__cn51_10,revised_candidate,"expected_output,rubric",pending,not_run
cn263,project-brief-designer__cn52_01,screened_not_accepted,,pending,not_run
cn263,project-brief-designer__cn52_02,screened_not_accepted,,pending,not_run
cn263,project-brief-designer__cn52_03,screened_not_accepted,,pending,not_run
cn263,project-brief-designer__cn52_04,screened_not_accepted,,pending,not_run
cn263,project-brief-designer__cn52_05,screened_not_accepted,,pending,not_run
cn263,project-brief-designer__cn52_06,screened_not_accepted,,pending,not_run
cn263,project-brief-designer__cn52_07,screened_not_accepted,,pending,not_run
cn263,project-brief-designer__cn52_08,screened_not_accepted,,pending,not_run
cn263,project-brief-designer__cn52_09,screened_not_accepted,,pending,not_run
cn263,project-brief-designer__cn52_10,screened_not_accepted,,pending,not_run
cn263,adaptive-hint-sequence-designer__cn53_01,screened_not_accepted,,pending,not_run
cn263,adaptive-hint-sequence-designer__cn53_02,screened_not_accepted,,pending,not_run
cn263,adaptive-hint-sequence-designer__cn53_03,screened_not_accepted,,pending,not_run
cn263,adaptive-hint-sequence-designer__cn53_04,screened_not_accepted,,pending,not_run
cn263,adaptive-hint-sequence-designer__cn53_05,screened_not_accepted,,pending,not_run
cn263,adaptive-hint-sequence-designer__cn53_06,screened_not_accepted,,pending,not_run
cn263,adaptive-hint-sequence-designer__cn53_07,screened_not_accepted,,pending,not_run
cn263,adaptive-hint-sequence-designer__cn53_08,screened_not_accepted,,pending,not_run
cn263,adaptive-hint-sequence-designer__cn53_09,screened_not_accepted,,pending,not_run
cn263,adaptive-hint-sequence-designer__cn53_10,screened_not_accepted,,pending,not_run
cn263,backwards-design-unit-planner__cn54_01,screened_not_accepted,,pending,not_run
cn263,backwards-design-unit-planner__cn54_02,screened_not_accepted,,pending,not_run
cn263,backwards-design-unit-planner__cn54_03,screened_not_accepted,,pending,not_run
cn263,backwards-design-unit-planner__cn54_04,screened_not_accepted,,pending,not_run
cn263,backwards-design-unit-planner__cn54_05,screened_not_accepted,,pending,not_run
cn263,backwards-design-unit-planner__cn54_06,screened_not_accepted,,pending,not_run
cn263,backwards-design-unit-planner__cn54_07,screened_not_accepted,,pending,not_run
cn263,backwards-design-unit-planner__cn54_08,screened_not_accepted,,pending,not_run
cn263,backwards-design-unit-planner__cn54_09,screened_not_accepted,,pending,not_run
cn263,backwards-design-unit-planner__cn54_10,screened_not_accepted,,pending,not_run
cn263,lesson-builder__cn55_01,screened_not_accepted,,pending,not_run
cn263,lesson-builder__cn55_02,screened_not_accepted,,pending,not_run
cn263,lesson-builder__cn55_03,screened_not_accepted,,pending,not_run
cn263,lesson-builder__cn55_04,screened_not_accepted,,pending,not_run
cn263,lesson-builder__cn55_05,screened_not_accepted,,pending,not_run
cn263,lesson-builder__cn55_06,screened_not_accepted,,pending,not_run
cn263,lesson-builder__cn55_07,screened_not_accepted,,pending,not_run
cn263,lesson-builder__cn55_08,screened_not_accepted,,pending,not_run
cn263,lesson-builder__cn55_09,screened_not_accepted,,pending,not_run
cn263,lesson-builder__cn55_10,screened_not_accepted,,pending,not_run
cn263,socratic-questioning-sequence-generator__cn56_01,screened_not_accepted,,pending,not_run
cn263,socratic-questioning-sequence-generator__cn56_02,screened_not_accepted,,pending,not_run
cn263,socratic-questioning-sequence-generator__cn56_03,screened_not_accepted,,pending,not_run
cn263,socratic-questioning-sequence-generator__cn56_04,screened_not_accepted,,pending,not_run
cn263,socratic-questioning-sequence-generator__cn56_05,screened_not_accepted,,pending,not_run
cn263,socratic-questioning-sequence-generator__cn56_06,screened_not_accepted,,pending,not_run
cn263,socratic-questioning-sequence-generator__cn56_07,screened_not_accepted,,pending,not_run
cn263,socratic-questioning-sequence-generator__cn56_08,screened_not_accepted,,pending,not_run
cn263,socratic-questioning-sequence-generator__cn56_09,screened_not_accepted,,pending,not_run
cn263,socratic-questioning-sequence-generator__cn56_10,screened_not_accepted,,pending,not_run
cn263,lesson-builder__cn57_01,screened_not_accepted,,pending,not_run
cn263,lesson-builder__cn57_02,screened_not_accepted,,pending,not_run
cn263,lesson-builder__cn57_03,screened_not_accepted,,pending,not_run
cn263,lesson-builder__cn57_04,screened_not_accepted,,pending,not_run
cn263,lesson-builder__cn57_05,screened_not_accepted,,pending,not_run
cn263,lesson-builder__cn57_06,screened_not_accepted,,pending,not_run
cn263,lesson-builder__cn57_07,screened_not_accepted,,pending,not_run
cn263,lesson-builder__cn57_08,screened_not_accepted,,pending,not_run
cn263,lesson-builder__cn57_09,screened_not_accepted,,pending,not_run
cn263,lesson-builder__cn57_10,screened_not_accepted,,pending,not_run
cn263,adaptive-hint-sequence-designer__cn59_01,revised_candidate,"expected_output,rubric",pending,not_run
cn263,adaptive-hint-sequence-designer__cn59_02,revised_candidate,"expected_output,rubric",pending,not_run
cn263,adaptive-hint-sequence-designer__cn59_03,revised_candidate,"expected_output,rubric",pending,not_run
cn263,adaptive-hint-sequence-designer__cn59_04,revised_candidate,"expected_output,rubric",pending,not_run
cn263,adaptive-hint-sequence-designer__cn59_05,revised_candidate,"expected_output,rubric",pending,not_run
cn263,adaptive-hint-sequence-designer__cn59_06,revised_candidate,"expected_output,rubric",pending,not_run
cn263,adaptive-hint-sequence-designer__cn59_07,revised_candidate,"expected_output,rubric",pending,not_run
cn263,adaptive-hint-sequence-designer__cn59_08,revised_candidate,"expected_output,rubric",pending,not_run
cn263,adaptive-hint-sequence-designer__cn59_09,revised_candidate,"expected_output,rubric",pending,not_run
cn263,adaptive-hint-sequence-designer__cn59_10,revised_candidate,"expected_output,rubric",pending,not_run
cn263,lesson-builder__cn60_01,screened_not_accepted,,pending,not_run
cn263,lesson-builder__cn60_02,screened_not_accepted,,pending,not_run
cn263,lesson-builder__cn60_03,screened_not_accepted,,pending,not_run
cn263,lesson-builder__cn60_04,screened_not_accepted,,pending,not_run
cn263,lesson-builder__cn60_05,screened_not_accepted,,pending,not_run
cn263,lesson-builder__cn60_06,screened_not_accepted,,pending,not_run
cn263,lesson-builder__cn60_07,screened_not_accepted,,pending,not_run
cn263,lesson-builder__cn60_08,screened_not_accepted,,pending,not_run
cn263,lesson-builder__cn60_09,screened_not_accepted,,pending,not_run
cn263,lesson-builder__cn60_10,screened_not_accepted,,pending,not_run
cn263,differentiation-adapter__cn62_01,revised_candidate,"user_prompt,expected_output,rubric",pending,not_run
cn263,differentiation-adapter__cn62_02,revised_candidate,"expected_output,rubric",pending,not_run
cn263,differentiation-adapter__cn62_03,revised_candidate,"expected_output,rubric",pending,not_run
cn263,differentiation-adapter__cn62_04,revised_candidate,"expected_output,rubric",pending,not_run
cn263,differentiation-adapter__cn62_05,revised_candidate,"expected_output,rubric",pending,not_run
cn263,differentiation-adapter__cn62_06,revised_candidate,"user_prompt,expected_output,rubric",pending,not_run
cn263,differentiation-adapter__cn62_07,revised_candidate,"user_prompt,expected_output,rubric",pending,not_run
cn263,differentiation-adapter__cn62_08,revised_candidate,"user_prompt,expected_output,rubric",pending,not_run
cn263,differentiation-adapter__cn62_09,revised_candidate,"user_prompt,expected_output,rubric",pending,not_run
cn263,differentiation-adapter__cn62_10,revised_candidate,"expected_output,rubric",pending,not_run
cn263,differentiation-adapter__cn63_01,revised_candidate,"expected_output,rubric",pending,not_run
cn263,differentiation-adapter__cn63_02,revised_candidate,"user_prompt,expected_output,rubric",pending,not_run
cn263,differentiation-adapter__cn63_03,revised_candidate,"user_prompt,expected_output,rubric",pending,not_run
cn263,differentiation-adapter__cn63_04,revised_candidate,"user_prompt,expected_output,rubric",pending,not_run
cn263,differentiation-adapter__cn63_05,revised_candidate,"user_prompt,expected_output,rubric",pending,not_run
cn263,differentiation-adapter__cn63_06,revised_candidate,"expected_output,rubric",pending,not_run
cn263,differentiation-adapter__cn63_07,revised_candidate,"user_prompt,expected_output,rubric",pending,not_run
cn263,differentiation-adapter__cn63_08,revised_candidate,"expected_output,rubric",pending,not_run
cn263,differentiation-adapter__cn63_09,revised_candidate,"expected_output,rubric",pending,not_run
cn263,differentiation-adapter__cn63_10,revised_candidate,"user_prompt,expected_output,rubric",pending,not_run
